site,region,component,era,method,stat,value,baseline,gcm_hist_mean
Anaktuvuk Pass,North Slope,freezing_index,2010-2039,current,min,3795.0,7477.433333333333,7210.059259259259
Anaktuvuk Pass,North Slope,freezing_index,2010-2039,current,mean,6532.555555555556,7477.433333333333,7210.059259259259
Anaktuvuk Pass,North Slope,freezing_index,2010-2039,current,max,9467.0,7477.433333333333,7210.059259259259
Anaktuvuk Pass,North Slope,freezing_index,2010-2039,delta,min,4077.366666666667,7477.433333333333,7210.059259259259
Anaktuvuk Pass,North Slope,freezing_index,2010-2039,delta,mean,6799.92962962963,7477.433333333333,7210.059259259259
Anaktuvuk Pass,North Slope,freezing_index,2010-2039,delta,max,9802.566666666666,7477.433333333333,7210.059259259259
Anaktuvuk Pass,North Slope,freezing_index,2010-2039,delta_mult_uncapped,min,3943.932810444193,7477.433333333333,7210.059259259259
Anaktuvuk Pass,North Slope,freezing_index,2010-2039,delta_mult_uncapped,mean,6774.769259170577,7477.433333333333,7210.059259259259
Anaktuvuk Pass,North Slope,freezing_index,2010-2039,delta_mult_uncapped,max,9922.083986388947,7477.433333333333,7210.059259259259
Anaktuvuk Pass,North Slope,freezing_index,2010-2039,delta_mult_cap3x,min,3943.932810444193,7477.433333333333,7210.059259259259
Anaktuvuk Pass,North Slope,freezing_index,2010-2039,delta_mult_cap3x,mean,6774.769259170577,7477.433333333333,7210.059259259259
Anaktuvuk Pass,North Slope,freezing_index,2010-2039,delta_mult_cap3x,max,9922.083986388947,7477.433333333333,7210.059259259259
Anaktuvuk Pass,North Slope,freezing_index,2010-2039,delta_mult_cap2x,min,3943.932810444193,7477.433333333333,7210.059259259259
Anaktuvuk Pass,North Slope,freezing_index,2010-2039,delta_mult_cap2x,mean,6774.769259170577,7477.433333333333,7210.059259259259
Anaktuvuk Pass,North Slope,freezing_index,2010-2039,delta_mult_cap2x,max,9922.083986388947,7477.433333333333,7210.059259259259
Anaktuvuk Pass,North Slope,freezing_index,2010-2039,delta_mult_cap1.5x,min,3943.932810444193,7477.433333333333,7210.059259259259
Anaktuvuk Pass,North Slope,freezing_index,2010-2039,delta_mult_cap1.5x,mean,6774.769259170577,7477.433333333333,7210.059259259259
Anaktuvuk Pass,North Slope,freezing_index,2010-2039,delta_mult_cap1.5x,max,9922.083986388947,7477.433333333333,7210.059259259259
Anaktuvuk Pass,North Slope,freezing_index,2040-2069,current,min,2665.0,7477.433333333333,7210.059259259259
Anaktuvuk Pass,North Slope,freezing_index,2040-2069,current,mean,5662.829629629629,7477.433333333333,7210.059259259259
Anaktuvuk Pass,North Slope,freezing_index,2040-2069,current,max,8767.0,7477.433333333333,7210.059259259259
Anaktuvuk Pass,North Slope,freezing_index,2040-2069,delta,min,2846.2666666666664,7477.433333333333,7210.059259259259
Anaktuvuk Pass,North Slope,freezing_index,2040-2069,delta,mean,5930.2037037037035,7477.433333333333,7210.059259259259
Anaktuvuk Pass,North Slope,freezing_index,2040-2069,delta,max,9256.733333333334,7477.433333333333,7210.059259259259
Anaktuvuk Pass,North Slope,freezing_index,2040-2069,delta_mult_uncapped,min,2731.209516412728,7477.433333333333,7210.059259259259
Anaktuvuk Pass,North Slope,freezing_index,2040-2069,delta_mult_uncapped,mean,5871.458032820268,7477.433333333333,7210.059259259259
Anaktuvuk Pass,North Slope,freezing_index,2040-2069,delta_mult_uncapped,max,9381.435670296856,7477.433333333333,7210.059259259259
Anaktuvuk Pass,North Slope,freezing_index,2040-2069,delta_mult_cap3x,min,2731.209516412728,7477.433333333333,7210.059259259259
Anaktuvuk Pass,North Slope,freezing_index,2040-2069,delta_mult_cap3x,mean,5871.458032820268,7477.433333333333,7210.059259259259
Anaktuvuk Pass,North Slope,freezing_index,2040-2069,delta_mult_cap3x,max,9381.435670296856,7477.433333333333,7210.059259259259
Anaktuvuk Pass,North Slope,freezing_index,2040-2069,delta_mult_cap2x,min,2731.209516412728,7477.433333333333,7210.059259259259
Anaktuvuk Pass,North Slope,freezing_index,2040-2069,delta_mult_cap2x,mean,5871.458032820268,7477.433333333333,7210.059259259259
Anaktuvuk Pass,North Slope,freezing_index,2040-2069,delta_mult_cap2x,max,9381.435670296856,7477.433333333333,7210.059259259259
Anaktuvuk Pass,North Slope,freezing_index,2040-2069,delta_mult_cap1.5x,min,2731.209516412728,7477.433333333333,7210.059259259259
Anaktuvuk Pass,North Slope,freezing_index,2040-2069,delta_mult_cap1.5x,mean,5871.458032820268,7477.433333333333,7210.059259259259
Anaktuvuk Pass,North Slope,freezing_index,2040-2069,delta_mult_cap1.5x,max,9381.435670296856,7477.433333333333,7210.059259259259
Anaktuvuk Pass,North Slope,freezing_index,2070-2099,current,min,1774.0,7477.433333333333,7210.059259259259
Anaktuvuk Pass,North Slope,freezing_index,2070-2099,current,mean,4915.227777777778,7477.433333333333,7210.059259259259
Anaktuvuk Pass,North Slope,freezing_index,2070-2099,current,max,8053.0,7477.433333333333,7210.059259259259
Anaktuvuk Pass,North Slope,freezing_index,2070-2099,delta,min,2056.366666666667,7477.433333333333,7210.059259259259
Anaktuvuk Pass,North Slope,freezing_index,2070-2099,delta,mean,5182.601851851852,7477.433333333333,7210.059259259259
Anaktuvuk Pass,North Slope,freezing_index,2070-2099,delta,max,8542.733333333334,7477.433333333333,7210.059259259259
Anaktuvuk Pass,North Slope,freezing_index,2070-2099,delta_mult_uncapped,min,1843.6197116542817,7477.433333333333,7210.059259259259
Anaktuvuk Pass,North Slope,freezing_index,2070-2099,delta_mult_uncapped,mean,5094.291085324764,7477.433333333333,7210.059259259259
Anaktuvuk Pass,North Slope,freezing_index,2070-2099,delta_mult_uncapped,max,8617.394941587838,7477.433333333333,7210.059259259259
Anaktuvuk Pass,North Slope,freezing_index,2070-2099,delta_mult_cap3x,min,1843.6197116542817,7477.433333333333,7210.059259259259
Anaktuvuk Pass,North Slope,freezing_index,2070-2099,delta_mult_cap3x,mean,5094.291085324764,7477.433333333333,7210.059259259259
Anaktuvuk Pass,North Slope,freezing_index,2070-2099,delta_mult_cap3x,max,8617.394941587838,7477.433333333333,7210.059259259259
Anaktuvuk Pass,North Slope,freezing_index,2070-2099,delta_mult_cap2x,min,1843.6197116542817,7477.433333333333,7210.059259259259
Anaktuvuk Pass,North Slope,freezing_index,2070-2099,delta_mult_cap2x,mean,5094.291085324764,7477.433333333333,7210.059259259259
Anaktuvuk Pass,North Slope,freezing_index,2070-2099,delta_mult_cap2x,max,8617.394941587838,7477.433333333333,7210.059259259259
Anaktuvuk Pass,North Slope,freezing_index,2070-2099,delta_mult_cap1.5x,min,1843.6197116542817,7477.433333333333,7210.059259259259
Anaktuvuk Pass,North Slope,freezing_index,2070-2099,delta_mult_cap1.5x,mean,5094.291085324764,7477.433333333333,7210.059259259259
Anaktuvuk Pass,North Slope,freezing_index,2070-2099,delta_mult_cap1.5x,max,8617.394941587838,7477.433333333333,7210.059259259259
Anaktuvuk Pass,North Slope,thawing_index,2010-2039,current,min,1151.0,1864.9333333333334,1901.1203703703707
Anaktuvuk Pass,North Slope,thawing_index,2010-2039,current,mean,2119.9685185185185,1864.9333333333334,1901.1203703703707
Anaktuvuk Pass,North Slope,thawing_index,2010-2039,current,max,3298.0,1864.9333333333334,1901.1203703703707
Anaktuvuk Pass,North Slope,thawing_index,2010-2039,delta,min,1071.1333333333334,1864.9333333333334,1901.1203703703707
Anaktuvuk Pass,North Slope,thawing_index,2010-2039,delta,mean,2083.7814814814815,1864.9333333333334,1901.1203703703707
Anaktuvuk Pass,North Slope,thawing_index,2010-2039,delta,max,3308.6000000000004,1864.9333333333334,1901.1203703703707
Anaktuvuk Pass,North Slope,thawing_index,2010-2039,delta_mult_uncapped,min,1107.6261510128913,1864.9333333333334,1901.1203703703707
Anaktuvuk Pass,North Slope,thawing_index,2010-2039,delta_mult_uncapped,mean,2080.7556906984755,1864.9333333333334,1901.1203703703707
Anaktuvuk Pass,North Slope,thawing_index,2010-2039,delta_mult_uncapped,max,3316.852489663851,1864.9333333333334,1901.1203703703707
Anaktuvuk Pass,North Slope,thawing_index,2010-2039,delta_mult_cap3x,min,1107.6261510128913,1864.9333333333334,1901.1203703703707
Anaktuvuk Pass,North Slope,thawing_index,2010-2039,delta_mult_cap3x,mean,2080.7556906984755,1864.9333333333334,1901.1203703703707
Anaktuvuk Pass,North Slope,thawing_index,2010-2039,delta_mult_cap3x,max,3316.852489663851,1864.9333333333334,1901.1203703703707
Anaktuvuk Pass,North Slope,thawing_index,2010-2039,delta_mult_cap2x,min,1107.6261510128913,1864.9333333333334,1901.1203703703707
Anaktuvuk Pass,North Slope,thawing_index,2010-2039,delta_mult_cap2x,mean,2080.7556906984755,1864.9333333333334,1901.1203703703707
Anaktuvuk Pass,North Slope,thawing_index,2010-2039,delta_mult_cap2x,max,3316.852489663851,1864.9333333333334,1901.1203703703707
Anaktuvuk Pass,North Slope,thawing_index,2010-2039,delta_mult_cap1.5x,min,1107.6261510128913,1864.9333333333334,1901.1203703703707
Anaktuvuk Pass,North Slope,thawing_index,2010-2039,delta_mult_cap1.5x,mean,2073.4347424382327,1864.9333333333334,1901.1203703703707
Anaktuvuk Pass,North Slope,thawing_index,2010-2039,delta_mult_cap1.5x,max,2797.4,1864.9333333333334,1901.1203703703707
Anaktuvuk Pass,North Slope,thawing_index,2040-2069,current,min,1298.0,1864.9333333333334,1901.1203703703707
Anaktuvuk Pass,North Slope,thawing_index,2040-2069,current,mean,2411.7574074074073,1864.9333333333334,1901.1203703703707
Anaktuvuk Pass,North Slope,thawing_index,2040-2069,current,max,4128.0,1864.9333333333334,1901.1203703703707
Anaktuvuk Pass,North Slope,thawing_index,2040-2069,delta,min,1231.3,1864.9333333333334,1901.1203703703707
Anaktuvuk Pass,North Slope,thawing_index,2040-2069,delta,mean,2375.5703703703703,1864.9333333333334,1901.1203703703707
Anaktuvuk Pass,North Slope,thawing_index,2040-2069,delta,max,4024.633333333333,1864.9333333333334,1901.1203703703707
Anaktuvuk Pass,North Slope,thawing_index,2040-2069,delta_mult_uncapped,min,1253.1795889489033,1864.9333333333334,1901.1203703703707
Anaktuvuk Pass,North Slope,thawing_index,2040-2069,delta_mult_uncapped,mean,2366.7957738089895,1864.9333333333334,1901.1203703703707
Anaktuvuk Pass,North Slope,thawing_index,2040-2069,delta_mult_uncapped,max,3911.215160290606,1864.9333333333334,1901.1203703703707
Anaktuvuk Pass,North Slope,thawing_index,2040-2069,delta_mult_cap3x,min,1253.1795889489033,1864.9333333333334,1901.1203703703707
Anaktuvuk Pass,North Slope,thawing_index,2040-2069,delta_mult_cap3x,mean,2366.7957738089895,1864.9333333333334,1901.1203703703707
Anaktuvuk Pass,North Slope,thawing_index,2040-2069,delta_mult_cap3x,max,3911.215160290606,1864.9333333333334,1901.1203703703707
Anaktuvuk Pass,North Slope,thawing_index,2040-2069,delta_mult_cap2x,min,1253.1795889489033,1864.9333333333334,1901.1203703703707
Anaktuvuk Pass,North Slope,thawing_index,2040-2069,delta_mult_cap2x,mean,2366.3206279822025,1864.9333333333334,1901.1203703703707
Anaktuvuk Pass,North Slope,thawing_index,2040-2069,delta_mult_cap2x,max,3729.866666666667,1864.9333333333334,1901.1203703703707
Anaktuvuk Pass,North Slope,thawing_index,2040-2069,delta_mult_cap1.5x,min,1253.1795889489033,1864.9333333333334,1901.1203703703707
Anaktuvuk Pass,North Slope,thawing_index,2040-2069,delta_mult_cap1.5x,mean,2317.4238784838826,1864.9333333333334,1901.1203703703707
Anaktuvuk Pass,North Slope,thawing_index,2040-2069,delta_mult_cap1.5x,max,2797.4,1864.9333333333334,1901.1203703703707
Anaktuvuk Pass,North Slope,thawing_index,2070-2099,current,min,987.0,1864.9333333333334,1901.1203703703707
Anaktuvuk Pass,North Slope,thawing_index,2070-2099,current,mean,2751.751851851852,1864.9333333333334,1901.1203703703707
Anaktuvuk Pass,North Slope,thawing_index,2070-2099,current,max,4872.0,1864.9333333333334,1901.1203703703707
Anaktuvuk Pass,North Slope,thawing_index,2070-2099,delta,min,920.3,1864.9333333333334,1901.1203703703707
Anaktuvuk Pass,North Slope,thawing_index,2070-2099,delta,mean,2715.564814814815,1864.9333333333334,1901.1203703703707
Anaktuvuk Pass,North Slope,thawing_index,2070-2099,delta,max,4867.266666666666,1864.9333333333334,1901.1203703703707
Anaktuvuk Pass,North Slope,thawing_index,2070-2099,delta_mult_uncapped,min,952.9185318124557,1864.9333333333334,1901.1203703703707
Anaktuvuk Pass,North Slope,thawing_index,2070-2099,delta_mult_uncapped,mean,2698.6168890998747,1864.9333333333334,1901.1203703703707
Anaktuvuk Pass,North Slope,thawing_index,2070-2099,delta_mult_uncapped,max,4859.665822784809,1864.9333333333334,1901.1203703703707
Anaktuvuk Pass,North Slope,thawing_index,2070-2099,delta_mult_cap3x,min,952.9185318124557,1864.9333333333334,1901.1203703703707
Anaktuvuk Pass,North Slope,thawing_index,2070-2099,delta_mult_cap3x,mean,2698.6168890998747,1864.9333333333334,1901.1203703703707
Anaktuvuk Pass,North Slope,thawing_index,2070-2099,delta_mult_cap3x,max,4859.665822784809,1864.9333333333334,1901.1203703703707
Anaktuvuk Pass,North Slope,thawing_index,2070-2099,delta_mult_cap2x,min,952.9185318124557,1864.9333333333334,1901.1203703703707
Anaktuvuk Pass,North Slope,thawing_index,2070-2099,delta_mult_cap2x,mean,2679.20539696011,1864.9333333333334,1901.1203703703707
Anaktuvuk Pass,North Slope,thawing_index,2070-2099,delta_mult_cap2x,max,3729.866666666667,1864.9333333333334,1901.1203703703707
Anaktuvuk Pass,North Slope,thawing_index,2070-2099,delta_mult_cap1.5x,min,952.9185318124557,1864.9333333333334,1901.1203703703707
Anaktuvuk Pass,North Slope,thawing_index,2070-2099,delta_mult_cap1.5x,mean,2501.2644614547044,1864.9333333333334,1901.1203703703707
Anaktuvuk Pass,North Slope,thawing_index,2070-2099,delta_mult_cap1.5x,max,2797.4,1864.9333333333334,1901.1203703703707
Anaktuvuk Pass,North Slope,heating_degree_days,2010-2039,current,min,12813.0,17666.8,17364.396296296298
Anaktuvuk Pass,North Slope,heating_degree_days,2010-2039,current,mean,16470.074074074073,17666.8,17364.396296296298
Anaktuvuk Pass,North Slope,heating_degree_days,2010-2039,current,max,20101.0,17666.8,17364.396296296298
Anaktuvuk Pass,North Slope,heating_degree_days,2010-2039,delta,min,13197.166666666664,17666.8,17364.396296296298
Anaktuvuk Pass,North Slope,heating_degree_days,2010-2039,delta,mean,16772.477777777778,17666.8,17364.396296296298
Anaktuvuk Pass,North Slope,heating_degree_days,2010-2039,delta,max,20276.13333333333,17666.8,17364.396296296298
Anaktuvuk Pass,North Slope,heating_degree_days,2010-2039,delta_mult_uncapped,min,13097.813512215536,17666.8,17364.396296296298
Anaktuvuk Pass,North Slope,heating_degree_days,2010-2039,delta_mult_uncapped,mean,16757.408353229286,17666.8,17364.396296296298
Anaktuvuk Pass,North Slope,heating_degree_days,2010-2039,delta_mult_uncapped,max,20331.89434155104,17666.8,17364.396296296298
Anaktuvuk Pass,North Slope,heating_degree_days,2010-2039,delta_mult_cap3x,min,13097.813512215536,17666.8,17364.396296296298
Anaktuvuk Pass,North Slope,heating_degree_days,2010-2039,delta_mult_cap3x,mean,16757.408353229286,17666.8,17364.396296296298
Anaktuvuk Pass,North Slope,heating_degree_days,2010-2039,delta_mult_cap3x,max,20331.89434155104,17666.8,17364.396296296298
Anaktuvuk Pass,North Slope,heating_degree_days,2010-2039,delta_mult_cap2x,min,13097.813512215536,17666.8,17364.396296296298
Anaktuvuk Pass,North Slope,heating_degree_days,2010-2039,delta_mult_cap2x,mean,16757.408353229286,17666.8,17364.396296296298
Anaktuvuk Pass,North Slope,heating_degree_days,2010-2039,delta_mult_cap2x,max,20331.89434155104,17666.8,17364.396296296298
Anaktuvuk Pass,North Slope,heating_degree_days,2010-2039,delta_mult_cap1.5x,min,13097.813512215536,17666.8,17364.396296296298
Anaktuvuk Pass,North Slope,heating_degree_days,2010-2039,delta_mult_cap1.5x,mean,16757.408353229286,17666.8,17364.396296296298
Anaktuvuk Pass,North Slope,heating_degree_days,2010-2039,delta_mult_cap1.5x,max,20331.89434155104,17666.8,17364.396296296298
Anaktuvuk Pass,North Slope,heating_degree_days,2040-2069,current,min,11362.0,17666.8,17364.396296296298
Anaktuvuk Pass,North Slope,heating_degree_days,2040-2069,current,mean,15316.581481481482,17666.8,17364.396296296298
Anaktuvuk Pass,North Slope,heating_degree_days,2040-2069,current,max,19213.0,17666.8,17364.396296296298
Anaktuvuk Pass,North Slope,heating_degree_days,2040-2069,delta,min,11746.166666666664,17666.8,17364.396296296298
Anaktuvuk Pass,North Slope,heating_degree_days,2040-2069,delta,mean,15618.985185185185,17666.8,17364.396296296298
Anaktuvuk Pass,North Slope,heating_degree_days,2040-2069,delta,max,19768.033333333333,17666.8,17364.396296296298
Anaktuvuk Pass,North Slope,heating_degree_days,2040-2069,delta_mult_uncapped,min,11614.559987964796,17666.8,17364.396296296298
Anaktuvuk Pass,North Slope,heating_degree_days,2040-2069,delta_mult_uncapped,mean,15582.91950637525,17666.8,17364.396296296298
Anaktuvuk Pass,North Slope,heating_degree_days,2040-2069,delta_mult_uncapped,max,19836.188455117626,17666.8,17364.396296296298
Anaktuvuk Pass,North Slope,heating_degree_days,2040-2069,delta_mult_cap3x,min,11614.559987964796,17666.8,17364.396296296298
Anaktuvuk Pass,North Slope,heating_degree_days,2040-2069,delta_mult_cap3x,mean,15582.91950637525,17666.8,17364.396296296298
Anaktuvuk Pass,North Slope,heating_degree_days,2040-2069,delta_mult_cap3x,max,19836.188455117626,17666.8,17364.396296296298
Anaktuvuk Pass,North Slope,heating_degree_days,2040-2069,delta_mult_cap2x,min,11614.559987964796,17666.8,17364.396296296298
Anaktuvuk Pass,North Slope,heating_degree_days,2040-2069,delta_mult_cap2x,mean,15582.91950637525,17666.8,17364.396296296298
Anaktuvuk Pass,North Slope,heating_degree_days,2040-2069,delta_mult_cap2x,max,19836.188455117626,17666.8,17364.396296296298
Anaktuvuk Pass,North Slope,heating_degree_days,2040-2069,delta_mult_cap1.5x,min,11614.559987964796,17666.8,17364.396296296298
Anaktuvuk Pass,North Slope,heating_degree_days,2040-2069,delta_mult_cap1.5x,mean,15582.91950637525,17666.8,17364.396296296298
Anaktuvuk Pass,North Slope,heating_degree_days,2040-2069,delta_mult_cap1.5x,max,19836.188455117626,17666.8,17364.396296296298
Anaktuvuk Pass,North Slope,heating_degree_days,2070-2099,current,min,9545.0,17666.8,17364.396296296298
Anaktuvuk Pass,North Slope,heating_degree_days,2070-2099,current,mean,14246.905555555555,17666.8,17364.396296296298
Anaktuvuk Pass,North Slope,heating_degree_days,2070-2099,current,max,18548.0,17666.8,17364.396296296298
Anaktuvuk Pass,North Slope,heating_degree_days,2070-2099,delta,min,9929.166666666664,17666.8,17364.396296296298
Anaktuvuk Pass,North Slope,heating_degree_days,2070-2099,delta,mean,14549.309259259258,17666.8,17364.396296296298
Anaktuvuk Pass,North Slope,heating_degree_days,2070-2099,delta,max,19103.033333333333,17666.8,17364.396296296298
Anaktuvuk Pass,North Slope,heating_degree_days,2070-2099,delta_mult_uncapped,min,9757.170840091881,17666.8,17364.396296296298
Anaktuvuk Pass,North Slope,heating_degree_days,2070-2099,delta_mult_uncapped,mean,14492.90286666695,17666.8,17364.396296296298
Anaktuvuk Pass,North Slope,heating_degree_days,2070-2099,delta_mult_uncapped,max,19149.61866785623,17666.8,17364.396296296298
Anaktuvuk Pass,North Slope,heating_degree_days,2070-2099,delta_mult_cap3x,min,9757.170840091881,17666.8,17364.396296296298
Anaktuvuk Pass,North Slope,heating_degree_days,2070-2099,delta_mult_cap3x,mean,14492.90286666695,17666.8,17364.396296296298
Anaktuvuk Pass,North Slope,heating_degree_days,2070-2099,delta_mult_cap3x,max,19149.61866785623,17666.8,17364.396296296298
Anaktuvuk Pass,North Slope,heating_degree_days,2070-2099,delta_mult_cap2x,min,9757.170840091881,17666.8,17364.396296296298
Anaktuvuk Pass,North Slope,heating_degree_days,2070-2099,delta_mult_cap2x,mean,14492.90286666695,17666.8,17364.396296296298
Anaktuvuk Pass,North Slope,heating_degree_days,2070-2099,delta_mult_cap2x,max,19149.61866785623,17666.8,17364.396296296298
Anaktuvuk Pass,North Slope,heating_degree_days,2070-2099,delta_mult_cap1.5x,min,9757.170840091881,17666.8,17364.396296296298
Anaktuvuk Pass,North Slope,heating_degree_days,2070-2099,delta_mult_cap1.5x,mean,14492.90286666695,17666.8,17364.396296296298
Anaktuvuk Pass,North Slope,heating_degree_days,2070-2099,delta_mult_cap1.5x,max,19149.61866785623,17666.8,17364.396296296298
Anchorage,Southcentral,freezing_index,2010-2039,current,min,367.0,1910.5,1838.9574074074076
Anchorage,Southcentral,freezing_index,2010-2039,current,mean,1484.9185185185186,1910.5,1838.9574074074076
Anchorage,Southcentral,freezing_index,2010-2039,current,max,3371.0,1910.5,1838.9574074074076
Anchorage,Southcentral,freezing_index,2010-2039,delta,min,403.73333333333335,1910.5,1838.9574074074076
Anchorage,Southcentral,freezing_index,2010-2039,delta,mean,1556.4611111111112,1910.5,1838.9574074074076
Anchorage,Southcentral,freezing_index,2010-2039,delta,max,3465.0666666666666,1910.5,1838.9574074074076
Anchorage,Southcentral,freezing_index,2010-2039,delta_mult_uncapped,min,374.19467027200113,1910.5,1838.9574074074076
Anchorage,Southcentral,freezing_index,2010-2039,delta_mult_uncapped,mean,1543.8666826694734,1910.5,1838.9574074074076
Anchorage,Southcentral,freezing_index,2010-2039,delta_mult_uncapped,max,3545.5721835832123,1910.5,1838.9574074074076
Anchorage,Southcentral,freezing_index,2010-2039,delta_mult_cap3x,min,374.19467027200113,1910.5,1838.9574074074076
Anchorage,Southcentral,freezing_index,2010-2039,delta_mult_cap3x,mean,1543.8666826694734,1910.5,1838.9574074074076
Anchorage,Southcentral,freezing_index,2010-2039,delta_mult_cap3x,max,3545.5721835832123,1910.5,1838.9574074074076
Anchorage,Southcentral,freezing_index,2010-2039,delta_mult_cap2x,min,374.19467027200113,1910.5,1838.9574074074076
Anchorage,Southcentral,freezing_index,2010-2039,delta_mult_cap2x,mean,1543.8666826694734,1910.5,1838.9574074074076
Anchorage,Southcentral,freezing_index,2010-2039,delta_mult_cap2x,max,3545.5721835832123,1910.5,1838.9574074074076
Anchorage,Southcentral,freezing_index,2010-2039,delta_mult_cap1.5x,min,374.19467027200113,1910.5,1838.9574074074076
Anchorage,Southcentral,freezing_index,2010-2039,delta_mult_cap1.5x,mean,1540.5926148569858,1910.5,1838.9574074074076
Anchorage,Southcentral,freezing_index,2010-2039,delta_mult_cap1.5x,max,2865.75,1910.5,1838.9574074074076
Anchorage,Southcentral,freezing_index,2040-2069,current,min,107.0,1910.5,1838.9574074074076
Anchorage,Southcentral,freezing_index,2040-2069,current,mean,1103.2259259259258,1910.5,1838.9574074074076
Anchorage,Southcentral,freezing_index,2040-2069,current,max,3035.0,1910.5,1838.9574074074076
Anchorage,Southcentral,freezing_index,2040-2069,delta,min,143.73333333333335,1910.5,1838.9574074074076
Anchorage,Southcentral,freezing_index,2040-2069,delta,mean,1174.7685185185187,1910.5,1838.9574074074076
Anchorage,Southcentral,freezing_index,2040-2069,delta,max,3087.9666666666667,1910.5,1838.9574074074076
Anchorage,Southcentral,freezing_index,2040-2069,delta_mult_uncapped,min,109.09762866240905,1910.5,1838.9574074074076
Anchorage,Southcentral,freezing_index,2040-2069,delta_mult_uncapped,mean,1146.1033366012753,1910.5,1838.9574074074076
Anchorage,Southcentral,freezing_index,2040-2069,delta_mult_uncapped,max,3121.5415604924096,1910.5,1838.9574074074076
Anchorage,Southcentral,freezing_index,2040-2069,delta_mult_cap3x,min,109.09762866240905,1910.5,1838.9574074074076
Anchorage,Southcentral,freezing_index,2040-2069,delta_mult_cap3x,mean,1146.1033366012753,1910.5,1838.9574074074076
Anchorage,Southcentral,freezing_index,2040-2069,delta_mult_cap3x,max,3121.5415604924096,1910.5,1838.9574074074076
Anchorage,Southcentral,freezing_index,2040-2069,delta_mult_cap2x,min,109.09762866240905,1910.5,1838.9574074074076
Anchorage,Southcentral,freezing_index,2040-2069,delta_mult_cap2x,mean,1146.1033366012753,1910.5,1838.9574074074076
Anchorage,Southcentral,freezing_index,2040-2069,delta_mult_cap2x,max,3121.5415604924096,1910.5,1838.9574074074076
Anchorage,Southcentral,freezing_index,2040-2069,delta_mult_cap1.5x,min,109.09762866240905,1910.5,1838.9574074074076
Anchorage,Southcentral,freezing_index,2040-2069,delta_mult_cap1.5x,mean,1145.6296485262897,1910.5,1838.9574074074076
Anchorage,Southcentral,freezing_index,2040-2069,delta_mult_cap1.5x,max,2865.75,1910.5,1838.9574074074076
Anchorage,Southcentral,freezing_index,2070-2099,current,min,7.0,1910.5,1838.9574074074076
Anchorage,Southcentral,freezing_index,2070-2099,current,mean,841.6148148148148,1910.5,1838.9574074074076
Anchorage,Southcentral,freezing_index,2070-2099,current,max,2593.0,1910.5,1838.9574074074076
Anchorage,Southcentral,freezing_index,2070-2099,delta,min,43.73333333333335,1910.5,1838.9574074074076
Anchorage,Southcentral,freezing_index,2070-2099,delta,mean,913.1574074074074,1910.5,1838.9574074074076
Anchorage,Southcentral,freezing_index,2070-2099,delta,max,2752.3,1910.5,1838.9574074074076
Anchorage,Southcentral,freezing_index,2070-2099,delta_mult_uncapped,min,7.137228043335171,1910.5,1838.9574074074076
Anchorage,Southcentral,freezing_index,2070-2099,delta_mult_uncapped,mean,873.9762925623164,1910.5,1838.9574074074076
Anchorage,Southcentral,freezing_index,2070-2099,delta_mult_uncapped,max,2828.875342622202,1910.5,1838.9574074074076
Anchorage,Southcentral,freezing_index,2070-2099,delta_mult_cap3x,min,7.137228043335171,1910.5,1838.9574074074076
Anchorage,Southcentral,freezing_index,2070-2099,delta_mult_cap3x,mean,873.9762925623164,1910.5,1838.9574074074076
Anchorage,Southcentral,freezing_index,2070-2099,delta_mult_cap3x,max,2828.875342622202,1910.5,1838.9574074074076
Anchorage,Southcentral,freezing_index,2070-2099,delta_mult_cap2x,min,7.137228043335171,1910.5,1838.9574074074076
Anchorage,Southcentral,freezing_index,2070-2099,delta_mult_cap2x,mean,873.9762925623164,1910.5,1838.9574074074076
Anchorage,Southcentral,freezing_index,2070-2099,delta_mult_cap2x,max,2828.875342622202,1910.5,1838.9574074074076
Anchorage,Southcentral,freezing_index,2070-2099,delta_mult_cap1.5x,min,7.137228043335171,1910.5,1838.9574074074076
Anchorage,Southcentral,freezing_index,2070-2099,delta_mult_cap1.5x,mean,873.9762925623164,1910.5,1838.9574074074076
Anchorage,Southcentral,freezing_index,2070-2099,delta_mult_cap1.5x,max,2828.875342622202,1910.5,1838.9574074074076
Anchorage,Southcentral,thawing_index,2010-2039,current,min,2634.0,3654.633333333333,3717.0944444444444
Anchorage,Southcentral,thawing_index,2010-2039,current,mean,4179.787037037037,3654.633333333333,3717.0944444444444
Anchorage,Southcentral,thawing_index,2010-2039,current,max,5843.0,3654.633333333333,3717.0944444444444
Anchorage,Southcentral,thawing_index,2010-2039,delta,min,2651.2999999999997,3654.633333333333,3717.0944444444444
Anchorage,Southcentral,thawing_index,2010-2039,delta,mean,4117.325925925926,3654.633333333333,3717.0944444444444
Anchorage,Southcentral,thawing_index,2010-2039,delta,max,5721.166666666666,3654.633333333333,3717.0944444444444
Anchorage,Southcentral,thawing_index,2010-2039,delta_mult_uncapped,min,2646.5279142228737,3654.633333333333,3717.0944444444444
Anchorage,Southcentral,thawing_index,2010-2039,delta_mult_uncapped,mean,4109.592798493932,3654.633333333333,3717.0944444444444
Anchorage,Southcentral,thawing_index,2010-2039,delta_mult_uncapped,max,5654.497828658181,3654.633333333333,3717.0944444444444
Anchorage,Southcentral,thawing_index,2010-2039,delta_mult_cap3x,min,2646.5279142228737,3654.633333333333,3717.0944444444444
Anchorage,Southcentral,thawing_index,2010-2039,delta_mult_cap3x,mean,4109.592798493932,3654.633333333333,3717.0944444444444
Anchorage,Southcentral,thawing_index,2010-2039,delta_mult_cap3x,max,5654.497828658181,3654.633333333333,3717.0944444444444
Anchorage,Southcentral,thawing_index,2010-2039,delta_mult_cap2x,min,2646.5279142228737,3654.633333333333,3717.0944444444444
Anchorage,Southcentral,thawing_index,2010-2039,delta_mult_cap2x,mean,4109.592798493932,3654.633333333333,3717.0944444444444
Anchorage,Southcentral,thawing_index,2010-2039,delta_mult_cap2x,max,5654.497828658181,3654.633333333333,3717.0944444444444
Anchorage,Southcentral,thawing_index,2010-2039,delta_mult_cap1.5x,min,2646.5279142228737,3654.633333333333,3717.0944444444444
Anchorage,Southcentral,thawing_index,2010-2039,delta_mult_cap1.5x,mean,4108.986657145074,3654.633333333333,3717.0944444444444
Anchorage,Southcentral,thawing_index,2010-2039,delta_mult_cap1.5x,max,5481.95,3654.633333333333,3717.0944444444444
Anchorage,Southcentral,thawing_index,2040-2069,current,min,3330.0,3654.633333333333,3717.0944444444444
Anchorage,Southcentral,thawing_index,2040-2069,current,mean,4788.794444444445,3654.633333333333,3717.0944444444444
Anchorage,Southcentral,thawing_index,2040-2069,current,max,7748.0,3654.633333333333,3717.0944444444444
Anchorage,Southcentral,thawing_index,2040-2069,delta,min,3259.8666666666663,3654.633333333333,3717.0944444444444
Anchorage,Southcentral,thawing_index,2040-2069,delta,mean,4726.333333333333,3654.633333333333,3717.0944444444444
Anchorage,Southcentral,thawing_index,2040-2069,delta,max,7626.166666666666,3654.633333333333,3717.0944444444444
Anchorage,Southcentral,thawing_index,2040-2069,delta_mult_uncapped,min,3267.2996966252917,3654.633333333333,3717.0944444444444
Anchorage,Southcentral,thawing_index,2040-2069,delta_mult_uncapped,mean,4706.568243458363,3654.633333333333,3717.0944444444444
Anchorage,Southcentral,thawing_index,2040-2069,delta_mult_uncapped,max,7498.040249262979,3654.633333333333,3717.0944444444444
Anchorage,Southcentral,thawing_index,2040-2069,delta_mult_cap3x,min,3267.2996966252917,3654.633333333333,3717.0944444444444
Anchorage,Southcentral,thawing_index,2040-2069,delta_mult_cap3x,mean,4706.568243458363,3654.633333333333,3717.0944444444444
Anchorage,Southcentral,thawing_index,2040-2069,delta_mult_cap3x,max,7498.040249262979,3654.633333333333,3717.0944444444444
Anchorage,Southcentral,thawing_index,2040-2069,delta_mult_cap2x,min,3267.2996966252917,3654.633333333333,3717.0944444444444
Anchorage,Southcentral,thawing_index,2040-2069,delta_mult_cap2x,mean,4706.218662749851,3654.633333333333,3717.0944444444444
Anchorage,Southcentral,thawing_index,2040-2069,delta_mult_cap2x,max,7309.266666666666,3654.633333333333,3717.0944444444444
Anchorage,Southcentral,thawing_index,2040-2069,delta_mult_cap1.5x,min,3267.2996966252917,3654.633333333333,3717.0944444444444
Anchorage,Southcentral,thawing_index,2040-2069,delta_mult_cap1.5x,mean,4667.168691574796,3654.633333333333,3717.0944444444444
Anchorage,Southcentral,thawing_index,2040-2069,delta_mult_cap1.5x,max,5481.95,3654.633333333333,3717.0944444444444
Anchorage,Southcentral,thawing_index,2070-2099,current,min,3354.0,3654.633333333333,3717.0944444444444
Anchorage,Southcentral,thawing_index,2070-2099,current,mean,5425.233333333334,3654.633333333333,3717.0944444444444
Anchorage,Southcentral,thawing_index,2070-2099,current,max,8920.0,3654.633333333333,3717.0944444444444
Anchorage,Southcentral,thawing_index,2070-2099,delta,min,3283.8666666666663,3654.633333333333,3717.0944444444444
Anchorage,Southcentral,thawing_index,2070-2099,delta,mean,5362.772222222222,3654.633333333333,3717.0944444444444
Anchorage,Southcentral,thawing_index,2070-2099,delta,max,8798.166666666666,3654.633333333333,3717.0944444444444
Anchorage,Southcentral,thawing_index,2070-2099,delta_mult_uncapped,min,3290.8478025469153,3654.633333333333,3717.0944444444444
Anchorage,Southcentral,thawing_index,2070-2099,delta_mult_uncapped,mean,5330.262957720666,3654.633333333333,3717.0944444444444
Anchorage,Southcentral,thawing_index,2070-2099,delta_mult_uncapped,max,8632.230126926404,3654.633333333333,3717.0944444444444
Anchorage,Southcentral,thawing_index,2070-2099,delta_mult_cap3x,min,3290.8478025469153,3654.633333333333,3717.0944444444444
Anchorage,Southcentral,thawing_index,2070-2099,delta_mult_cap3x,mean,5330.262957720666,3654.633333333333,3717.0944444444444
Anchorage,Southcentral,thawing_index,2070-2099,delta_mult_cap3x,max,8632.230126926404,3654.633333333333,3717.0944444444444
Anchorage,Southcentral,thawing_index,2070-2099,delta_mult_cap2x,min,3290.8478025469153,3654.633333333333,3717.0944444444444
Anchorage,Southcentral,thawing_index,2070-2099,delta_mult_cap2x,mean,5310.047490140363,3654.633333333333,3717.0944444444444
Anchorage,Southcentral,thawing_index,2070-2099,delta_mult_cap2x,max,7309.266666666666,3654.633333333333,3717.0944444444444
Anchorage,Southcentral,thawing_index,2070-2099,delta_mult_cap1.5x,min,3290.8478025469153,3654.633333333333,3717.0944444444444
Anchorage,Southcentral,thawing_index,2070-2099,delta_mult_cap1.5x,mean,5025.125653940665,3654.633333333333,3717.0944444444444
Anchorage,Southcentral,thawing_index,2070-2099,delta_mult_cap1.5x,max,5481.95,3654.633333333333,3717.0944444444444
Anchorage,Southcentral,heating_degree_days,2010-2039,current,min,6648.0,10313.3,10181.159259259259
Anchorage,Southcentral,heating_degree_days,2010-2039,current,mean,9372.387037037037,10313.3,10181.159259259259
Anchorage,Southcentral,heating_degree_days,2010-2039,current,max,12125.0,10313.3,10181.159259259259
Anchorage,Southcentral,heating_degree_days,2010-2039,delta,min,6803.066666666666,10313.3,10181.159259259259
Anchorage,Southcentral,heating_degree_days,2010-2039,delta,mean,9504.527777777776,10313.3,10181.159259259259
Anchorage,Southcentral,heating_degree_days,2010-2039,delta,max,12188.366666666667,10313.3,10181.159259259259
Anchorage,Southcentral,heating_degree_days,2010-2039,delta_mult_uncapped,min,6749.482528129891,10313.3,10181.159259259259
Anchorage,Southcentral,heating_degree_days,2010-2039,delta_mult_uncapped,mean,9494.510813103208,10313.3,10181.159259259259
Anchorage,Southcentral,heating_degree_days,2010-2039,delta_mult_uncapped,max,12199.958617617025,10313.3,10181.159259259259
Anchorage,Southcentral,heating_degree_days,2010-2039,delta_mult_cap3x,min,6749.482528129891,10313.3,10181.159259259259
Anchorage,Southcentral,heating_degree_days,2010-2039,delta_mult_cap3x,mean,9494.510813103208,10313.3,10181.159259259259
Anchorage,Southcentral,heating_degree_days,2010-2039,delta_mult_cap3x,max,12199.958617617025,10313.3,10181.159259259259
Anchorage,Southcentral,heating_degree_days,2010-2039,delta_mult_cap2x,min,6749.482528129891,10313.3,10181.159259259259
Anchorage,Southcentral,heating_degree_days,2010-2039,delta_mult_cap2x,mean,9494.510813103208,10313.3,10181.159259259259
Anchorage,Southcentral,heating_degree_days,2010-2039,delta_mult_cap2x,max,12199.958617617025,10313.3,10181.159259259259
Anchorage,Southcentral,heating_degree_days,2010-2039,delta_mult_cap1.5x,min,6749.482528129891,10313.3,10181.159259259259
Anchorage,Southcentral,heating_degree_days,2010-2039,delta_mult_cap1.5x,mean,9494.510813103208,10313.3,10181.159259259259
Anchorage,Southcentral,heating_degree_days,2010-2039,delta_mult_cap1.5x,max,12199.958617617025,10313.3,10181.159259259259
Anchorage,Southcentral,heating_degree_days,2040-2069,current,min,4702.0,10313.3,10181.159259259259
Anchorage,Southcentral,heating_degree_days,2040-2069,current,mean,8418.546296296296,10313.3,10181.159259259259
Anchorage,Southcentral,heating_degree_days,2040-2069,current,max,11310.0,10313.3,10181.159259259259
Anchorage,Southcentral,heating_degree_days,2040-2069,delta,min,4857.066666666666,10313.3,10181.159259259259
Anchorage,Southcentral,heating_degree_days,2040-2069,delta,mean,8550.687037037036,10313.3,10181.159259259259
Anchorage,Southcentral,heating_degree_days,2040-2069,delta,max,11540.099999999999,10313.3,10181.159259259259
Anchorage,Southcentral,heating_degree_days,2040-2069,delta_mult_uncapped,min,4773.77660157442,10313.3,10181.159259259259
Anchorage,Southcentral,heating_degree_days,2040-2069,delta_mult_uncapped,mean,8527.00282667212,10313.3,10181.159259259259
Anchorage,Southcentral,heating_degree_days,2040-2069,delta_mult_uncapped,max,11568.095743414786,10313.3,10181.159259259259
Anchorage,Southcentral,heating_degree_days,2040-2069,delta_mult_cap3x,min,4773.77660157442,10313.3,10181.159259259259
Anchorage,Southcentral,heating_degree_days,2040-2069,delta_mult_cap3x,mean,8527.00282667212,10313.3,10181.159259259259
Anchorage,Southcentral,heating_degree_days,2040-2069,delta_mult_cap3x,max,11568.095743414786,10313.3,10181.159259259259
Anchorage,Southcentral,heating_degree_days,2040-2069,delta_mult_cap2x,min,4773.77660157442,10313.3,10181.159259259259
Anchorage,Southcentral,heating_degree_days,2040-2069,delta_mult_cap2x,mean,8527.00282667212,10313.3,10181.159259259259
Anchorage,Southcentral,heating_degree_days,2040-2069,delta_mult_cap2x,max,11568.095743414786,10313.3,10181.159259259259
Anchorage,Southcentral,heating_degree_days,2040-2069,delta_mult_cap1.5x,min,4773.77660157442,10313.3,10181.159259259259
Anchorage,Southcentral,heating_degree_days,2040-2069,delta_mult_cap1.5x,mean,8527.00282667212,10313.3,10181.159259259259
Anchorage,Southcentral,heating_degree_days,2040-2069,delta_mult_cap1.5x,max,11568.095743414786,10313.3,10181.159259259259
Anchorage,Southcentral,heating_degree_days,2070-2099,current,min,3837.0,10313.3,10181.159259259259
Anchorage,Southcentral,heating_degree_days,2070-2099,current,mean,7591.72962962963,10313.3,10181.159259259259
Anchorage,Southcentral,heating_degree_days,2070-2099,current,max,10758.0,10313.3,10181.159259259259
Anchorage,Southcentral,heating_degree_days,2070-2099,delta,min,3992.0666666666657,10313.3,10181.159259259259
Anchorage,Southcentral,heating_degree_days,2070-2099,delta,mean,7723.870370370369,10313.3,10181.159259259259
Anchorage,Southcentral,heating_degree_days,2070-2099,delta,max,10988.099999999999,10313.3,10181.159259259259
Anchorage,Southcentral,heating_degree_days,2070-2099,delta_mult_uncapped,min,3895.572271425149,10313.3,10181.159259259259
Anchorage,Southcentral,heating_degree_days,2070-2099,delta_mult_uncapped,mean,7688.33211169931,10313.3,10181.159259259259
Anchorage,Southcentral,heating_degree_days,2070-2099,delta_mult_uncapped,max,11003.499028086319,10313.3,10181.159259259259
Anchorage,Southcentral,heating_degree_days,2070-2099,delta_mult_cap3x,min,3895.572271425149,10313.3,10181.159259259259
Anchorage,Southcentral,heating_degree_days,2070-2099,delta_mult_cap3x,mean,7688.33211169931,10313.3,10181.159259259259
Anchorage,Southcentral,heating_degree_days,2070-2099,delta_mult_cap3x,max,11003.499028086319,10313.3,10181.159259259259
Anchorage,Southcentral,heating_degree_days,2070-2099,delta_mult_cap2x,min,3895.572271425149,10313.3,10181.159259259259
Anchorage,Southcentral,heating_degree_days,2070-2099,delta_mult_cap2x,mean,7688.33211169931,10313.3,10181.159259259259
Anchorage,Southcentral,heating_degree_days,2070-2099,delta_mult_cap2x,max,11003.499028086319,10313.3,10181.159259259259
Anchorage,Southcentral,heating_degree_days,2070-2099,delta_mult_cap1.5x,min,3895.572271425149,10313.3,10181.159259259259
Anchorage,Southcentral,heating_degree_days,2070-2099,delta_mult_cap1.5x,mean,7688.33211169931,10313.3,10181.159259259259
Anchorage,Southcentral,heating_degree_days,2070-2099,delta_mult_cap1.5x,max,11003.499028086319,10313.3,10181.159259259259
Bethel,Southwest,freezing_index,2010-2039,current,min,758.0,3053.133333333333,2979.0425925925924
Bethel,Southwest,freezing_index,2010-2039,current,mean,2486.7203703703703,3053.133333333333,2979.0425925925924
Bethel,Southwest,freezing_index,2010-2039,current,max,5309.0,3053.133333333333,2979.0425925925924
Bethel,Southwest,freezing_index,2010-2039,delta,min,701.1666666666665,3053.133333333333,2979.0425925925924
Bethel,Southwest,freezing_index,2010-2039,delta,mean,2560.811111111111,3053.133333333333,2979.0425925925924
Bethel,Southwest,freezing_index,2010-2039,delta,max,5265.133333333333,3053.133333333333,2979.0425925925924
Bethel,Southwest,freezing_index,2010-2039,delta_mult_uncapped,min,744.1478686802645,3053.133333333333,2979.0425925925924
Bethel,Southwest,freezing_index,2010-2039,delta_mult_uncapped,mean,2545.8292948441494,3053.133333333333,2979.0425925925924
Bethel,Southwest,freezing_index,2010-2039,delta_mult_uncapped,max,5329.713582599031,3053.133333333333,2979.0425925925924
Bethel,Southwest,freezing_index,2010-2039,delta_mult_cap3x,min,744.1478686802645,3053.133333333333,2979.0425925925924
Bethel,Southwest,freezing_index,2010-2039,delta_mult_cap3x,mean,2545.8292948441494,3053.133333333333,2979.0425925925924
Bethel,Southwest,freezing_index,2010-2039,delta_mult_cap3x,max,5329.713582599031,3053.133333333333,2979.0425925925924
Bethel,Southwest,freezing_index,2010-2039,delta_mult_cap2x,min,744.1478686802645,3053.133333333333,2979.0425925925924
Bethel,Southwest,freezing_index,2010-2039,delta_mult_cap2x,mean,2545.8292948441494,3053.133333333333,2979.0425925925924
Bethel,Southwest,freezing_index,2010-2039,delta_mult_cap2x,max,5329.713582599031,3053.133333333333,2979.0425925925924
Bethel,Southwest,freezing_index,2010-2039,delta_mult_cap1.5x,min,744.1478686802645,3053.133333333333,2979.0425925925924
Bethel,Southwest,freezing_index,2010-2039,delta_mult_cap1.5x,mean,2540.4360753502833,3053.133333333333,2979.0425925925924
Bethel,Southwest,freezing_index,2010-2039,delta_mult_cap1.5x,max,4579.7,3053.133333333333,2979.0425925925924
Bethel,Southwest,freezing_index,2040-2069,current,min,321.0,3053.133333333333,2979.0425925925924
Bethel,Southwest,freezing_index,2040-2069,current,mean,1894.6777777777777,3053.133333333333,2979.0425925925924
Bethel,Southwest,freezing_index,2040-2069,current,max,4060.0,3053.133333333333,2979.0425925925924
Bethel,Southwest,freezing_index,2040-2069,delta,min,489.1666666666665,3053.133333333333,2979.0425925925924
Bethel,Southwest,freezing_index,2040-2069,delta,mean,1968.7685185185185,3053.133333333333,2979.0425925925924
Bethel,Southwest,freezing_index,2040-2069,delta,max,4282.533333333333,3053.133333333333,2979.0425925925924
Bethel,Southwest,freezing_index,2040-2069,delta_mult_uncapped,min,353.7043488721804,3053.133333333333,2979.0425925925924
Bethel,Southwest,freezing_index,2040-2069,delta_mult_uncapped,mean,1937.4926479986461,3053.133333333333,2979.0425925925924
Bethel,Southwest,freezing_index,2040-2069,delta_mult_uncapped,max,4379.185096210462,3053.133333333333,2979.0425925925924
Bethel,Southwest,freezing_index,2040-2069,delta_mult_cap3x,min,353.7043488721804,3053.133333333333,2979.0425925925924
Bethel,Southwest,freezing_index,2040-2069,delta_mult_cap3x,mean,1937.4926479986461,3053.133333333333,2979.0425925925924
Bethel,Southwest,freezing_index,2040-2069,delta_mult_cap3x,max,4379.185096210462,3053.133333333333,2979.0425925925924
Bethel,Southwest,freezing_index,2040-2069,delta_mult_cap2x,min,353.7043488721804,3053.133333333333,2979.0425925925924
Bethel,Southwest,freezing_index,2040-2069,delta_mult_cap2x,mean,1937.4926479986461,3053.133333333333,2979.0425925925924
Bethel,Southwest,freezing_index,2040-2069,delta_mult_cap2x,max,4379.185096210462,3053.133333333333,2979.0425925925924
Bethel,Southwest,freezing_index,2040-2069,delta_mult_cap1.5x,min,353.7043488721804,3053.133333333333,2979.0425925925924
Bethel,Southwest,freezing_index,2040-2069,delta_mult_cap1.5x,mean,1937.4926479986461,3053.133333333333,2979.0425925925924
Bethel,Southwest,freezing_index,2040-2069,delta_mult_cap1.5x,max,4379.185096210462,3053.133333333333,2979.0425925925924
Bethel,Southwest,freezing_index,2070-2099,current,min,129.0,3053.133333333333,2979.0425925925924
Bethel,Southwest,freezing_index,2070-2099,current,mean,1498.7037037037037,3053.133333333333,2979.0425925925924
Bethel,Southwest,freezing_index,2070-2099,current,max,4141.0,3053.133333333333,2979.0425925925924
Bethel,Southwest,freezing_index,2070-2099,delta,min,115.16666666666652,3053.133333333333,2979.0425925925924
Bethel,Southwest,freezing_index,2070-2099,delta,mean,1572.7944444444443,3053.133333333333,2979.0425925925924
Bethel,Southwest,freezing_index,2070-2099,delta,max,4363.533333333333,3053.133333333333,2979.0425925925924
Bethel,Southwest,freezing_index,2070-2099,delta_mult_uncapped,min,135.40092134213418,3053.133333333333,2979.0425925925924
Bethel,Southwest,freezing_index,2070-2099,delta_mult_uncapped,mean,1528.732531015947,3053.133333333333,2979.0425925925924
Bethel,Southwest,freezing_index,2070-2099,delta_mult_uncapped,max,4466.553074730917,3053.133333333333,2979.0425925925924
Bethel,Southwest,freezing_index,2070-2099,delta_mult_cap3x,min,135.40092134213418,3053.133333333333,2979.0425925925924
Bethel,Southwest,freezing_index,2070-2099,delta_mult_cap3x,mean,1528.732531015947,3053.133333333333,2979.0425925925924
Bethel,Southwest,freezing_index,2070-2099,delta_mult_cap3x,max,4466.553074730917,3053.133333333333,2979.0425925925924
Bethel,Southwest,freezing_index,2070-2099,delta_mult_cap2x,min,135.40092134213418,3053.133333333333,2979.0425925925924
Bethel,Southwest,freezing_index,2070-2099,delta_mult_cap2x,mean,1528.732531015947,3053.133333333333,2979.0425925925924
Bethel,Southwest,freezing_index,2070-2099,delta_mult_cap2x,max,4466.553074730917,3053.133333333333,2979.0425925925924
Bethel,Southwest,freezing_index,2070-2099,delta_mult_cap1.5x,min,135.40092134213418,3053.133333333333,2979.0425925925924
Bethel,Southwest,freezing_index,2070-2099,delta_mult_cap1.5x,mean,1528.732531015947,3053.133333333333,2979.0425925925924
Bethel,Southwest,freezing_index,2070-2099,delta_mult_cap1.5x,max,4466.553074730917,3053.133333333333,2979.0425925925924
Bethel,Southwest,thawing_index,2010-2039,current,min,1840.0,2896.4666666666667,2969.685185185185
Bethel,Southwest,thawing_index,2010-2039,current,mean,3354.5833333333335,2896.4666666666667,2969.685185185185
Bethel,Southwest,thawing_index,2010-2039,current,max,5231.0,2896.4666666666667,2969.685185185185
Bethel,Southwest,thawing_index,2010-2039,delta,min,1836.1333333333332,2896.4666666666667,2969.685185185185
Bethel,Southwest,thawing_index,2010-2039,delta,mean,3281.3648148148154,2896.4666666666667,2969.685185185185
Bethel,Southwest,thawing_index,2010-2039,delta,max,5118.966666666667,2896.4666666666667,2969.685185185185
Bethel,Southwest,thawing_index,2010-2039,delta_mult_uncapped,min,1837.5469486265945,2896.4666666666667,2969.685185185185
Bethel,Southwest,thawing_index,2010-2039,delta_mult_uncapped,mean,3271.5454206490404,2896.4666666666667,2969.685185185185
Bethel,Southwest,thawing_index,2010-2039,delta_mult_uncapped,max,5036.203135560357,2896.4666666666667,2969.685185185185
Bethel,Southwest,thawing_index,2010-2039,delta_mult_cap3x,min,1837.5469486265945,2896.4666666666667,2969.685185185185
Bethel,Southwest,thawing_index,2010-2039,delta_mult_cap3x,mean,3271.5454206490404,2896.4666666666667,2969.685185185185
Bethel,Southwest,thawing_index,2010-2039,delta_mult_cap3x,max,5036.203135560357,2896.4666666666667,2969.685185185185
Bethel,Southwest,thawing_index,2010-2039,delta_mult_cap2x,min,1837.5469486265945,2896.4666666666667,2969.685185185185
Bethel,Southwest,thawing_index,2010-2039,delta_mult_cap2x,mean,3271.5454206490404,2896.4666666666667,2969.685185185185
Bethel,Southwest,thawing_index,2010-2039,delta_mult_cap2x,max,5036.203135560357,2896.4666666666667,2969.685185185185
Bethel,Southwest,thawing_index,2010-2039,delta_mult_cap1.5x,min,1837.5469486265945,2896.4666666666667,2969.685185185185
Bethel,Southwest,thawing_index,2010-2039,delta_mult_cap1.5x,mean,3270.127130967746,2896.4666666666667,2969.685185185185
Bethel,Southwest,thawing_index,2010-2039,delta_mult_cap1.5x,max,4344.7,2896.4666666666667,2969.685185185185
Bethel,Southwest,thawing_index,2040-2069,current,min,2455.0,2896.4666666666667,2969.685185185185
Bethel,Southwest,thawing_index,2040-2069,current,mean,3891.1796296296297,2896.4666666666667,2969.685185185185
Bethel,Southwest,thawing_index,2040-2069,current,max,6363.0,2896.4666666666667,2969.685185185185
Bethel,Southwest,thawing_index,2040-2069,delta,min,2340.5333333333333,2896.4666666666667,2969.685185185185
Bethel,Southwest,thawing_index,2040-2069,delta,mean,3817.9611111111117,2896.4666666666667,2969.685185185185
Bethel,Southwest,thawing_index,2040-2069,delta,max,6250.966666666667,2896.4666666666667,2969.685185185185
Bethel,Southwest,thawing_index,2040-2069,delta_mult_uncapped,min,2361.66825347622,2896.4666666666667,2969.685185185185
Bethel,Southwest,thawing_index,2040-2069,delta_mult_uncapped,mean,3792.307789917432,2896.4666666666667,2969.685185185185
Bethel,Southwest,thawing_index,2040-2069,delta_mult_uncapped,max,6126.048662123982,2896.4666666666667,2969.685185185185
Bethel,Southwest,thawing_index,2040-2069,delta_mult_cap3x,min,2361.66825347622,2896.4666666666667,2969.685185185185
Bethel,Southwest,thawing_index,2040-2069,delta_mult_cap3x,mean,3792.307789917432,2896.4666666666667,2969.685185185185
Bethel,Southwest,thawing_index,2040-2069,delta_mult_cap3x,max,6126.048662123982,2896.4666666666667,2969.685185185185
Bethel,Southwest,thawing_index,2040-2069,delta_mult_cap2x,min,2361.66825347622,2896.4666666666667,2969.685185185185
Bethel,Southwest,thawing_index,2040-2069,delta_mult_cap2x,mean,3791.6797546093103,2896.4666666666667,2969.685185185185
Bethel,Southwest,thawing_index,2040-2069,delta_mult_cap2x,max,5792.933333333333,2896.4666666666667,2969.685185185185
Bethel,Southwest,thawing_index,2040-2069,delta_mult_cap1.5x,min,2361.66825347622,2896.4666666666667,2969.685185185185
Bethel,Southwest,thawing_index,2040-2069,delta_mult_cap1.5x,mean,3724.3219434728258,2896.4666666666667,2969.685185185185
Bethel,Southwest,thawing_index,2040-2069,delta_mult_cap1.5x,max,4344.7,2896.4666666666667,2969.685185185185
Bethel,Southwest,thawing_index,2070-2099,current,min,2451.0,2896.4666666666667,2969.685185185185
Bethel,Southwest,thawing_index,2070-2099,current,mean,4458.420370370371,2896.4666666666667,2969.685185185185
Bethel,Southwest,thawing_index,2070-2099,current,max,7536.0,2896.4666666666667,2969.685185185185
Bethel,Southwest,thawing_index,2070-2099,delta,min,2336.5333333333333,2896.4666666666667,2969.685185185185
Bethel,Southwest,thawing_index,2070-2099,delta,mean,4385.201851851852,2896.4666666666667,2969.685185185185
Bethel,Southwest,thawing_index,2070-2099,delta,max,7423.966666666667,2896.4666666666667,2969.685185185185
Bethel,Southwest,thawing_index,2070-2099,delta_mult_uncapped,min,2357.820321494996,2896.4666666666667,2969.685185185185
Bethel,Southwest,thawing_index,2070-2099,delta_mult_uncapped,mean,4342.324603297524,2896.4666666666667,2969.685185185185
Bethel,Southwest,thawing_index,2070-2099,delta_mult_uncapped,max,7255.367392388234,2896.4666666666667,2969.685185185185
Bethel,Southwest,thawing_index,2070-2099,delta_mult_cap3x,min,2357.820321494996,2896.4666666666667,2969.685185185185
Bethel,Southwest,thawing_index,2070-2099,delta_mult_cap3x,mean,4342.324603297524,2896.4666666666667,2969.685185185185
Bethel,Southwest,thawing_index,2070-2099,delta_mult_cap3x,max,7255.367392388234,2896.4666666666667,2969.685185185185
Bethel,Southwest,thawing_index,2070-2099,delta_mult_cap2x,min,2357.820321494996,2896.4666666666667,2969.685185185185
Bethel,Southwest,thawing_index,2070-2099,delta_mult_cap2x,mean,4305.143802903027,2896.4666666666667,2969.685185185185
Bethel,Southwest,thawing_index,2070-2099,delta_mult_cap2x,max,5792.933333333333,2896.4666666666667,2969.685185185185
Bethel,Southwest,thawing_index,2070-2099,delta_mult_cap1.5x,min,2357.820321494996,2896.4666666666667,2969.685185185185
Bethel,Southwest,thawing_index,2070-2099,delta_mult_cap1.5x,mean,4007.2389959579714,2896.4666666666667,2969.685185185185
Bethel,Southwest,thawing_index,2070-2099,delta_mult_cap1.5x,max,4344.7,2896.4666666666667,2969.685185185185
Bethel,Southwest,heating_degree_days,2010-2039,current,min,7590.0,12212.633333333333,12064.857407407406
Bethel,Southwest,heating_degree_days,2010-2039,current,mean,11189.172222222222,12212.633333333333,12064.857407407406
Bethel,Southwest,heating_degree_days,2010-2039,current,max,15346.0,12212.633333333333,12064.857407407406
Bethel,Southwest,heating_degree_days,2010-2039,delta,min,7644.066666666666,12212.633333333333,12064.857407407406
Bethel,Southwest,heating_degree_days,2010-2039,delta,mean,11336.948148148149,12212.633333333333,12064.857407407406
Bethel,Southwest,heating_degree_days,2010-2039,delta,max,15307.133333333333,12212.633333333333,12064.857407407406
Bethel,Southwest,heating_degree_days,2010-2039,delta_mult_uncapped,min,7623.751182293965,12212.633333333333,12064.857407407406
Bethel,Southwest,heating_degree_days,2010-2039,delta_mult_uncapped,mean,11325.322413717693,12212.633333333333,12064.857407407406
Bethel,Southwest,heating_degree_days,2010-2039,delta_mult_uncapped,max,15297.316339495843,12212.633333333333,12064.857407407406
Bethel,Southwest,heating_degree_days,2010-2039,delta_mult_cap3x,min,7623.751182293965,12212.633333333333,12064.857407407406
Bethel,Southwest,heating_degree_days,2010-2039,delta_mult_cap3x,mean,11325.322413717693,12212.633333333333,12064.857407407406
Bethel,Southwest,heating_degree_days,2010-2039,delta_mult_cap3x,max,15297.316339495843,12212.633333333333,12064.857407407406
Bethel,Southwest,heating_degree_days,2010-2039,delta_mult_cap2x,min,7623.751182293965,12212.633333333333,12064.857407407406
Bethel,Southwest,heating_degree_days,2010-2039,delta_mult_cap2x,mean,11325.322413717693,12212.633333333333,12064.857407407406
Bethel,Southwest,heating_degree_days,2010-2039,delta_mult_cap2x,max,15297.316339495843,12212.633333333333,12064.857407407406
Bethel,Southwest,heating_degree_days,2010-2039,delta_mult_cap1.5x,min,7623.751182293965,12212.633333333333,12064.857407407406
Bethel,Southwest,heating_degree_days,2010-2039,delta_mult_cap1.5x,mean,11325.322413717693,12212.633333333333,12064.857407407406
Bethel,Southwest,heating_degree_days,2010-2039,delta_mult_cap1.5x,max,15297.316339495843,12212.633333333333,12064.857407407406
Bethel,Southwest,heating_degree_days,2040-2069,current,min,6274.0,12212.633333333333,12064.857407407406
Bethel,Southwest,heating_degree_days,2040-2069,current,mean,10073.444444444445,12212.633333333333,12064.857407407406
Bethel,Southwest,heating_degree_days,2040-2069,current,max,13651.0,12212.633333333333,12064.857407407406
Bethel,Southwest,heating_degree_days,2040-2069,delta,min,6328.066666666666,12212.633333333333,12064.857407407406
Bethel,Southwest,heating_degree_days,2040-2069,delta,mean,10221.22037037037,12212.633333333333,12064.857407407406
Bethel,Southwest,heating_degree_days,2040-2069,delta,max,13988.166666666666,12212.633333333333,12064.857407407406
Bethel,Southwest,heating_degree_days,2040-2069,delta_mult_uncapped,min,6301.899198644577,12212.633333333333,12064.857407407406
Bethel,Southwest,heating_degree_days,2040-2069,delta_mult_uncapped,mean,10193.741398053675,12212.633333333333,12064.857407407406
Bethel,Southwest,heating_degree_days,2040-2069,delta_mult_uncapped,max,14038.577372397996,12212.633333333333,12064.857407407406
Bethel,Southwest,heating_degree_days,2040-2069,delta_mult_cap3x,min,6301.899198644577,12212.633333333333,12064.857407407406
Bethel,Southwest,heating_degree_days,2040-2069,delta_mult_cap3x,mean,10193.741398053675,12212.633333333333,12064.857407407406
Bethel,Southwest,heating_degree_days,2040-2069,delta_mult_cap3x,max,14038.577372397996,12212.633333333333,12064.857407407406
Bethel,Southwest,heating_degree_days,2040-2069,delta_mult_cap2x,min,6301.899198644577,12212.633333333333,12064.857407407406
Bethel,Southwest,heating_degree_days,2040-2069,delta_mult_cap2x,mean,10193.741398053675,12212.633333333333,12064.857407407406
Bethel,Southwest,heating_degree_days,2040-2069,delta_mult_cap2x,max,14038.577372397996,12212.633333333333,12064.857407407406
Bethel,Southwest,heating_degree_days,2040-2069,delta_mult_cap1.5x,min,6301.899198644577,12212.633333333333,12064.857407407406
Bethel,Southwest,heating_degree_days,2040-2069,delta_mult_cap1.5x,mean,10193.741398053675,12212.633333333333,12064.857407407406
Bethel,Southwest,heating_degree_days,2040-2069,delta_mult_cap1.5x,max,14038.577372397996,12212.633333333333,12064.857407407406
Bethel,Southwest,heating_degree_days,2070-2099,current,min,5035.0,12212.633333333333,12064.857407407406
Bethel,Southwest,heating_degree_days,2070-2099,current,mean,9138.93888888889,12212.633333333333,12064.857407407406
Bethel,Southwest,heating_degree_days,2070-2099,current,max,13113.0,12212.633333333333,12064.857407407406
Bethel,Southwest,heating_degree_days,2070-2099,delta,min,5089.066666666666,12212.633333333333,12064.857407407406
Bethel,Southwest,heating_degree_days,2070-2099,delta,mean,9286.714814814815,12212.633333333333,12064.857407407406
Bethel,Southwest,heating_degree_days,2070-2099,delta,max,13450.166666666666,12212.633333333333,12064.857407407406
Bethel,Southwest,heating_degree_days,2070-2099,delta_mult_uncapped,min,5057.389618293822,12212.633333333333,12064.857407407406
Bethel,Southwest,heating_degree_days,2070-2099,delta_mult_uncapped,mean,9245.145401644562,12212.633333333333,12064.857407407406
Bethel,Southwest,heating_degree_days,2070-2099,delta_mult_uncapped,max,13485.302548110389,12212.633333333333,12064.857407407406
Bethel,Southwest,heating_degree_days,2070-2099,delta_mult_cap3x,min,5057.389618293822,12212.633333333333,12064.857407407406
Bethel,Southwest,heating_degree_days,2070-2099,delta_mult_cap3x,mean,9245.145401644562,12212.633333333333,12064.857407407406
Bethel,Southwest,heating_degree_days,2070-2099,delta_mult_cap3x,max,13485.302548110389,12212.633333333333,12064.857407407406
Bethel,Southwest,heating_degree_days,2070-2099,delta_mult_cap2x,min,5057.389618293822,12212.633333333333,12064.857407407406
Bethel,Southwest,heating_degree_days,2070-2099,delta_mult_cap2x,mean,9245.145401644562,12212.633333333333,12064.857407407406
Bethel,Southwest,heating_degree_days,2070-2099,delta_mult_cap2x,max,13485.302548110389,12212.633333333333,12064.857407407406
Bethel,Southwest,heating_degree_days,2070-2099,delta_mult_cap1.5x,min,5057.389618293822,12212.633333333333,12064.857407407406
Bethel,Southwest,heating_degree_days,2070-2099,delta_mult_cap1.5x,mean,9245.145401644562,12212.633333333333,12064.857407407406
Bethel,Southwest,heating_degree_days,2070-2099,delta_mult_cap1.5x,max,13485.302548110389,12212.633333333333,12064.857407407406
Bettles,Interior,freezing_index,2010-2039,current,min,3201.0,6196.2,6047.0796296296285
Bettles,Interior,freezing_index,2010-2039,current,mean,5442.477777777778,6196.2,6047.0796296296285
Bettles,Interior,freezing_index,2010-2039,current,max,8197.0,6196.2,6047.0796296296285
Bettles,Interior,freezing_index,2010-2039,delta,min,3353.533333333333,6196.2,6047.0796296296285
Bettles,Interior,freezing_index,2010-2039,delta,mean,5591.5981481481485,6196.2,6047.0796296296285
Bettles,Interior,freezing_index,2010-2039,delta,max,8473.9,6196.2,6047.0796296296285
Bettles,Interior,freezing_index,2010-2039,delta_mult_uncapped,min,3281.7885720589043,6196.2,6047.0796296296285
Bettles,Interior,freezing_index,2010-2039,delta_mult_uncapped,mean,5577.086233923818,6196.2,6047.0796296296285
Bettles,Interior,freezing_index,2010-2039,delta_mult_uncapped,max,8580.448938219046,6196.2,6047.0796296296285
Bettles,Interior,freezing_index,2010-2039,delta_mult_cap3x,min,3281.7885720589043,6196.2,6047.0796296296285
Bettles,Interior,freezing_index,2010-2039,delta_mult_cap3x,mean,5577.086233923818,6196.2,6047.0796296296285
Bettles,Interior,freezing_index,2010-2039,delta_mult_cap3x,max,8580.448938219046,6196.2,6047.0796296296285
Bettles,Interior,freezing_index,2010-2039,delta_mult_cap2x,min,3281.7885720589043,6196.2,6047.0796296296285
Bettles,Interior,freezing_index,2010-2039,delta_mult_cap2x,mean,5577.086233923818,6196.2,6047.0796296296285
Bettles,Interior,freezing_index,2010-2039,delta_mult_cap2x,max,8580.448938219046,6196.2,6047.0796296296285
Bettles,Interior,freezing_index,2010-2039,delta_mult_cap1.5x,min,3281.7885720589043,6196.2,6047.0796296296285
Bettles,Interior,freezing_index,2010-2039,delta_mult_cap1.5x,mean,5577.086233923818,6196.2,6047.0796296296285
Bettles,Interior,freezing_index,2010-2039,delta_mult_cap1.5x,max,8580.448938219046,6196.2,6047.0796296296285
Bettles,Interior,freezing_index,2040-2069,current,min,2264.0,6196.2,6047.0796296296285
Bettles,Interior,freezing_index,2040-2069,current,mean,4690.314814814815,6196.2,6047.0796296296285
Bettles,Interior,freezing_index,2040-2069,current,max,7454.0,6196.2,6047.0796296296285
Bettles,Interior,freezing_index,2040-2069,delta,min,2318.833333333333,6196.2,6047.0796296296285
Bettles,Interior,freezing_index,2040-2069,delta,mean,4839.435185185185,6196.2,6047.0796296296285
Bettles,Interior,freezing_index,2040-2069,delta,max,7606.533333333333,6196.2,6047.0796296296285
Bettles,Interior,freezing_index,2040-2069,delta_mult_uncapped,min,2284.214175997742,6196.2,6047.0796296296285
Bettles,Interior,freezing_index,2040-2069,delta_mult_uncapped,mean,4805.963786282379,6196.2,6047.0796296296285
Bettles,Interior,freezing_index,2040-2069,delta_mult_uncapped,max,7642.128090011583,6196.2,6047.0796296296285
Bettles,Interior,freezing_index,2040-2069,delta_mult_cap3x,min,2284.214175997742,6196.2,6047.0796296296285
Bettles,Interior,freezing_index,2040-2069,delta_mult_cap3x,mean,4805.963786282379,6196.2,6047.0796296296285
Bettles,Interior,freezing_index,2040-2069,delta_mult_cap3x,max,7642.128090011583,6196.2,6047.0796296296285
Bettles,Interior,freezing_index,2040-2069,delta_mult_cap2x,min,2284.214175997742,6196.2,6047.0796296296285
Bettles,Interior,freezing_index,2040-2069,delta_mult_cap2x,mean,4805.963786282379,6196.2,6047.0796296296285
Bettles,Interior,freezing_index,2040-2069,delta_mult_cap2x,max,7642.128090011583,6196.2,6047.0796296296285
Bettles,Interior,freezing_index,2040-2069,delta_mult_cap1.5x,min,2284.214175997742,6196.2,6047.0796296296285
Bettles,Interior,freezing_index,2040-2069,delta_mult_cap1.5x,mean,4805.963786282379,6196.2,6047.0796296296285
Bettles,Interior,freezing_index,2040-2069,delta_mult_cap1.5x,max,7642.128090011583,6196.2,6047.0796296296285
Bettles,Interior,freezing_index,2070-2099,current,min,1514.0,6196.2,6047.0796296296285
Bettles,Interior,freezing_index,2070-2099,current,mean,4065.107407407407,6196.2,6047.0796296296285
Bettles,Interior,freezing_index,2070-2099,current,max,6723.0,6196.2,6047.0796296296285
Bettles,Interior,freezing_index,2070-2099,delta,min,1669.8000000000002,6196.2,6047.0796296296285
Bettles,Interior,freezing_index,2070-2099,delta,mean,4214.227777777778,6196.2,6047.0796296296285
Bettles,Interior,freezing_index,2070-2099,delta,max,7049.5,6196.2,6047.0796296296285
Bettles,Interior,freezing_index,2070-2099,delta_mult_uncapped,min,1553.0505926759818,6196.2,6047.0796296296285
Bettles,Interior,freezing_index,2070-2099,delta_mult_uncapped,mean,4164.426653978105,6196.2,6047.0796296296285
Bettles,Interior,freezing_index,2070-2099,delta_mult_uncapped,max,7096.9645126667465,6196.2,6047.0796296296285
Bettles,Interior,freezing_index,2070-2099,delta_mult_cap3x,min,1553.0505926759818,6196.2,6047.0796296296285
Bettles,Interior,freezing_index,2070-2099,delta_mult_cap3x,mean,4164.426653978105,6196.2,6047.0796296296285
Bettles,Interior,freezing_index,2070-2099,delta_mult_cap3x,max,7096.9645126667465,6196.2,6047.0796296296285
Bettles,Interior,freezing_index,2070-2099,delta_mult_cap2x,min,1553.0505926759818,6196.2,6047.0796296296285
Bettles,Interior,freezing_index,2070-2099,delta_mult_cap2x,mean,4164.426653978105,6196.2,6047.0796296296285
Bettles,Interior,freezing_index,2070-2099,delta_mult_cap2x,max,7096.9645126667465,6196.2,6047.0796296296285
Bettles,Interior,freezing_index,2070-2099,delta_mult_cap1.5x,min,1553.0505926759818,6196.2,6047.0796296296285
Bettles,Interior,freezing_index,2070-2099,delta_mult_cap1.5x,mean,4164.426653978105,6196.2,6047.0796296296285
Bettles,Interior,freezing_index,2070-2099,delta_mult_cap1.5x,max,7096.9645126667465,6196.2,6047.0796296296285
Bettles,Interior,thawing_index,2010-2039,current,min,2086.0,2787.733333333333,2828.2351851851854
Bettles,Interior,thawing_index,2010-2039,current,mean,3089.5481481481484,2787.733333333333,2828.2351851851854
Bettles,Interior,thawing_index,2010-2039,current,max,4237.0,2787.733333333333,2828.2351851851854
Bettles,Interior,thawing_index,2010-2039,delta,min,2049.4666666666662,2787.733333333333,2828.2351851851854
Bettles,Interior,thawing_index,2010-2039,delta,mean,3049.046296296296,2787.733333333333,2828.2351851851854
Bettles,Interior,thawing_index,2010-2039,delta,max,4217.4,2787.733333333333,2828.2351851851854
Bettles,Interior,thawing_index,2010-2039,delta_mult_uncapped,min,2059.0165234633173,2787.733333333333,2828.2351851851854
Bettles,Interior,thawing_index,2010-2039,delta_mult_uncapped,mean,3045.941799087824,2787.733333333333,2828.2351851851854
Bettles,Interior,thawing_index,2010-2039,delta_mult_uncapped,max,4207.418475421515,2787.733333333333,2828.2351851851854
Bettles,Interior,thawing_index,2010-2039,delta_mult_cap3x,min,2059.0165234633173,2787.733333333333,2828.2351851851854
Bettles,Interior,thawing_index,2010-2039,delta_mult_cap3x,mean,3045.941799087824,2787.733333333333,2828.2351851851854
Bettles,Interior,thawing_index,2010-2039,delta_mult_cap3x,max,4207.418475421515,2787.733333333333,2828.2351851851854
Bettles,Interior,thawing_index,2010-2039,delta_mult_cap2x,min,2059.0165234633173,2787.733333333333,2828.2351851851854
Bettles,Interior,thawing_index,2010-2039,delta_mult_cap2x,mean,3045.941799087824,2787.733333333333,2828.2351851851854
Bettles,Interior,thawing_index,2010-2039,delta_mult_cap2x,max,4207.418475421515,2787.733333333333,2828.2351851851854
Bettles,Interior,thawing_index,2010-2039,delta_mult_cap1.5x,min,2059.0165234633173,2787.733333333333,2828.2351851851854
Bettles,Interior,thawing_index,2010-2039,delta_mult_cap1.5x,mean,3045.8939870963027,2787.733333333333,2828.2351851851854
Bettles,Interior,thawing_index,2010-2039,delta_mult_cap1.5x,max,4181.599999999999,2787.733333333333,2828.2351851851854
Bettles,Interior,thawing_index,2040-2069,current,min,2290.0,2787.733333333333,2828.2351851851854
Bettles,Interior,thawing_index,2040-2069,current,mean,3432.2555555555555,2787.733333333333,2828.2351851851854
Bettles,Interior,thawing_index,2040-2069,current,max,5210.0,2787.733333333333,2828.2351851851854
Bettles,Interior,thawing_index,2040-2069,delta,min,2229.3999999999996,2787.733333333333,2828.2351851851854
Bettles,Interior,thawing_index,2040-2069,delta,mean,3391.753703703703,2787.733333333333,2828.2351851851854
Bettles,Interior,thawing_index,2040-2069,delta,max,5108.233333333334,2787.733333333333,2828.2351851851854
Bettles,Interior,thawing_index,2040-2069,delta_mult_uncapped,min,2241.2788765359855,2787.733333333333,2828.2351851851854
Bettles,Interior,thawing_index,2040-2069,delta_mult_uncapped,mean,3383.1430182802305,2787.733333333333,2828.2351851851854
Bettles,Interior,thawing_index,2040-2069,delta_mult_uncapped,max,5026.506546692045,2787.733333333333,2828.2351851851854
Bettles,Interior,thawing_index,2040-2069,delta_mult_cap3x,min,2241.2788765359855,2787.733333333333,2828.2351851851854
Bettles,Interior,thawing_index,2040-2069,delta_mult_cap3x,mean,3383.1430182802305,2787.733333333333,2828.2351851851854
Bettles,Interior,thawing_index,2040-2069,delta_mult_cap3x,max,5026.506546692045,2787.733333333333,2828.2351851851854
Bettles,Interior,thawing_index,2040-2069,delta_mult_cap2x,min,2241.2788765359855,2787.733333333333,2828.2351851851854
Bettles,Interior,thawing_index,2040-2069,delta_mult_cap2x,mean,3383.1430182802305,2787.733333333333,2828.2351851851854
Bettles,Interior,thawing_index,2040-2069,delta_mult_cap2x,max,5026.506546692045,2787.733333333333,2828.2351851851854
Bettles,Interior,thawing_index,2040-2069,delta_mult_cap1.5x,min,2241.2788765359855,2787.733333333333,2828.2351851851854
Bettles,Interior,thawing_index,2040-2069,delta_mult_cap1.5x,mean,3373.795564079213,2787.733333333333,2828.2351851851854
Bettles,Interior,thawing_index,2040-2069,delta_mult_cap1.5x,max,4181.599999999999,2787.733333333333,2828.2351851851854
Bettles,Interior,thawing_index,2070-2099,current,min,2132.0,2787.733333333333,2828.2351851851854
Bettles,Interior,thawing_index,2070-2099,current,mean,3821.9592592592594,2787.733333333333,2828.2351851851854
Bettles,Interior,thawing_index,2070-2099,current,max,5918.0,2787.733333333333,2828.2351851851854
Bettles,Interior,thawing_index,2070-2099,delta,min,2071.3999999999996,2787.733333333333,2828.2351851851854
Bettles,Interior,thawing_index,2070-2099,delta,mean,3781.457407407407,2787.733333333333,2828.2351851851854
Bettles,Interior,thawing_index,2070-2099,delta,max,5816.233333333334,2787.733333333333,2828.2351851851854
Bettles,Interior,thawing_index,2070-2099,delta_mult_uncapped,min,2086.6404212990046,2787.733333333333,2828.2351851851854
Bettles,Interior,thawing_index,2070-2099,delta_mult_uncapped,mean,3765.7058186487066,2787.733333333333,2828.2351851851854
Bettles,Interior,thawing_index,2070-2099,delta_mult_uncapped,max,5709.571159946934,2787.733333333333,2828.2351851851854
Bettles,Interior,thawing_index,2070-2099,delta_mult_cap3x,min,2086.6404212990046,2787.733333333333,2828.2351851851854
Bettles,Interior,thawing_index,2070-2099,delta_mult_cap3x,mean,3765.7058186487066,2787.733333333333,2828.2351851851854
Bettles,Interior,thawing_index,2070-2099,delta_mult_cap3x,max,5709.571159946934,2787.733333333333,2828.2351851851854
Bettles,Interior,thawing_index,2070-2099,delta_mult_cap2x,min,2086.6404212990046,2787.733333333333,2828.2351851851854
Bettles,Interior,thawing_index,2070-2099,delta_mult_cap2x,mean,3765.1684762639266,2787.733333333333,2828.2351851851854
Bettles,Interior,thawing_index,2070-2099,delta_mult_cap2x,max,5575.466666666666,2787.733333333333,2828.2351851851854
Bettles,Interior,thawing_index,2070-2099,delta_mult_cap1.5x,min,2086.6404212990046,2787.733333333333,2828.2351851851854
Bettles,Interior,thawing_index,2070-2099,delta_mult_cap1.5x,mean,3655.1965933156157,2787.733333333333,2828.2351851851854
Bettles,Interior,thawing_index,2070-2099,delta_mult_cap1.5x,max,4181.599999999999,2787.733333333333,2828.2351851851854
Bettles,Interior,heating_degree_days,2010-2039,current,min,11357.0,15476.6,15285.550000000001
Bettles,Interior,heating_degree_days,2010-2039,current,mean,14432.157407407407,15476.6,15285.550000000001
Bettles,Interior,heating_degree_days,2010-2039,current,max,17753.0,15476.6,15285.550000000001
Bettles,Interior,heating_degree_days,2010-2039,delta,min,11613.633333333333,15476.6,15285.550000000001
Bettles,Interior,heating_degree_days,2010-2039,delta,mean,14623.207407407408,15476.6,15285.550000000001
Bettles,Interior,heating_degree_days,2010-2039,delta,max,17893.466666666667,15476.6,15285.550000000001
Bettles,Interior,heating_degree_days,2010-2039,delta_mult_uncapped,min,11548.497447431992,15476.6,15285.550000000001
Bettles,Interior,heating_degree_days,2010-2039,delta_mult_uncapped,mean,14613.180304106952,15476.6,15285.550000000001
Bettles,Interior,heating_degree_days,2010-2039,delta_mult_uncapped,max,17915.603224628547,15476.6,15285.550000000001
Bettles,Interior,heating_degree_days,2010-2039,delta_mult_cap3x,min,11548.497447431992,15476.6,15285.550000000001
Bettles,Interior,heating_degree_days,2010-2039,delta_mult_cap3x,mean,14613.180304106952,15476.6,15285.550000000001
Bettles,Interior,heating_degree_days,2010-2039,delta_mult_cap3x,max,17915.603224628547,15476.6,15285.550000000001
Bettles,Interior,heating_degree_days,2010-2039,delta_mult_cap2x,min,11548.497447431992,15476.6,15285.550000000001
Bettles,Interior,heating_degree_days,2010-2039,delta_mult_cap2x,mean,14613.180304106952,15476.6,15285.550000000001
Bettles,Interior,heating_degree_days,2010-2039,delta_mult_cap2x,max,17915.603224628547,15476.6,15285.550000000001
Bettles,Interior,heating_degree_days,2010-2039,delta_mult_cap1.5x,min,11548.497447431992,15476.6,15285.550000000001
Bettles,Interior,heating_degree_days,2010-2039,delta_mult_cap1.5x,mean,14613.180304106952,15476.6,15285.550000000001
Bettles,Interior,heating_degree_days,2010-2039,delta_mult_cap1.5x,max,17915.603224628547,15476.6,15285.550000000001
Bettles,Interior,heating_degree_days,2040-2069,current,min,9962.0,15476.6,15285.550000000001
Bettles,Interior,heating_degree_days,2040-2069,current,mean,13364.987037037037,15476.6,15285.550000000001
Bettles,Interior,heating_degree_days,2040-2069,current,max,16420.0,15476.6,15285.550000000001
Bettles,Interior,heating_degree_days,2040-2069,delta,min,10218.633333333333,15476.6,15285.550000000001
Bettles,Interior,heating_degree_days,2040-2069,delta,mean,13556.037037037038,15476.6,15285.550000000001
Bettles,Interior,heating_degree_days,2040-2069,delta,max,16808.333333333336,15476.6,15285.550000000001
Bettles,Interior,heating_degree_days,2040-2069,delta_mult_uncapped,min,10129.975483958573,15476.6,15285.550000000001
Bettles,Interior,heating_degree_days,2040-2069,delta_mult_uncapped,mean,13532.002433576812,15476.6,15285.550000000001
Bettles,Interior,heating_degree_days,2040-2069,delta_mult_uncapped,max,16842.608737915554,15476.6,15285.550000000001
Bettles,Interior,heating_degree_days,2040-2069,delta_mult_cap3x,min,10129.975483958573,15476.6,15285.550000000001
Bettles,Interior,heating_degree_days,2040-2069,delta_mult_cap3x,mean,13532.002433576812,15476.6,15285.550000000001
Bettles,Interior,heating_degree_days,2040-2069,delta_mult_cap3x,max,16842.608737915554,15476.6,15285.550000000001
Bettles,Interior,heating_degree_days,2040-2069,delta_mult_cap2x,min,10129.975483958573,15476.6,15285.550000000001
Bettles,Interior,heating_degree_days,2040-2069,delta_mult_cap2x,mean,13532.002433576812,15476.6,15285.550000000001
Bettles,Interior,heating_degree_days,2040-2069,delta_mult_cap2x,max,16842.608737915554,15476.6,15285.550000000001
Bettles,Interior,heating_degree_days,2040-2069,delta_mult_cap1.5x,min,10129.975483958573,15476.6,15285.550000000001
Bettles,Interior,heating_degree_days,2040-2069,delta_mult_cap1.5x,mean,13532.002433576812,15476.6,15285.550000000001
Bettles,Interior,heating_degree_days,2040-2069,delta_mult_cap1.5x,max,16842.608737915554,15476.6,15285.550000000001
Bettles,Interior,heating_degree_days,2070-2099,current,min,8387.0,15476.6,15285.550000000001
Bettles,Interior,heating_degree_days,2070-2099,current,mean,12407.331481481482,15476.6,15285.550000000001
Bettles,Interior,heating_degree_days,2070-2099,current,max,16187.0,15476.6,15285.550000000001
Bettles,Interior,heating_degree_days,2070-2099,delta,min,8643.633333333333,15476.6,15285.550000000001
Bettles,Interior,heating_degree_days,2070-2099,delta,mean,12598.381481481481,15476.6,15285.550000000001
Bettles,Interior,heating_degree_days,2070-2099,delta,max,16575.333333333336,15476.6,15285.550000000001
Bettles,Interior,heating_degree_days,2070-2099,delta_mult_uncapped,min,8528.418428424067,15476.6,15285.550000000001
Bettles,Interior,heating_degree_days,2070-2099,delta_mult_uncapped,mean,12561.23248572182,15476.6,15285.550000000001
Bettles,Interior,heating_degree_days,2070-2099,delta_mult_uncapped,max,16603.611914777048,15476.6,15285.550000000001
Bettles,Interior,heating_degree_days,2070-2099,delta_mult_cap3x,min,8528.418428424067,15476.6,15285.550000000001
Bettles,Interior,heating_degree_days,2070-2099,delta_mult_cap3x,mean,12561.23248572182,15476.6,15285.550000000001
Bettles,Interior,heating_degree_days,2070-2099,delta_mult_cap3x,max,16603.611914777048,15476.6,15285.550000000001
Bettles,Interior,heating_degree_days,2070-2099,delta_mult_cap2x,min,8528.418428424067,15476.6,15285.550000000001
Bettles,Interior,heating_degree_days,2070-2099,delta_mult_cap2x,mean,12561.23248572182,15476.6,15285.550000000001
Bettles,Interior,heating_degree_days,2070-2099,delta_mult_cap2x,max,16603.611914777048,15476.6,15285.550000000001
Bettles,Interior,heating_degree_days,2070-2099,delta_mult_cap1.5x,min,8528.418428424067,15476.6,15285.550000000001
Bettles,Interior,heating_degree_days,2070-2099,delta_mult_cap1.5x,mean,12561.23248572182,15476.6,15285.550000000001
Bettles,Interior,heating_degree_days,2070-2099,delta_mult_cap1.5x,max,16603.611914777048,15476.6,15285.550000000001
Deadhorse,North Slope,freezing_index,2010-2039,current,min,4276.0,8301.1,8044.066666666666
Deadhorse,North Slope,freezing_index,2010-2039,current,mean,7126.766666666666,8301.1,8044.066666666666
Deadhorse,North Slope,freezing_index,2010-2039,current,max,10169.0,8301.1,8044.066666666666
Deadhorse,North Slope,freezing_index,2010-2039,delta,min,4608.533333333334,8301.1,8044.066666666666
Deadhorse,North Slope,freezing_index,2010-2039,delta,mean,7383.800000000001,8301.1,8044.066666666666
Deadhorse,North Slope,freezing_index,2010-2039,delta,max,10274.6,8301.1,8044.066666666666
Deadhorse,North Slope,freezing_index,2010-2039,delta_mult_uncapped,min,4454.440187904977,8301.1,8044.066666666666
Deadhorse,North Slope,freezing_index,2010-2039,delta_mult_uncapped,mean,7352.130281740085,8301.1,8044.066666666666
Deadhorse,North Slope,freezing_index,2010-2039,delta_mult_uncapped,max,10300.028784088829,8301.1,8044.066666666666
Deadhorse,North Slope,freezing_index,2010-2039,delta_mult_cap3x,min,4454.440187904977,8301.1,8044.066666666666
Deadhorse,North Slope,freezing_index,2010-2039,delta_mult_cap3x,mean,7352.130281740085,8301.1,8044.066666666666
Deadhorse,North Slope,freezing_index,2010-2039,delta_mult_cap3x,max,10300.028784088829,8301.1,8044.066666666666
Deadhorse,North Slope,freezing_index,2010-2039,delta_mult_cap2x,min,4454.440187904977,8301.1,8044.066666666666
Deadhorse,North Slope,freezing_index,2010-2039,delta_mult_cap2x,mean,7352.130281740085,8301.1,8044.066666666666
Deadhorse,North Slope,freezing_index,2010-2039,delta_mult_cap2x,max,10300.028784088829,8301.1,8044.066666666666
Deadhorse,North Slope,freezing_index,2010-2039,delta_mult_cap1.5x,min,4454.440187904977,8301.1,8044.066666666666
Deadhorse,North Slope,freezing_index,2010-2039,delta_mult_cap1.5x,mean,7352.130281740085,8301.1,8044.066666666666
Deadhorse,North Slope,freezing_index,2010-2039,delta_mult_cap1.5x,max,10300.028784088829,8301.1,8044.066666666666
Deadhorse,North Slope,freezing_index,2040-2069,current,min,2383.0,8301.1,8044.066666666666
Deadhorse,North Slope,freezing_index,2040-2069,current,mean,6058.138888888889,8301.1,8044.066666666666
Deadhorse,North Slope,freezing_index,2040-2069,current,max,9224.0,8301.1,8044.066666666666
Deadhorse,North Slope,freezing_index,2040-2069,delta,min,2704.4333333333334,8301.1,8044.066666666666
Deadhorse,North Slope,freezing_index,2040-2069,delta,mean,6315.172222222222,8301.1,8044.066666666666
Deadhorse,North Slope,freezing_index,2040-2069,delta,max,9729.3,8301.1,8044.066666666666
Deadhorse,North Slope,freezing_index,2040-2069,delta_mult_uncapped,min,2522.1881040418207,8301.1,8044.066666666666
Deadhorse,North Slope,freezing_index,2040-2069,delta_mult_uncapped,mean,6247.1732759979905,8301.1,8044.066666666666
Deadhorse,North Slope,freezing_index,2040-2069,delta_mult_uncapped,max,9821.871571872034,8301.1,8044.066666666666
Deadhorse,North Slope,freezing_index,2040-2069,delta_mult_cap3x,min,2522.1881040418207,8301.1,8044.066666666666
Deadhorse,North Slope,freezing_index,2040-2069,delta_mult_cap3x,mean,6247.1732759979905,8301.1,8044.066666666666
Deadhorse,North Slope,freezing_index,2040-2069,delta_mult_cap3x,max,9821.871571872034,8301.1,8044.066666666666
Deadhorse,North Slope,freezing_index,2040-2069,delta_mult_cap2x,min,2522.1881040418207,8301.1,8044.066666666666
Deadhorse,North Slope,freezing_index,2040-2069,delta_mult_cap2x,mean,6247.1732759979905,8301.1,8044.066666666666
Deadhorse,North Slope,freezing_index,2040-2069,delta_mult_cap2x,max,9821.871571872034,8301.1,8044.066666666666
Deadhorse,North Slope,freezing_index,2040-2069,delta_mult_cap1.5x,min,2522.1881040418207,8301.1,8044.066666666666
Deadhorse,North Slope,freezing_index,2040-2069,delta_mult_cap1.5x,mean,6247.1732759979905,8301.1,8044.066666666666
Deadhorse,North Slope,freezing_index,2040-2069,delta_mult_cap1.5x,max,9821.871571872034,8301.1,8044.066666666666
Deadhorse,North Slope,freezing_index,2070-2099,current,min,1478.0,8301.1,8044.066666666666
Deadhorse,North Slope,freezing_index,2070-2099,current,mean,5121.842592592592,8301.1,8044.066666666666
Deadhorse,North Slope,freezing_index,2070-2099,current,max,8679.0,8301.1,8044.066666666666
Deadhorse,North Slope,freezing_index,2070-2099,delta,min,1934.5333333333338,8301.1,8044.066666666666
Deadhorse,North Slope,freezing_index,2070-2099,delta,mean,5378.875925925927,8301.1,8044.066666666666
Deadhorse,North Slope,freezing_index,2070-2099,delta,max,9184.3,8301.1,8044.066666666666
Deadhorse,North Slope,freezing_index,2070-2099,delta_mult_uncapped,min,1564.3281652428918,8301.1,8044.066666666666
Deadhorse,North Slope,freezing_index,2070-2099,delta_mult_uncapped,mean,5279.011443460003,8301.1,8044.066666666666
Deadhorse,North Slope,freezing_index,2070-2099,delta_mult_uncapped,max,9241.546332640653,8301.1,8044.066666666666
Deadhorse,North Slope,freezing_index,2070-2099,delta_mult_cap3x,min,1564.3281652428918,8301.1,8044.066666666666
Deadhorse,North Slope,freezing_index,2070-2099,delta_mult_cap3x,mean,5279.011443460003,8301.1,8044.066666666666
Deadhorse,North Slope,freezing_index,2070-2099,delta_mult_cap3x,max,9241.546332640653,8301.1,8044.066666666666
Deadhorse,North Slope,freezing_index,2070-2099,delta_mult_cap2x,min,1564.3281652428918,8301.1,8044.066666666666
Deadhorse,North Slope,freezing_index,2070-2099,delta_mult_cap2x,mean,5279.011443460003,8301.1,8044.066666666666
Deadhorse,North Slope,freezing_index,2070-2099,delta_mult_cap2x,max,9241.546332640653,8301.1,8044.066666666666
Deadhorse,North Slope,freezing_index,2070-2099,delta_mult_cap1.5x,min,1564.3281652428918,8301.1,8044.066666666666
Deadhorse,North Slope,freezing_index,2070-2099,delta_mult_cap1.5x,mean,5279.011443460003,8301.1,8044.066666666666
Deadhorse,North Slope,freezing_index,2070-2099,delta_mult_cap1.5x,max,9241.546332640653,8301.1,8044.066666666666
Deadhorse,North Slope,thawing_index,2010-2039,current,min,634.0,1264.9666666666667,1328.775925925926
Deadhorse,North Slope,thawing_index,2010-2039,current,mean,1552.962962962963,1264.9666666666667,1328.775925925926
Deadhorse,North Slope,thawing_index,2010-2039,current,max,2813.0,1264.9666666666667,1328.775925925926
Deadhorse,North Slope,thawing_index,2010-2039,delta,min,566.7333333333333,1264.9666666666667,1328.775925925926
Deadhorse,North Slope,thawing_index,2010-2039,delta,mean,1489.1537037037037,1264.9666666666667,1328.775925925926
Deadhorse,North Slope,thawing_index,2010-2039,delta,max,2715.5,1264.9666666666667,1328.775925925926
Deadhorse,North Slope,thawing_index,2010-2039,delta_mult_uncapped,min,601.9882903395302,1264.9666666666667,1328.775925925926
Deadhorse,North Slope,thawing_index,2010-2039,delta_mult_uncapped,mean,1477.6996506773216,1264.9666666666667,1328.775925925926
Deadhorse,North Slope,thawing_index,2010-2039,delta_mult_uncapped,max,2611.6978274697854,1264.9666666666667,1328.775925925926
Deadhorse,North Slope,thawing_index,2010-2039,delta_mult_cap3x,min,601.9882903395302,1264.9666666666667,1328.775925925926
Deadhorse,North Slope,thawing_index,2010-2039,delta_mult_cap3x,mean,1477.6996506773216,1264.9666666666667,1328.775925925926
Deadhorse,North Slope,thawing_index,2010-2039,delta_mult_cap3x,max,2611.6978274697854,1264.9666666666667,1328.775925925926
Deadhorse,North Slope,thawing_index,2010-2039,delta_mult_cap2x,min,601.9882903395302,1264.9666666666667,1328.775925925926
Deadhorse,North Slope,thawing_index,2010-2039,delta_mult_cap2x,mean,1477.5482349474394,1264.9666666666667,1328.775925925926
Deadhorse,North Slope,thawing_index,2010-2039,delta_mult_cap2x,max,2529.9333333333334,1264.9666666666667,1328.775925925926
Deadhorse,North Slope,thawing_index,2010-2039,delta_mult_cap1.5x,min,601.9882903395302,1264.9666666666667,1328.775925925926
Deadhorse,North Slope,thawing_index,2010-2039,delta_mult_cap1.5x,mean,1459.4244123037297,1264.9666666666667,1328.775925925926
Deadhorse,North Slope,thawing_index,2010-2039,delta_mult_cap1.5x,max,1897.45,1264.9666666666667,1328.775925925926
Deadhorse,North Slope,thawing_index,2040-2069,current,min,929.0,1264.9666666666667,1328.775925925926
Deadhorse,North Slope,thawing_index,2040-2069,current,mean,1838.7259259259258,1264.9666666666667,1328.775925925926
Deadhorse,North Slope,thawing_index,2040-2069,current,max,3268.0,1264.9666666666667,1328.775925925926
Deadhorse,North Slope,thawing_index,2040-2069,delta,min,859.5333333333333,1264.9666666666667,1328.775925925926
Deadhorse,North Slope,thawing_index,2040-2069,delta,mean,1774.9166666666667,1264.9666666666667,1328.775925925926
Deadhorse,North Slope,thawing_index,2040-2069,delta,max,3213.9666666666667,1264.9666666666667,1328.775925925926
Deadhorse,North Slope,thawing_index,2040-2069,delta_mult_uncapped,min,884.6292487578177,1264.9666666666667,1328.775925925926
Deadhorse,North Slope,thawing_index,2040-2069,delta_mult_uncapped,mean,1748.8723073901074,1264.9666666666667,1328.775925925926
Deadhorse,North Slope,thawing_index,2040-2069,delta_mult_uncapped,max,3134.1251453121054,1264.9666666666667,1328.775925925926
Deadhorse,North Slope,thawing_index,2040-2069,delta_mult_cap3x,min,884.6292487578177,1264.9666666666667,1328.775925925926
Deadhorse,North Slope,thawing_index,2040-2069,delta_mult_cap3x,mean,1748.8723073901074,1264.9666666666667,1328.775925925926
Deadhorse,North Slope,thawing_index,2040-2069,delta_mult_cap3x,max,3134.1251453121054,1264.9666666666667,1328.775925925926
Deadhorse,North Slope,thawing_index,2040-2069,delta_mult_cap2x,min,884.6292487578177,1264.9666666666667,1328.775925925926
Deadhorse,North Slope,thawing_index,2040-2069,delta_mult_cap2x,mean,1741.4212240301756,1264.9666666666667,1328.775925925926
Deadhorse,North Slope,thawing_index,2040-2069,delta_mult_cap2x,max,2529.9333333333334,1264.9666666666667,1328.775925925926
Deadhorse,North Slope,thawing_index,2040-2069,delta_mult_cap1.5x,min,884.6292487578177,1264.9666666666667,1328.775925925926
Deadhorse,North Slope,thawing_index,2040-2069,delta_mult_cap1.5x,mean,1653.3064927212256,1264.9666666666667,1328.775925925926
Deadhorse,North Slope,thawing_index,2040-2069,delta_mult_cap1.5x,max,1897.45,1264.9666666666667,1328.775925925926
Deadhorse,North Slope,thawing_index,2070-2099,current,min,719.0,1264.9666666666667,1328.775925925926
Deadhorse,North Slope,thawing_index,2070-2099,current,mean,2173.4814814814813,1264.9666666666667,1328.775925925926
Deadhorse,North Slope,thawing_index,2070-2099,current,max,4242.0,1264.9666666666667,1328.775925925926
Deadhorse,North Slope,thawing_index,2070-2099,delta,min,635.5333333333333,1264.9666666666667,1328.775925925926
Deadhorse,North Slope,thawing_index,2070-2099,delta,mean,2109.6722222222224,1264.9666666666667,1328.775925925926
Deadhorse,North Slope,thawing_index,2070-2099,delta,max,4161.733333333334,1264.9666666666667,1328.775925925926
Deadhorse,North Slope,thawing_index,2070-2099,delta_mult_uncapped,min,674.494623390107,1264.9666666666667,1328.775925925926
Deadhorse,North Slope,thawing_index,2070-2099,delta_mult_uncapped,mean,2066.855637010721,1264.9666666666667,1328.775925925926
Deadhorse,North Slope,thawing_index,2070-2099,delta_mult_uncapped,max,3988.89060138266,1264.9666666666667,1328.775925925926
Deadhorse,North Slope,thawing_index,2070-2099,delta_mult_cap3x,min,674.494623390107,1264.9666666666667,1328.775925925926
Deadhorse,North Slope,thawing_index,2070-2099,delta_mult_cap3x,mean,2065.983391519324,1264.9666666666667,1328.775925925926
Deadhorse,North Slope,thawing_index,2070-2099,delta_mult_cap3x,max,3794.9,1264.9666666666667,1328.775925925926
Deadhorse,North Slope,thawing_index,2070-2099,delta_mult_cap2x,min,674.494623390107,1264.9666666666667,1328.775925925926
Deadhorse,North Slope,thawing_index,2070-2099,delta_mult_cap2x,mean,1974.275929087798,1264.9666666666667,1328.775925925926
Deadhorse,North Slope,thawing_index,2070-2099,delta_mult_cap2x,max,2529.9333333333334,1264.9666666666667,1328.775925925926
Deadhorse,North Slope,thawing_index,2070-2099,delta_mult_cap1.5x,min,674.494623390107,1264.9666666666667,1328.775925925926
Deadhorse,North Slope,thawing_index,2070-2099,delta_mult_cap1.5x,mean,1758.5147076772216,1264.9666666666667,1328.775925925926
Deadhorse,North Slope,thawing_index,2070-2099,delta_mult_cap1.5x,max,1897.45,1264.9666666666667,1328.775925925926
Deadhorse,North Slope,heating_degree_days,2010-2039,current,min,13838.0,19089.833333333332,18769.262962962963
Deadhorse,North Slope,heating_degree_days,2010-2039,current,mean,17627.19814814815,19089.833333333332,18769.262962962963
Deadhorse,North Slope,heating_degree_days,2010-2039,current,max,21069.0,19089.833333333332,18769.262962962963
Deadhorse,North Slope,heating_degree_days,2010-2039,delta,min,14267.466666666667,19089.833333333332,18769.262962962963
Deadhorse,North Slope,heating_degree_days,2010-2039,delta,mean,17947.76851851852,19089.833333333332,18769.262962962963
Deadhorse,North Slope,heating_degree_days,2010-2039,delta,max,21225.3,19089.833333333332,18769.262962962963
Deadhorse,North Slope,heating_degree_days,2010-2039,delta_mult_uncapped,min,14156.480329968508,19089.833333333332,18769.262962962963
Deadhorse,North Slope,heating_degree_days,2010-2039,delta_mult_uncapped,mean,17926.98326558716,19089.833333333332,18769.262962962963
Deadhorse,North Slope,heating_degree_days,2010-2039,delta_mult_uncapped,max,21242.928692654656,19089.833333333332,18769.262962962963
Deadhorse,North Slope,heating_degree_days,2010-2039,delta_mult_cap3x,min,14156.480329968508,19089.833333333332,18769.262962962963
Deadhorse,North Slope,heating_degree_days,2010-2039,delta_mult_cap3x,mean,17926.98326558716,19089.833333333332,18769.262962962963
Deadhorse,North Slope,heating_degree_days,2010-2039,delta_mult_cap3x,max,21242.928692654656,19089.833333333332,18769.262962962963
Deadhorse,North Slope,heating_degree_days,2010-2039,delta_mult_cap2x,min,14156.480329968508,19089.833333333332,18769.262962962963
Deadhorse,North Slope,heating_degree_days,2010-2039,delta_mult_cap2x,mean,17926.98326558716,19089.833333333332,18769.262962962963
Deadhorse,North Slope,heating_degree_days,2010-2039,delta_mult_cap2x,max,21242.928692654656,19089.833333333332,18769.262962962963
Deadhorse,North Slope,heating_degree_days,2010-2039,delta_mult_cap1.5x,min,14156.480329968508,19089.833333333332,18769.262962962963
Deadhorse,North Slope,heating_degree_days,2010-2039,delta_mult_cap1.5x,mean,17926.98326558716,19089.833333333332,18769.262962962963
Deadhorse,North Slope,heating_degree_days,2010-2039,delta_mult_cap1.5x,max,21242.928692654656,19089.833333333332,18769.262962962963
Deadhorse,North Slope,heating_degree_days,2040-2069,current,min,11422.0,19089.833333333332,18769.262962962963
Deadhorse,North Slope,heating_degree_days,2040-2069,current,mean,16275.246296296296,19089.833333333332,18769.262962962963
Deadhorse,North Slope,heating_degree_days,2040-2069,current,max,20291.0,19089.833333333332,18769.262962962963
Deadhorse,North Slope,heating_degree_days,2040-2069,delta,min,11960.366666666665,19089.833333333332,18769.262962962963
Deadhorse,North Slope,heating_degree_days,2040-2069,delta,mean,16595.816666666666,19089.833333333332,18769.262962962963
Deadhorse,North Slope,heating_degree_days,2040-2069,delta,max,20879.466666666667,19089.833333333332,18769.262962962963
Deadhorse,North Slope,heating_degree_days,2040-2069,delta_mult_uncapped,min,11753.468351109705,19089.833333333332,18769.262962962963
Deadhorse,North Slope,heating_degree_days,2040-2069,delta_mult_uncapped,mean,16550.416084496588,19089.833333333332,18769.262962962963
Deadhorse,North Slope,heating_degree_days,2040-2069,delta_mult_uncapped,max,20936.3889244218,19089.833333333332,18769.262962962963
Deadhorse,North Slope,heating_degree_days,2040-2069,delta_mult_cap3x,min,11753.468351109705,19089.833333333332,18769.262962962963
Deadhorse,North Slope,heating_degree_days,2040-2069,delta_mult_cap3x,mean,16550.416084496588,19089.833333333332,18769.262962962963
Deadhorse,North Slope,heating_degree_days,2040-2069,delta_mult_cap3x,max,20936.3889244218,19089.833333333332,18769.262962962963
Deadhorse,North Slope,heating_degree_days,2040-2069,delta_mult_cap2x,min,11753.468351109705,19089.833333333332,18769.262962962963
Deadhorse,North Slope,heating_degree_days,2040-2069,delta_mult_cap2x,mean,16550.416084496588,19089.833333333332,18769.262962962963
Deadhorse,North Slope,heating_degree_days,2040-2069,delta_mult_cap2x,max,20936.3889244218,19089.833333333332,18769.262962962963
Deadhorse,North Slope,heating_degree_days,2040-2069,delta_mult_cap1.5x,min,11753.468351109705,19089.833333333332,18769.262962962963
Deadhorse,North Slope,heating_degree_days,2040-2069,delta_mult_cap1.5x,mean,16550.416084496588,19089.833333333332,18769.262962962963
Deadhorse,North Slope,heating_degree_days,2040-2069,delta_mult_cap1.5x,max,20936.3889244218,19089.833333333332,18769.262962962963
Deadhorse,North Slope,heating_degree_days,2070-2099,current,min,9415.0,19089.833333333332,18769.262962962963
Deadhorse,North Slope,heating_degree_days,2070-2099,current,mean,15010.309259259258,19089.833333333332,18769.262962962963
Deadhorse,North Slope,heating_degree_days,2070-2099,current,max,19571.0,19089.833333333332,18769.262962962963
Deadhorse,North Slope,heating_degree_days,2070-2099,delta,min,9953.366666666665,19089.833333333332,18769.262962962963
Deadhorse,North Slope,heating_degree_days,2070-2099,delta,mean,15330.87962962963,19089.833333333332,18769.262962962963
Deadhorse,North Slope,heating_degree_days,2070-2099,delta,max,20159.466666666667,19089.833333333332,18769.262962962963
Deadhorse,North Slope,heating_degree_days,2070-2099,delta_mult_uncapped,min,9688.224875301861,19089.833333333332,18769.262962962963
Deadhorse,North Slope,heating_degree_days,2070-2099,delta_mult_uncapped,mean,15262.382219171768,19089.833333333332,18769.262962962963
Deadhorse,North Slope,heating_degree_days,2070-2099,delta_mult_uncapped,max,20193.488129705736,19089.833333333332,18769.262962962963
Deadhorse,North Slope,heating_degree_days,2070-2099,delta_mult_cap3x,min,9688.224875301861,19089.833333333332,18769.262962962963
Deadhorse,North Slope,heating_degree_days,2070-2099,delta_mult_cap3x,mean,15262.382219171768,19089.833333333332,18769.262962962963
Deadhorse,North Slope,heating_degree_days,2070-2099,delta_mult_cap3x,max,20193.488129705736,19089.833333333332,18769.262962962963
Deadhorse,North Slope,heating_degree_days,2070-2099,delta_mult_cap2x,min,9688.224875301861,19089.833333333332,18769.262962962963
Deadhorse,North Slope,heating_degree_days,2070-2099,delta_mult_cap2x,mean,15262.382219171768,19089.833333333332,18769.262962962963
Deadhorse,North Slope,heating_degree_days,2070-2099,delta_mult_cap2x,max,20193.488129705736,19089.833333333332,18769.262962962963
Deadhorse,North Slope,heating_degree_days,2070-2099,delta_mult_cap1.5x,min,9688.224875301861,19089.833333333332,18769.262962962963
Deadhorse,North Slope,heating_degree_days,2070-2099,delta_mult_cap1.5x,mean,15262.382219171768,19089.833333333332,18769.262962962963
Deadhorse,North Slope,heating_degree_days,2070-2099,delta_mult_cap1.5x,max,20193.488129705736,19089.833333333332,18769.262962962963
Dillingham,Southwest,freezing_index,2010-2039,current,min,366.0,2147.4666666666667,2067.6814814814816
Dillingham,Southwest,freezing_index,2010-2039,current,mean,1665.3296296296296,2147.4666666666667,2067.6814814814816
Dillingham,Southwest,freezing_index,2010-2039,current,max,4242.0,2147.4666666666667,2067.6814814814816
Dillingham,Southwest,freezing_index,2010-2039,delta,min,333.4666666666667,2147.4666666666667,2067.6814814814816
Dillingham,Southwest,freezing_index,2010-2039,delta,mean,1745.1148148148147,2147.4666666666667,2067.6814814814816
Dillingham,Southwest,freezing_index,2010-2039,delta,max,4300.966666666667,2147.4666666666667,2067.6814814814816
Dillingham,Southwest,freezing_index,2010-2039,delta_mult_uncapped,min,362.9936784241869,2147.4666666666667,2067.6814814814816
Dillingham,Southwest,freezing_index,2010-2039,delta_mult_uncapped,mean,1729.9103125948382,2147.4666666666667,2067.6814814814816
Dillingham,Southwest,freezing_index,2010-2039,delta_mult_uncapped,max,4361.7685420158,2147.4666666666667,2067.6814814814816
Dillingham,Southwest,freezing_index,2010-2039,delta_mult_cap3x,min,362.9936784241869,2147.4666666666667,2067.6814814814816
Dillingham,Southwest,freezing_index,2010-2039,delta_mult_cap3x,mean,1729.9103125948382,2147.4666666666667,2067.6814814814816
Dillingham,Southwest,freezing_index,2010-2039,delta_mult_cap3x,max,4361.7685420158,2147.4666666666667,2067.6814814814816
Dillingham,Southwest,freezing_index,2010-2039,delta_mult_cap2x,min,362.9936784241869,2147.4666666666667,2067.6814814814816
Dillingham,Southwest,freezing_index,2010-2039,delta_mult_cap2x,mean,1729.7865436898708,2147.4666666666667,2067.6814814814816
Dillingham,Southwest,freezing_index,2010-2039,delta_mult_cap2x,max,4294.933333333333,2147.4666666666667,2067.6814814814816
Dillingham,Southwest,freezing_index,2010-2039,delta_mult_cap1.5x,min,362.9936784241869,2147.4666666666667,2067.6814814814816
Dillingham,Southwest,freezing_index,2010-2039,delta_mult_cap1.5x,mean,1718.5868207523768,2147.4666666666667,2067.6814814814816
Dillingham,Southwest,freezing_index,2010-2039,delta_mult_cap1.5x,max,3221.2,2147.4666666666667,2067.6814814814816
Dillingham,Southwest,freezing_index,2040-2069,current,min,228.0,2147.4666666666667,2067.6814814814816
Dillingham,Southwest,freezing_index,2040-2069,current,mean,1255.7185185185185,2147.4666666666667,2067.6814814814816
Dillingham,Southwest,freezing_index,2040-2069,current,max,3368.0,2147.4666666666667,2067.6814814814816
Dillingham,Southwest,freezing_index,2040-2069,delta,min,192.4666666666667,2147.4666666666667,2067.6814814814816
Dillingham,Southwest,freezing_index,2040-2069,delta,mean,1335.5037037037036,2147.4666666666667,2067.6814814814816
Dillingham,Southwest,freezing_index,2040-2069,delta,max,3356.0,2147.4666666666667,2067.6814814814816
Dillingham,Southwest,freezing_index,2040-2069,delta_mult_uncapped,min,224.28877691250574,2147.4666666666667,2067.6814814814816
Dillingham,Southwest,freezing_index,2040-2069,delta_mult_uncapped,mean,1301.0138468019238,2147.4666666666667,2067.6814814814816
Dillingham,Southwest,freezing_index,2040-2069,delta_mult_uncapped,max,3429.012320606553,2147.4666666666667,2067.6814814814816
Dillingham,Southwest,freezing_index,2040-2069,delta_mult_cap3x,min,224.28877691250574,2147.4666666666667,2067.6814814814816
Dillingham,Southwest,freezing_index,2040-2069,delta_mult_cap3x,mean,1301.0138468019238,2147.4666666666667,2067.6814814814816
Dillingham,Southwest,freezing_index,2040-2069,delta_mult_cap3x,max,3429.012320606553,2147.4666666666667,2067.6814814814816
Dillingham,Southwest,freezing_index,2040-2069,delta_mult_cap2x,min,224.28877691250574,2147.4666666666667,2067.6814814814816
Dillingham,Southwest,freezing_index,2040-2069,delta_mult_cap2x,mean,1301.0138468019238,2147.4666666666667,2067.6814814814816
Dillingham,Southwest,freezing_index,2040-2069,delta_mult_cap2x,max,3429.012320606553,2147.4666666666667,2067.6814814814816
Dillingham,Southwest,freezing_index,2040-2069,delta_mult_cap1.5x,min,224.28877691250574,2147.4666666666667,2067.6814814814816
Dillingham,Southwest,freezing_index,2040-2069,delta_mult_cap1.5x,mean,1300.1104487738235,2147.4666666666667,2067.6814814814816
Dillingham,Southwest,freezing_index,2040-2069,delta_mult_cap1.5x,max,3221.2,2147.4666666666667,2067.6814814814816
Dillingham,Southwest,freezing_index,2070-2099,current,min,57.0,2147.4666666666667,2067.6814814814816
Dillingham,Southwest,freezing_index,2070-2099,current,mean,985.4074074074074,2147.4666666666667,2067.6814814814816
Dillingham,Southwest,freezing_index,2070-2099,current,max,3097.0,2147.4666666666667,2067.6814814814816
Dillingham,Southwest,freezing_index,2070-2099,delta,min,21.466666666666697,2147.4666666666667,2067.6814814814816
Dillingham,Southwest,freezing_index,2070-2099,delta,mean,1065.1925925925925,2147.4666666666667,2067.6814814814816
Dillingham,Southwest,freezing_index,2070-2099,delta,max,3198.866666666667,2147.4666666666667,2067.6814814814816
Dillingham,Southwest,freezing_index,2070-2099,delta_mult_uncapped,min,56.072194228126435,2147.4666666666667,2067.6814814814816
Dillingham,Southwest,freezing_index,2070-2099,delta_mult_uncapped,mean,1019.0430881341367,2147.4666666666667,2067.6814814814816
Dillingham,Southwest,freezing_index,2070-2099,delta_mult_uncapped,max,3293.814378554021,2147.4666666666667,2067.6814814814816
Dillingham,Southwest,freezing_index,2070-2099,delta_mult_cap3x,min,56.072194228126435,2147.4666666666667,2067.6814814814816
Dillingham,Southwest,freezing_index,2070-2099,delta_mult_cap3x,mean,1019.0430881341367,2147.4666666666667,2067.6814814814816
Dillingham,Southwest,freezing_index,2070-2099,delta_mult_cap3x,max,3293.814378554021,2147.4666666666667,2067.6814814814816
Dillingham,Southwest,freezing_index,2070-2099,delta_mult_cap2x,min,56.072194228126435,2147.4666666666667,2067.6814814814816
Dillingham,Southwest,freezing_index,2070-2099,delta_mult_cap2x,mean,1019.0430881341367,2147.4666666666667,2067.6814814814816
Dillingham,Southwest,freezing_index,2070-2099,delta_mult_cap2x,max,3293.814378554021,2147.4666666666667,2067.6814814814816
Dillingham,Southwest,freezing_index,2070-2099,delta_mult_cap1.5x,min,56.072194228126435,2147.4666666666667,2067.6814814814816
Dillingham,Southwest,freezing_index,2070-2099,delta_mult_cap1.5x,mean,1018.9086170627404,2147.4666666666667,2067.6814814814816
Dillingham,Southwest,freezing_index,2070-2099,delta_mult_cap1.5x,max,3221.2,2147.4666666666667,2067.6814814814816
Dillingham,Southwest,thawing_index,2010-2039,current,min,2036.0,3159.633333333333,3229.6388888888887
Dillingham,Southwest,thawing_index,2010-2039,current,mean,3687.5814814814817,3159.633333333333,3229.6388888888887
Dillingham,Southwest,thawing_index,2010-2039,current,max,5832.0,3159.633333333333,3229.6388888888887
Dillingham,Southwest,thawing_index,2010-2039,delta,min,2047.833333333333,3159.633333333333,3229.6388888888887
Dillingham,Southwest,thawing_index,2010-2039,delta,mean,3617.5759259259257,3159.633333333333,3229.6388888888887
Dillingham,Southwest,thawing_index,2010-2039,delta,max,5744.733333333334,3159.633333333333,3229.6388888888887
Dillingham,Southwest,thawing_index,2010-2039,delta_mult_uncapped,min,2043.6538111273483,3159.633333333333,3229.6388888888887
Dillingham,Southwest,thawing_index,2010-2039,delta_mult_uncapped,mean,3606.9271735313964,3159.633333333333,3229.6388888888887
Dillingham,Southwest,thawing_index,2010-2039,delta_mult_uncapped,max,5675.253811327728,3159.633333333333,3229.6388888888887
Dillingham,Southwest,thawing_index,2010-2039,delta_mult_cap3x,min,2043.6538111273483,3159.633333333333,3229.6388888888887
Dillingham,Southwest,thawing_index,2010-2039,delta_mult_cap3x,mean,3606.9271735313964,3159.633333333333,3229.6388888888887
Dillingham,Southwest,thawing_index,2010-2039,delta_mult_cap3x,max,5675.253811327728,3159.633333333333,3229.6388888888887
Dillingham,Southwest,thawing_index,2010-2039,delta_mult_cap2x,min,2043.6538111273483,3159.633333333333,3229.6388888888887
Dillingham,Southwest,thawing_index,2010-2039,delta_mult_cap2x,mean,3606.9271735313964,3159.633333333333,3229.6388888888887
Dillingham,Southwest,thawing_index,2010-2039,delta_mult_cap2x,max,5675.253811327728,3159.633333333333,3229.6388888888887
Dillingham,Southwest,thawing_index,2010-2039,delta_mult_cap1.5x,min,2043.6538111273483,3159.633333333333,3229.6388888888887
Dillingham,Southwest,thawing_index,2010-2039,delta_mult_cap1.5x,mean,3604.494909818201,3159.633333333333,3229.6388888888887
Dillingham,Southwest,thawing_index,2010-2039,delta_mult_cap1.5x,max,4739.45,3159.633333333333,3229.6388888888887
Dillingham,Southwest,thawing_index,2040-2069,current,min,2800.0,3159.633333333333,3229.6388888888887
Dillingham,Southwest,thawing_index,2040-2069,current,mean,4269.264814814815,3159.633333333333,3229.6388888888887
Dillingham,Southwest,thawing_index,2040-2069,current,max,7168.0,3159.633333333333,3229.6388888888887
Dillingham,Southwest,thawing_index,2040-2069,delta,min,2699.733333333333,3159.633333333333,3229.6388888888887
Dillingham,Southwest,thawing_index,2040-2069,delta,mean,4199.259259259258,3159.633333333333,3229.6388888888887
Dillingham,Southwest,thawing_index,2040-2069,delta,max,7080.733333333334,3159.633333333333,3229.6388888888887
Dillingham,Southwest,thawing_index,2040-2069,delta_mult_uncapped,min,2714.425033446694,3159.633333333333,3229.6388888888887
Dillingham,Southwest,thawing_index,2040-2069,delta_mult_uncapped,mean,4172.694550547418,3159.633333333333,3229.6388888888887
Dillingham,Southwest,thawing_index,2040-2069,delta_mult_uncapped,max,6975.346248216246,3159.633333333333,3229.6388888888887
Dillingham,Southwest,thawing_index,2040-2069,delta_mult_cap3x,min,2714.425033446694,3159.633333333333,3229.6388888888887
Dillingham,Southwest,thawing_index,2040-2069,delta_mult_cap3x,mean,4172.694550547418,3159.633333333333,3229.6388888888887
Dillingham,Southwest,thawing_index,2040-2069,delta_mult_cap3x,max,6975.346248216246,3159.633333333333,3229.6388888888887
Dillingham,Southwest,thawing_index,2040-2069,delta_mult_cap2x,min,2714.425033446694,3159.633333333333,3229.6388888888887
Dillingham,Southwest,thawing_index,2040-2069,delta_mult_cap2x,mean,4171.086374551244,3159.633333333333,3229.6388888888887
Dillingham,Southwest,thawing_index,2040-2069,delta_mult_cap2x,max,6319.266666666666,3159.633333333333,3229.6388888888887
Dillingham,Southwest,thawing_index,2040-2069,delta_mult_cap1.5x,min,2714.425033446694,3159.633333333333,3229.6388888888887
Dillingham,Southwest,thawing_index,2040-2069,delta_mult_cap1.5x,mean,4090.475484699441,3159.633333333333,3229.6388888888887
Dillingham,Southwest,thawing_index,2040-2069,delta_mult_cap1.5x,max,4739.45,3159.633333333333,3229.6388888888887
Dillingham,Southwest,thawing_index,2070-2099,current,min,2923.0,3159.633333333333,3229.6388888888887
Dillingham,Southwest,thawing_index,2070-2099,current,mean,4865.762962962963,3159.633333333333,3229.6388888888887
Dillingham,Southwest,thawing_index,2070-2099,current,max,8283.0,3159.633333333333,3229.6388888888887
Dillingham,Southwest,thawing_index,2070-2099,delta,min,2818.733333333333,3159.633333333333,3229.6388888888887
Dillingham,Southwest,thawing_index,2070-2099,delta,mean,4795.757407407406,3159.633333333333,3229.6388888888887
Dillingham,Southwest,thawing_index,2070-2099,delta,max,8195.733333333334,3159.633333333333,3229.6388888888887
Dillingham,Southwest,thawing_index,2070-2099,delta_mult_uncapped,min,2829.623528090117,3159.633333333333,3229.6388888888887
Dillingham,Southwest,thawing_index,2070-2099,delta_mult_uncapped,mean,4753.3752400402245,3159.633333333333,3229.6388888888887
Dillingham,Southwest,thawing_index,2070-2099,delta_mult_uncapped,max,8060.378484092518,3159.633333333333,3229.6388888888887
Dillingham,Southwest,thawing_index,2070-2099,delta_mult_cap3x,min,2829.623528090117,3159.633333333333,3229.6388888888887
Dillingham,Southwest,thawing_index,2070-2099,delta_mult_cap3x,mean,4753.3752400402245,3159.633333333333,3229.6388888888887
Dillingham,Southwest,thawing_index,2070-2099,delta_mult_cap3x,max,8060.378484092518,3159.633333333333,3229.6388888888887
Dillingham,Southwest,thawing_index,2070-2099,delta_mult_cap2x,min,2829.623528090117,3159.633333333333,3229.6388888888887
Dillingham,Southwest,thawing_index,2070-2099,delta_mult_cap2x,mean,4710.051591812273,3159.633333333333,3229.6388888888887
Dillingham,Southwest,thawing_index,2070-2099,delta_mult_cap2x,max,6319.266666666666,3159.633333333333,3229.6388888888887
Dillingham,Southwest,thawing_index,2070-2099,delta_mult_cap1.5x,min,2829.623528090117,3159.633333333333,3229.6388888888887
Dillingham,Southwest,thawing_index,2070-2099,delta_mult_cap1.5x,mean,4372.3210384185595,3159.633333333333,3229.6388888888887
Dillingham,Southwest,thawing_index,2070-2099,delta_mult_cap1.5x,max,4739.45,3159.633333333333,3229.6388888888887
Dillingham,Southwest,heating_degree_days,2010-2039,current,min,6587.0,11042.1,10892.616666666667
Dillingham,Southwest,heating_degree_days,2010-2039,current,mean,10033.18888888889,11042.1,10892.616666666667
Dillingham,Southwest,heating_degree_days,2010-2039,current,max,14125.0,11042.1,10892.616666666667
Dillingham,Southwest,heating_degree_days,2010-2039,delta,min,6638.300000000001,11042.1,10892.616666666667
Dillingham,Southwest,heating_degree_days,2010-2039,delta,mean,10182.672222222222,11042.1,10892.616666666667
Dillingham,Southwest,heating_degree_days,2010-2039,delta,max,14172.566666666668,11042.1,10892.616666666667
Dillingham,Southwest,heating_degree_days,2010-2039,delta_mult_uncapped,min,6617.7450867998705,11042.1,10892.616666666667
Dillingham,Southwest,heating_degree_days,2010-2039,delta_mult_uncapped,mean,10170.517017079575,11042.1,10892.616666666667
Dillingham,Southwest,heating_degree_days,2010-2039,delta_mult_uncapped,max,14186.110294206817,11042.1,10892.616666666667
Dillingham,Southwest,heating_degree_days,2010-2039,delta_mult_cap3x,min,6617.7450867998705,11042.1,10892.616666666667
Dillingham,Southwest,heating_degree_days,2010-2039,delta_mult_cap3x,mean,10170.517017079575,11042.1,10892.616666666667
Dillingham,Southwest,heating_degree_days,2010-2039,delta_mult_cap3x,max,14186.110294206817,11042.1,10892.616666666667
Dillingham,Southwest,heating_degree_days,2010-2039,delta_mult_cap2x,min,6617.7450867998705,11042.1,10892.616666666667
Dillingham,Southwest,heating_degree_days,2010-2039,delta_mult_cap2x,mean,10170.517017079575,11042.1,10892.616666666667
Dillingham,Southwest,heating_degree_days,2010-2039,delta_mult_cap2x,max,14186.110294206817,11042.1,10892.616666666667
Dillingham,Southwest,heating_degree_days,2010-2039,delta_mult_cap1.5x,min,6617.7450867998705,11042.1,10892.616666666667
Dillingham,Southwest,heating_degree_days,2010-2039,delta_mult_cap1.5x,mean,10170.517017079575,11042.1,10892.616666666667
Dillingham,Southwest,heating_degree_days,2010-2039,delta_mult_cap1.5x,max,14186.110294206817,11042.1,10892.616666666667
Dillingham,Southwest,heating_degree_days,2040-2069,current,min,5148.0,11042.1,10892.616666666667
Dillingham,Southwest,heating_degree_days,2040-2069,current,mean,9053.074074074075,11042.1,10892.616666666667
Dillingham,Southwest,heating_degree_days,2040-2069,current,max,12386.0,11042.1,10892.616666666667
Dillingham,Southwest,heating_degree_days,2040-2069,delta,min,5199.300000000001,11042.1,10892.616666666667
Dillingham,Southwest,heating_degree_days,2040-2069,delta,mean,9202.557407407407,11042.1,10892.616666666667
Dillingham,Southwest,heating_degree_days,2040-2069,delta,max,12668.0,11042.1,10892.616666666667
Dillingham,Southwest,heating_degree_days,2040-2069,delta_mult_uncapped,min,5172.028496560761,11042.1,10892.616666666667
Dillingham,Southwest,heating_degree_days,2040-2069,delta_mult_uncapped,mean,9173.87399763959,11042.1,10892.616666666667
Dillingham,Southwest,heating_degree_days,2040-2069,delta_mult_uncapped,max,12710.611481305936,11042.1,10892.616666666667
Dillingham,Southwest,heating_degree_days,2040-2069,delta_mult_cap3x,min,5172.028496560761,11042.1,10892.616666666667
Dillingham,Southwest,heating_degree_days,2040-2069,delta_mult_cap3x,mean,9173.87399763959,11042.1,10892.616666666667
Dillingham,Southwest,heating_degree_days,2040-2069,delta_mult_cap3x,max,12710.611481305936,11042.1,10892.616666666667
Dillingham,Southwest,heating_degree_days,2040-2069,delta_mult_cap2x,min,5172.028496560761,11042.1,10892.616666666667
Dillingham,Southwest,heating_degree_days,2040-2069,delta_mult_cap2x,mean,9173.87399763959,11042.1,10892.616666666667
Dillingham,Southwest,heating_degree_days,2040-2069,delta_mult_cap2x,max,12710.611481305936,11042.1,10892.616666666667
Dillingham,Southwest,heating_degree_days,2040-2069,delta_mult_cap1.5x,min,5172.028496560761,11042.1,10892.616666666667
Dillingham,Southwest,heating_degree_days,2040-2069,delta_mult_cap1.5x,mean,9173.87399763959,11042.1,10892.616666666667
Dillingham,Southwest,heating_degree_days,2040-2069,delta_mult_cap1.5x,max,12710.611481305936,11042.1,10892.616666666667
Dillingham,Southwest,heating_degree_days,2070-2099,current,min,4207.0,11042.1,10892.616666666667
Dillingham,Southwest,heating_degree_days,2070-2099,current,mean,8212.66111111111,11042.1,10892.616666666667
Dillingham,Southwest,heating_degree_days,2070-2099,current,max,11888.0,11042.1,10892.616666666667
Dillingham,Southwest,heating_degree_days,2070-2099,delta,min,4258.300000000001,11042.1,10892.616666666667
Dillingham,Southwest,heating_degree_days,2070-2099,delta,mean,8362.144444444444,11042.1,10892.616666666667
Dillingham,Southwest,heating_degree_days,2070-2099,delta,max,12051.0,11042.1,10892.616666666667
Dillingham,Southwest,heating_degree_days,2070-2099,delta_mult_uncapped,min,4226.636341303636,11042.1,10892.616666666667
Dillingham,Southwest,heating_degree_days,2070-2099,delta_mult_uncapped,mean,8319.966316904382,11042.1,10892.616666666667
Dillingham,Southwest,heating_degree_days,2070-2099,delta_mult_uncapped,max,12077.441185490841,11042.1,10892.616666666667
Dillingham,Southwest,heating_degree_days,2070-2099,delta_mult_cap3x,min,4226.636341303636,11042.1,10892.616666666667
Dillingham,Southwest,heating_degree_days,2070-2099,delta_mult_cap3x,mean,8319.966316904382,11042.1,10892.616666666667
Dillingham,Southwest,heating_degree_days,2070-2099,delta_mult_cap3x,max,12077.441185490841,11042.1,10892.616666666667
Dillingham,Southwest,heating_degree_days,2070-2099,delta_mult_cap2x,min,4226.636341303636,11042.1,10892.616666666667
Dillingham,Southwest,heating_degree_days,2070-2099,delta_mult_cap2x,mean,8319.966316904382,11042.1,10892.616666666667
Dillingham,Southwest,heating_degree_days,2070-2099,delta_mult_cap2x,max,12077.441185490841,11042.1,10892.616666666667
Dillingham,Southwest,heating_degree_days,2070-2099,delta_mult_cap1.5x,min,4226.636341303636,11042.1,10892.616666666667
Dillingham,Southwest,heating_degree_days,2070-2099,delta_mult_cap1.5x,mean,8319.966316904382,11042.1,10892.616666666667
Dillingham,Southwest,heating_degree_days,2070-2099,delta_mult_cap1.5x,max,12077.441185490841,11042.1,10892.616666666667
Fairbanks,Interior,freezing_index,2010-2039,current,min,2085.0,4778.533333333334,4707.374074074074
Fairbanks,Interior,freezing_index,2010-2039,current,mean,4163.724074074074,4778.533333333334,4707.374074074074
Fairbanks,Interior,freezing_index,2010-2039,current,max,6631.0,4778.533333333334,4707.374074074074
Fairbanks,Interior,freezing_index,2010-2039,delta,min,2169.4333333333334,4778.533333333334,4707.374074074074
Fairbanks,Interior,freezing_index,2010-2039,delta,mean,4234.883333333333,4778.533333333334,4707.374074074074
Fairbanks,Interior,freezing_index,2010-2039,delta,max,6656.233333333334,4778.533333333334,4707.374074074074
Fairbanks,Interior,freezing_index,2010-2039,delta_mult_uncapped,min,2122.5031422423895,4778.533333333334,4707.374074074074
Fairbanks,Interior,freezing_index,2010-2039,delta_mult_uncapped,mean,4227.282629993923,4778.533333333334,4707.374074074074
Fairbanks,Interior,freezing_index,2010-2039,delta_mult_uncapped,max,6686.390222484543,4778.533333333334,4707.374074074074
Fairbanks,Interior,freezing_index,2010-2039,delta_mult_cap3x,min,2122.5031422423895,4778.533333333334,4707.374074074074
Fairbanks,Interior,freezing_index,2010-2039,delta_mult_cap3x,mean,4227.282629993923,4778.533333333334,4707.374074074074
Fairbanks,Interior,freezing_index,2010-2039,delta_mult_cap3x,max,6686.390222484543,4778.533333333334,4707.374074074074
Fairbanks,Interior,freezing_index,2010-2039,delta_mult_cap2x,min,2122.5031422423895,4778.533333333334,4707.374074074074
Fairbanks,Interior,freezing_index,2010-2039,delta_mult_cap2x,mean,4227.282629993923,4778.533333333334,4707.374074074074
Fairbanks,Interior,freezing_index,2010-2039,delta_mult_cap2x,max,6686.390222484543,4778.533333333334,4707.374074074074
Fairbanks,Interior,freezing_index,2010-2039,delta_mult_cap1.5x,min,2122.5031422423895,4778.533333333334,4707.374074074074
Fairbanks,Interior,freezing_index,2010-2039,delta_mult_cap1.5x,mean,4227.282629993923,4778.533333333334,4707.374074074074
Fairbanks,Interior,freezing_index,2010-2039,delta_mult_cap1.5x,max,6686.390222484543,4778.533333333334,4707.374074074074
Fairbanks,Interior,freezing_index,2040-2069,current,min,1567.0,4778.533333333334,4707.374074074074
Fairbanks,Interior,freezing_index,2040-2069,current,mean,3556.948148148148,4778.533333333334,4707.374074074074
Fairbanks,Interior,freezing_index,2040-2069,current,max,6159.0,4778.533333333334,4707.374074074074
Fairbanks,Interior,freezing_index,2040-2069,delta,min,1554.3000000000002,4778.533333333334,4707.374074074074
Fairbanks,Interior,freezing_index,2040-2069,delta,mean,3628.107407407407,4778.533333333334,4707.374074074074
Fairbanks,Interior,freezing_index,2040-2069,delta,max,6243.433333333333,4778.533333333334,4707.374074074074
Fairbanks,Interior,freezing_index,2040-2069,delta_mult_uncapped,min,1570.8801987550055,4778.533333333334,4707.374074074074
Fairbanks,Interior,freezing_index,2040-2069,delta_mult_uncapped,mean,3611.1898478914,4778.533333333334,4707.374074074074
Fairbanks,Interior,freezing_index,2040-2069,delta_mult_uncapped,max,6269.782663343346,4778.533333333334,4707.374074074074
Fairbanks,Interior,freezing_index,2040-2069,delta_mult_cap3x,min,1570.8801987550055,4778.533333333334,4707.374074074074
Fairbanks,Interior,freezing_index,2040-2069,delta_mult_cap3x,mean,3611.1898478914,4778.533333333334,4707.374074074074
Fairbanks,Interior,freezing_index,2040-2069,delta_mult_cap3x,max,6269.782663343346,4778.533333333334,4707.374074074074
Fairbanks,Interior,freezing_index,2040-2069,delta_mult_cap2x,min,1570.8801987550055,4778.533333333334,4707.374074074074
Fairbanks,Interior,freezing_index,2040-2069,delta_mult_cap2x,mean,3611.1898478914,4778.533333333334,4707.374074074074
Fairbanks,Interior,freezing_index,2040-2069,delta_mult_cap2x,max,6269.782663343346,4778.533333333334,4707.374074074074
Fairbanks,Interior,freezing_index,2040-2069,delta_mult_cap1.5x,min,1570.8801987550055,4778.533333333334,4707.374074074074
Fairbanks,Interior,freezing_index,2040-2069,delta_mult_cap1.5x,mean,3611.1898478914,4778.533333333334,4707.374074074074
Fairbanks,Interior,freezing_index,2040-2069,delta_mult_cap1.5x,max,6269.782663343346,4778.533333333334,4707.374074074074
Fairbanks,Interior,freezing_index,2070-2099,current,min,842.0,4778.533333333334,4707.374074074074
Fairbanks,Interior,freezing_index,2070-2099,current,mean,3051.1203703703704,4778.533333333334,4707.374074074074
Fairbanks,Interior,freezing_index,2070-2099,current,max,5592.0,4778.533333333334,4707.374074074074
Fairbanks,Interior,freezing_index,2070-2099,delta,min,920.9333333333334,4778.533333333334,4707.374074074074
Fairbanks,Interior,freezing_index,2070-2099,delta,mean,3122.27962962963,4778.533333333334,4707.374074074074
Fairbanks,Interior,freezing_index,2070-2099,delta,max,5814.366666666667,4778.533333333334,4707.374074074074
Fairbanks,Interior,freezing_index,2070-2099,delta_mult_uncapped,min,856.1420262717394,4778.533333333334,4707.374074074074
Fairbanks,Interior,freezing_index,2070-2099,delta_mult_uncapped,mean,3097.147519678479,4778.533333333334,4707.374074074074
Fairbanks,Interior,freezing_index,2070-2099,delta_mult_uncapped,max,5864.921183743644,4778.533333333334,4707.374074074074
Fairbanks,Interior,freezing_index,2070-2099,delta_mult_cap3x,min,856.1420262717394,4778.533333333334,4707.374074074074
Fairbanks,Interior,freezing_index,2070-2099,delta_mult_cap3x,mean,3097.147519678479,4778.533333333334,4707.374074074074
Fairbanks,Interior,freezing_index,2070-2099,delta_mult_cap3x,max,5864.921183743644,4778.533333333334,4707.374074074074
Fairbanks,Interior,freezing_index,2070-2099,delta_mult_cap2x,min,856.1420262717394,4778.533333333334,4707.374074074074
Fairbanks,Interior,freezing_index,2070-2099,delta_mult_cap2x,mean,3097.147519678479,4778.533333333334,4707.374074074074
Fairbanks,Interior,freezing_index,2070-2099,delta_mult_cap2x,max,5864.921183743644,4778.533333333334,4707.374074074074
Fairbanks,Interior,freezing_index,2070-2099,delta_mult_cap1.5x,min,856.1420262717394,4778.533333333334,4707.374074074074
Fairbanks,Interior,freezing_index,2070-2099,delta_mult_cap1.5x,mean,3097.147519678479,4778.533333333334,4707.374074074074
Fairbanks,Interior,freezing_index,2070-2099,delta_mult_cap1.5x,max,5864.921183743644,4778.533333333334,4707.374074074074
Fairbanks,Interior,thawing_index,2010-2039,current,min,2534.0,3587.5,3607.2944444444447
Fairbanks,Interior,thawing_index,2010-2039,current,mean,3927.925925925926,3587.5,3607.2944444444447
Fairbanks,Interior,thawing_index,2010-2039,current,max,5113.0,3587.5,3607.2944444444447
Fairbanks,Interior,thawing_index,2010-2039,delta,min,2542.766666666667,3587.5,3607.2944444444447
Fairbanks,Interior,thawing_index,2010-2039,delta,mean,3908.1314814814814,3587.5,3607.2944444444447
Fairbanks,Interior,thawing_index,2010-2039,delta,max,5058.766666666666,3587.5,3607.2944444444447
Fairbanks,Interior,thawing_index,2010-2039,delta_mult_uncapped,min,2540.2074290717387,3587.5,3607.2944444444447
Fairbanks,Interior,thawing_index,2010-2039,delta_mult_uncapped,mean,3907.006710792633,3587.5,3607.2944444444447
Fairbanks,Interior,thawing_index,2010-2039,delta_mult_uncapped,max,5059.928308650127,3587.5,3607.2944444444447
Fairbanks,Interior,thawing_index,2010-2039,delta_mult_cap3x,min,2540.2074290717387,3587.5,3607.2944444444447
Fairbanks,Interior,thawing_index,2010-2039,delta_mult_cap3x,mean,3907.006710792633,3587.5,3607.2944444444447
Fairbanks,Interior,thawing_index,2010-2039,delta_mult_cap3x,max,5059.928308650127,3587.5,3607.2944444444447
Fairbanks,Interior,thawing_index,2010-2039,delta_mult_cap2x,min,2540.2074290717387,3587.5,3607.2944444444447
Fairbanks,Interior,thawing_index,2010-2039,delta_mult_cap2x,mean,3907.006710792633,3587.5,3607.2944444444447
Fairbanks,Interior,thawing_index,2010-2039,delta_mult_cap2x,max,5059.928308650127,3587.5,3607.2944444444447
Fairbanks,Interior,thawing_index,2010-2039,delta_mult_cap1.5x,min,2540.2074290717387,3587.5,3607.2944444444447
Fairbanks,Interior,thawing_index,2010-2039,delta_mult_cap1.5x,mean,3907.006710792633,3587.5,3607.2944444444447
Fairbanks,Interior,thawing_index,2010-2039,delta_mult_cap1.5x,max,5059.928308650127,3587.5,3607.2944444444447
Fairbanks,Interior,thawing_index,2040-2069,current,min,3230.0,3587.5,3607.2944444444447
Fairbanks,Interior,thawing_index,2040-2069,current,mean,4328.7444444444445,3587.5,3607.2944444444447
Fairbanks,Interior,thawing_index,2040-2069,current,max,6266.0,3587.5,3607.2944444444447
Fairbanks,Interior,thawing_index,2040-2069,delta,min,3190.0666666666666,3587.5,3607.2944444444447
Fairbanks,Interior,thawing_index,2040-2069,delta,mean,4308.95,3587.5,3607.2944444444447
Fairbanks,Interior,thawing_index,2040-2069,delta,max,6211.766666666666,3587.5,3607.2944444444447
Fairbanks,Interior,thawing_index,2040-2069,delta_mult_uncapped,min,3194.441891879474,3587.5,3607.2944444444447
Fairbanks,Interior,thawing_index,2040-2069,delta_mult_uncapped,mean,4305.034976170999,3587.5,3607.2944444444447
Fairbanks,Interior,thawing_index,2040-2069,delta_mult_uncapped,max,6172.685625892433,3587.5,3607.2944444444447
Fairbanks,Interior,thawing_index,2040-2069,delta_mult_cap3x,min,3194.441891879474,3587.5,3607.2944444444447
Fairbanks,Interior,thawing_index,2040-2069,delta_mult_cap3x,mean,4305.034976170999,3587.5,3607.2944444444447
Fairbanks,Interior,thawing_index,2040-2069,delta_mult_cap3x,max,6172.685625892433,3587.5,3607.2944444444447
Fairbanks,Interior,thawing_index,2040-2069,delta_mult_cap2x,min,3194.441891879474,3587.5,3607.2944444444447
Fairbanks,Interior,thawing_index,2040-2069,delta_mult_cap2x,mean,4305.034976170999,3587.5,3607.2944444444447
Fairbanks,Interior,thawing_index,2040-2069,delta_mult_cap2x,max,6172.685625892433,3587.5,3607.2944444444447
Fairbanks,Interior,thawing_index,2040-2069,delta_mult_cap1.5x,min,3194.441891879474,3587.5,3607.2944444444447
Fairbanks,Interior,thawing_index,2040-2069,delta_mult_cap1.5x,mean,4299.187440431665,3587.5,3607.2944444444447
Fairbanks,Interior,thawing_index,2040-2069,delta_mult_cap1.5x,max,5381.25,3587.5,3607.2944444444447
Fairbanks,Interior,thawing_index,2070-2099,current,min,2843.0,3587.5,3607.2944444444447
Fairbanks,Interior,thawing_index,2070-2099,current,mean,4766.961111111111,3587.5,3607.2944444444447
Fairbanks,Interior,thawing_index,2070-2099,current,max,7098.0,3587.5,3607.2944444444447
Fairbanks,Interior,thawing_index,2070-2099,delta,min,2803.0666666666666,3587.5,3607.2944444444447
Fairbanks,Interior,thawing_index,2070-2099,delta,mean,4747.166666666667,3587.5,3607.2944444444447
Fairbanks,Interior,thawing_index,2070-2099,delta,max,7054.333333333334,3587.5,3607.2944444444447
Fairbanks,Interior,thawing_index,2070-2099,delta_mult_uncapped,min,2811.7022596326146,3587.5,3607.2944444444447
Fairbanks,Interior,thawing_index,2070-2099,delta_mult_uncapped,mean,4739.499656831597,3587.5,3607.2944444444447
Fairbanks,Interior,thawing_index,2070-2099,delta_mult_uncapped,max,7012.642860421352,3587.5,3607.2944444444447
Fairbanks,Interior,thawing_index,2070-2099,delta_mult_cap3x,min,2811.7022596326146,3587.5,3607.2944444444447
Fairbanks,Interior,thawing_index,2070-2099,delta_mult_cap3x,mean,4739.499656831597,3587.5,3607.2944444444447
Fairbanks,Interior,thawing_index,2070-2099,delta_mult_cap3x,max,7012.642860421352,3587.5,3607.2944444444447
Fairbanks,Interior,thawing_index,2070-2099,delta_mult_cap2x,min,2811.7022596326146,3587.5,3607.2944444444447
Fairbanks,Interior,thawing_index,2070-2099,delta_mult_cap2x,mean,4739.499656831597,3587.5,3607.2944444444447
Fairbanks,Interior,thawing_index,2070-2099,delta_mult_cap2x,max,7012.642860421352,3587.5,3607.2944444444447
Fairbanks,Interior,thawing_index,2070-2099,delta_mult_cap1.5x,min,2811.7022596326146,3587.5,3607.2944444444447
Fairbanks,Interior,thawing_index,2070-2099,delta_mult_cap1.5x,mean,4654.924790617095,3587.5,3607.2944444444447
Fairbanks,Interior,thawing_index,2070-2099,delta_mult_cap1.5x,max,5381.25,3587.5,3607.2944444444447
Fairbanks,Interior,heating_degree_days,2010-2039,current,min,9538.0,13285.633333333333,13188.975925925926
Fairbanks,Interior,heating_degree_days,2010-2039,current,mean,12350.625925925926,13285.633333333333,13188.975925925926
Fairbanks,Interior,heating_degree_days,2010-2039,current,max,15236.0,13285.633333333333,13188.975925925926
Fairbanks,Interior,heating_degree_days,2010-2039,delta,min,9668.066666666666,13285.633333333333,13188.975925925926
Fairbanks,Interior,heating_degree_days,2010-2039,delta,mean,12447.283333333333,13285.633333333333,13188.975925925926
Fairbanks,Interior,heating_degree_days,2010-2039,delta,max,15322.7,13285.633333333333,13188.975925925926
Fairbanks,Interior,heating_degree_days,2010-2039,delta_mult_uncapped,min,9632.300450759754,13285.633333333333,13188.975925925926
Fairbanks,Interior,heating_degree_days,2010-2039,delta_mult_uncapped,mean,12441.873269699383,13285.633333333333,13188.975925925926
Fairbanks,Interior,heating_degree_days,2010-2039,delta_mult_uncapped,max,15336.08090552772,13285.633333333333,13188.975925925926
Fairbanks,Interior,heating_degree_days,2010-2039,delta_mult_cap3x,min,9632.300450759754,13285.633333333333,13188.975925925926
Fairbanks,Interior,heating_degree_days,2010-2039,delta_mult_cap3x,mean,12441.873269699383,13285.633333333333,13188.975925925926
Fairbanks,Interior,heating_degree_days,2010-2039,delta_mult_cap3x,max,15336.08090552772,13285.633333333333,13188.975925925926
Fairbanks,Interior,heating_degree_days,2010-2039,delta_mult_cap2x,min,9632.300450759754,13285.633333333333,13188.975925925926
Fairbanks,Interior,heating_degree_days,2010-2039,delta_mult_cap2x,mean,12441.873269699383,13285.633333333333,13188.975925925926
Fairbanks,Interior,heating_degree_days,2010-2039,delta_mult_cap2x,max,15336.08090552772,13285.633333333333,13188.975925925926
Fairbanks,Interior,heating_degree_days,2010-2039,delta_mult_cap1.5x,min,9632.300450759754,13285.633333333333,13188.975925925926
Fairbanks,Interior,heating_degree_days,2010-2039,delta_mult_cap1.5x,mean,12441.873269699383,13285.633333333333,13188.975925925926
Fairbanks,Interior,heating_degree_days,2010-2039,delta_mult_cap1.5x,max,15336.08090552772,13285.633333333333,13188.975925925926
Fairbanks,Interior,heating_degree_days,2040-2069,current,min,8273.0,13285.633333333333,13188.975925925926
Fairbanks,Interior,heating_degree_days,2040-2069,current,mean,11394.907407407407,13285.633333333333,13188.975925925926
Fairbanks,Interior,heating_degree_days,2040-2069,current,max,14245.0,13285.633333333333,13188.975925925926
Fairbanks,Interior,heating_degree_days,2040-2069,delta,min,8204.566666666666,13285.633333333333,13188.975925925926
Fairbanks,Interior,heating_degree_days,2040-2069,delta,mean,11491.564814814816,13285.633333333333,13188.975925925926
Fairbanks,Interior,heating_degree_days,2040-2069,delta,max,14512.066666666666,13285.633333333333,13188.975925925926
Fairbanks,Interior,heating_degree_days,2040-2069,delta_mult_uncapped,min,8230.604752110468,13285.633333333333,13188.975925925926
Fairbanks,Interior,heating_degree_days,2040-2069,delta_mult_uncapped,mean,11478.54581793457,13285.633333333333,13188.975925925926
Fairbanks,Interior,heating_degree_days,2040-2069,delta_mult_uncapped,max,14537.226077115503,13285.633333333333,13188.975925925926
Fairbanks,Interior,heating_degree_days,2040-2069,delta_mult_cap3x,min,8230.604752110468,13285.633333333333,13188.975925925926
Fairbanks,Interior,heating_degree_days,2040-2069,delta_mult_cap3x,mean,11478.54581793457,13285.633333333333,13188.975925925926
Fairbanks,Interior,heating_degree_days,2040-2069,delta_mult_cap3x,max,14537.226077115503,13285.633333333333,13188.975925925926
Fairbanks,Interior,heating_degree_days,2040-2069,delta_mult_cap2x,min,8230.604752110468,13285.633333333333,13188.975925925926
Fairbanks,Interior,heating_degree_days,2040-2069,delta_mult_cap2x,mean,11478.54581793457,13285.633333333333,13188.975925925926
Fairbanks,Interior,heating_degree_days,2040-2069,delta_mult_cap2x,max,14537.226077115503,13285.633333333333,13188.975925925926
Fairbanks,Interior,heating_degree_days,2040-2069,delta_mult_cap1.5x,min,8230.604752110468,13285.633333333333,13188.975925925926
Fairbanks,Interior,heating_degree_days,2040-2069,delta_mult_cap1.5x,mean,11478.54581793457,13285.633333333333,13188.975925925926
Fairbanks,Interior,heating_degree_days,2040-2069,delta_mult_cap1.5x,max,14537.226077115503,13285.633333333333,13188.975925925926
Fairbanks,Interior,heating_degree_days,2070-2099,current,min,6937.0,13285.633333333333,13188.975925925926
Fairbanks,Interior,heating_degree_days,2070-2099,current,mean,10544.916666666666,13285.633333333333,13188.975925925926
Fairbanks,Interior,heating_degree_days,2070-2099,current,max,14166.0,13285.633333333333,13188.975925925926
Fairbanks,Interior,heating_degree_days,2070-2099,delta,min,7067.066666666666,13285.633333333333,13188.975925925926
Fairbanks,Interior,heating_degree_days,2070-2099,delta,mean,10641.574074074075,13285.633333333333,13188.975925925926
Fairbanks,Interior,heating_degree_days,2070-2099,delta,max,14433.066666666666,13285.633333333333,13188.975925925926
Fairbanks,Interior,heating_degree_days,2070-2099,delta_mult_uncapped,min,7005.58484241145,13285.633333333333,13188.975925925926
Fairbanks,Interior,heating_degree_days,2070-2099,delta_mult_uncapped,mean,10621.412920008848,13285.633333333333,13188.975925925926
Fairbanks,Interior,heating_degree_days,2070-2099,delta_mult_uncapped,max,14456.605448116406,13285.633333333333,13188.975925925926
Fairbanks,Interior,heating_degree_days,2070-2099,delta_mult_cap3x,min,7005.58484241145,13285.633333333333,13188.975925925926
Fairbanks,Interior,heating_degree_days,2070-2099,delta_mult_cap3x,mean,10621.412920008848,13285.633333333333,13188.975925925926
Fairbanks,Interior,heating_degree_days,2070-2099,delta_mult_cap3x,max,14456.605448116406,13285.633333333333,13188.975925925926
Fairbanks,Interior,heating_degree_days,2070-2099,delta_mult_cap2x,min,7005.58484241145,13285.633333333333,13188.975925925926
Fairbanks,Interior,heating_degree_days,2070-2099,delta_mult_cap2x,mean,10621.412920008848,13285.633333333333,13188.975925925926
Fairbanks,Interior,heating_degree_days,2070-2099,delta_mult_cap2x,max,14456.605448116406,13285.633333333333,13188.975925925926
Fairbanks,Interior,heating_degree_days,2070-2099,delta_mult_cap1.5x,min,7005.58484241145,13285.633333333333,13188.975925925926
Fairbanks,Interior,heating_degree_days,2070-2099,delta_mult_cap1.5x,mean,10621.412920008848,13285.633333333333,13188.975925925926
Fairbanks,Interior,heating_degree_days,2070-2099,delta_mult_cap1.5x,max,14456.605448116406,13285.633333333333,13188.975925925926
Fort Yukon,Interior,freezing_index,2010-2039,current,min,3616.0,6411.566666666667,6287.43888888889
Fort Yukon,Interior,freezing_index,2010-2039,current,mean,5657.785185185186,6411.566666666667,6287.43888888889
Fort Yukon,Interior,freezing_index,2010-2039,current,max,8673.0,6411.566666666667,6287.43888888889
Fort Yukon,Interior,freezing_index,2010-2039,delta,min,3750.1000000000004,6411.566666666667,6287.43888888889
Fort Yukon,Interior,freezing_index,2010-2039,delta,mean,5781.912962962963,6411.566666666667,6287.43888888889
Fort Yukon,Interior,freezing_index,2010-2039,delta,max,8634.533333333333,6411.566666666667,6287.43888888889
Fort Yukon,Interior,freezing_index,2010-2039,delta_mult_uncapped,min,3693.2454280920115,6411.566666666667,6287.43888888889
Fort Yukon,Interior,freezing_index,2010-2039,delta_mult_uncapped,mean,5769.130531103799,6411.566666666667,6287.43888888889
Fort Yukon,Interior,freezing_index,2010-2039,delta_mult_uncapped,max,8621.276019245379,6411.566666666667,6287.43888888889
Fort Yukon,Interior,freezing_index,2010-2039,delta_mult_cap3x,min,3693.2454280920115,6411.566666666667,6287.43888888889
Fort Yukon,Interior,freezing_index,2010-2039,delta_mult_cap3x,mean,5769.130531103799,6411.566666666667,6287.43888888889
Fort Yukon,Interior,freezing_index,2010-2039,delta_mult_cap3x,max,8621.276019245379,6411.566666666667,6287.43888888889
Fort Yukon,Interior,freezing_index,2010-2039,delta_mult_cap2x,min,3693.2454280920115,6411.566666666667,6287.43888888889
Fort Yukon,Interior,freezing_index,2010-2039,delta_mult_cap2x,mean,5769.130531103799,6411.566666666667,6287.43888888889
Fort Yukon,Interior,freezing_index,2010-2039,delta_mult_cap2x,max,8621.276019245379,6411.566666666667,6287.43888888889
Fort Yukon,Interior,freezing_index,2010-2039,delta_mult_cap1.5x,min,3693.2454280920115,6411.566666666667,6287.43888888889
Fort Yukon,Interior,freezing_index,2010-2039,delta_mult_cap1.5x,mean,5769.130531103799,6411.566666666667,6287.43888888889
Fort Yukon,Interior,freezing_index,2010-2039,delta_mult_cap1.5x,max,8621.276019245379,6411.566666666667,6287.43888888889
Fort Yukon,Interior,freezing_index,2040-2069,current,min,2838.0,6411.566666666667,6287.43888888889
Fort Yukon,Interior,freezing_index,2040-2069,current,mean,4956.162962962963,6411.566666666667,6287.43888888889
Fort Yukon,Interior,freezing_index,2040-2069,current,max,7373.0,6411.566666666667,6287.43888888889
Fort Yukon,Interior,freezing_index,2040-2069,delta,min,2859.833333333333,6411.566666666667,6287.43888888889
Fort Yukon,Interior,freezing_index,2040-2069,delta,mean,5080.290740740741,6411.566666666667,6287.43888888889
Fort Yukon,Interior,freezing_index,2040-2069,delta,max,7507.1,6411.566666666667,6287.43888888889
Fort Yukon,Interior,freezing_index,2040-2069,delta_mult_uncapped,min,2847.6972747949835,6411.566666666667,6287.43888888889
Fort Yukon,Interior,freezing_index,2040-2069,delta_mult_uncapped,mean,5053.0188958997105,6411.566666666667,6287.43888888889
Fort Yukon,Interior,freezing_index,2040-2069,delta_mult_uncapped,max,7530.502915188717,6411.566666666667,6287.43888888889
Fort Yukon,Interior,freezing_index,2040-2069,delta_mult_cap3x,min,2847.6972747949835,6411.566666666667,6287.43888888889
Fort Yukon,Interior,freezing_index,2040-2069,delta_mult_cap3x,mean,5053.0188958997105,6411.566666666667,6287.43888888889
Fort Yukon,Interior,freezing_index,2040-2069,delta_mult_cap3x,max,7530.502915188717,6411.566666666667,6287.43888888889
Fort Yukon,Interior,freezing_index,2040-2069,delta_mult_cap2x,min,2847.6972747949835,6411.566666666667,6287.43888888889
Fort Yukon,Interior,freezing_index,2040-2069,delta_mult_cap2x,mean,5053.0188958997105,6411.566666666667,6287.43888888889
Fort Yukon,Interior,freezing_index,2040-2069,delta_mult_cap2x,max,7530.502915188717,6411.566666666667,6287.43888888889
Fort Yukon,Interior,freezing_index,2040-2069,delta_mult_cap1.5x,min,2847.6972747949835,6411.566666666667,6287.43888888889
Fort Yukon,Interior,freezing_index,2040-2069,delta_mult_cap1.5x,mean,5053.0188958997105,6411.566666666667,6287.43888888889
Fort Yukon,Interior,freezing_index,2040-2069,delta_mult_cap1.5x,max,7530.502915188717,6411.566666666667,6287.43888888889
Fort Yukon,Interior,freezing_index,2070-2099,current,min,1704.0,6411.566666666667,6287.43888888889
Fort Yukon,Interior,freezing_index,2070-2099,current,mean,4317.22962962963,6411.566666666667,6287.43888888889
Fort Yukon,Interior,freezing_index,2070-2099,current,max,6736.0,6411.566666666667,6287.43888888889
Fort Yukon,Interior,freezing_index,2070-2099,delta,min,1926.666666666667,6411.566666666667,6287.43888888889
Fort Yukon,Interior,freezing_index,2070-2099,delta,mean,4441.357407407408,6411.566666666667,6287.43888888889
Fort Yukon,Interior,freezing_index,2070-2099,delta,max,6972.666666666667,6411.566666666667,6287.43888888889
Fort Yukon,Interior,freezing_index,2070-2099,delta_mult_uncapped,min,1765.3071789817254,6411.566666666667,6287.43888888889
Fort Yukon,Interior,freezing_index,2070-2099,delta_mult_uncapped,mean,4400.013879046158,6411.566666666667,6287.43888888889
Fort Yukon,Interior,freezing_index,2070-2099,delta_mult_uncapped,max,6994.17206216565,6411.566666666667,6287.43888888889
Fort Yukon,Interior,freezing_index,2070-2099,delta_mult_cap3x,min,1765.3071789817254,6411.566666666667,6287.43888888889
Fort Yukon,Interior,freezing_index,2070-2099,delta_mult_cap3x,mean,4400.013879046158,6411.566666666667,6287.43888888889
Fort Yukon,Interior,freezing_index,2070-2099,delta_mult_cap3x,max,6994.17206216565,6411.566666666667,6287.43888888889
Fort Yukon,Interior,freezing_index,2070-2099,delta_mult_cap2x,min,1765.3071789817254,6411.566666666667,6287.43888888889
Fort Yukon,Interior,freezing_index,2070-2099,delta_mult_cap2x,mean,4400.013879046158,6411.566666666667,6287.43888888889
Fort Yukon,Interior,freezing_index,2070-2099,delta_mult_cap2x,max,6994.17206216565,6411.566666666667,6287.43888888889
Fort Yukon,Interior,freezing_index,2070-2099,delta_mult_cap1.5x,min,1765.3071789817254,6411.566666666667,6287.43888888889
Fort Yukon,Interior,freezing_index,2070-2099,delta_mult_cap1.5x,mean,4400.013879046158,6411.566666666667,6287.43888888889
Fort Yukon,Interior,freezing_index,2070-2099,delta_mult_cap1.5x,max,6994.17206216565,6411.566666666667,6287.43888888889
Fort Yukon,Interior,thawing_index,2010-2039,current,min,2548.0,3266.3333333333335,3311.727777777778
Fort Yukon,Interior,thawing_index,2010-2039,current,mean,3578.0,3266.3333333333335,3311.727777777778
Fort Yukon,Interior,thawing_index,2010-2039,current,max,4721.0,3266.3333333333335,3311.727777777778
Fort Yukon,Interior,thawing_index,2010-2039,delta,min,2528.166666666667,3266.3333333333335,3311.727777777778
Fort Yukon,Interior,thawing_index,2010-2039,delta,mean,3532.6055555555554,3266.3333333333335,3311.727777777778
Fort Yukon,Interior,thawing_index,2010-2039,delta,max,4659.833333333334,3266.3333333333335,3311.727777777778
Fort Yukon,Interior,thawing_index,2010-2039,delta_mult_uncapped,min,2532.62179844804,3266.3333333333335,3311.727777777778
Fort Yukon,Interior,thawing_index,2010-2039,delta_mult_uncapped,mean,3529.189290111976,3266.3333333333335,3311.727777777778
Fort Yukon,Interior,thawing_index,2010-2039,delta_mult_uncapped,max,4646.244050325906,3266.3333333333335,3311.727777777778
Fort Yukon,Interior,thawing_index,2010-2039,delta_mult_cap3x,min,2532.62179844804,3266.3333333333335,3311.727777777778
Fort Yukon,Interior,thawing_index,2010-2039,delta_mult_cap3x,mean,3529.189290111976,3266.3333333333335,3311.727777777778
Fort Yukon,Interior,thawing_index,2010-2039,delta_mult_cap3x,max,4646.244050325906,3266.3333333333335,3311.727777777778
Fort Yukon,Interior,thawing_index,2010-2039,delta_mult_cap2x,min,2532.62179844804,3266.3333333333335,3311.727777777778
Fort Yukon,Interior,thawing_index,2010-2039,delta_mult_cap2x,mean,3529.189290111976,3266.3333333333335,3311.727777777778
Fort Yukon,Interior,thawing_index,2010-2039,delta_mult_cap2x,max,4646.244050325906,3266.3333333333335,3311.727777777778
Fort Yukon,Interior,thawing_index,2010-2039,delta_mult_cap1.5x,min,2532.62179844804,3266.3333333333335,3311.727777777778
Fort Yukon,Interior,thawing_index,2010-2039,delta_mult_cap1.5x,mean,3529.189290111976,3266.3333333333335,3311.727777777778
Fort Yukon,Interior,thawing_index,2010-2039,delta_mult_cap1.5x,max,4646.244050325906,3266.3333333333335,3311.727777777778
Fort Yukon,Interior,thawing_index,2040-2069,current,min,2727.0,3266.3333333333335,3311.727777777778
Fort Yukon,Interior,thawing_index,2040-2069,current,mean,3931.4962962962964,3266.3333333333335,3311.727777777778
Fort Yukon,Interior,thawing_index,2040-2069,current,max,5657.0,3266.3333333333335,3311.727777777778
Fort Yukon,Interior,thawing_index,2040-2069,delta,min,2664.3,3266.3333333333335,3311.727777777778
Fort Yukon,Interior,thawing_index,2040-2069,delta,mean,3886.1018518518517,3266.3333333333335,3311.727777777778
Fort Yukon,Interior,thawing_index,2040-2069,delta,max,5581.733333333334,3266.3333333333335,3311.727777777778
Fort Yukon,Interior,thawing_index,2040-2069,delta_mult_uncapped,min,2675.6388741476503,3266.3333333333335,3311.727777777778
Fort Yukon,Interior,thawing_index,2040-2069,delta_mult_uncapped,mean,3877.3945905082305,3266.3333333333335,3311.727777777778
Fort Yukon,Interior,thawing_index,2040-2069,delta_mult_uncapped,max,5529.58093927061,3266.3333333333335,3311.727777777778
Fort Yukon,Interior,thawing_index,2040-2069,delta_mult_cap3x,min,2675.6388741476503,3266.3333333333335,3311.727777777778
Fort Yukon,Interior,thawing_index,2040-2069,delta_mult_cap3x,mean,3877.3945905082305,3266.3333333333335,3311.727777777778
Fort Yukon,Interior,thawing_index,2040-2069,delta_mult_cap3x,max,5529.58093927061,3266.3333333333335,3311.727777777778
Fort Yukon,Interior,thawing_index,2040-2069,delta_mult_cap2x,min,2675.6388741476503,3266.3333333333335,3311.727777777778
Fort Yukon,Interior,thawing_index,2040-2069,delta_mult_cap2x,mean,3877.3945905082305,3266.3333333333335,3311.727777777778
Fort Yukon,Interior,thawing_index,2040-2069,delta_mult_cap2x,max,5529.58093927061,3266.3333333333335,3311.727777777778
Fort Yukon,Interior,thawing_index,2040-2069,delta_mult_cap1.5x,min,2675.6388741476503,3266.3333333333335,3311.727777777778
Fort Yukon,Interior,thawing_index,2040-2069,delta_mult_cap1.5x,mean,3873.5780094251945,3266.3333333333335,3311.727777777778
Fort Yukon,Interior,thawing_index,2040-2069,delta_mult_cap1.5x,max,4899.5,3266.3333333333335,3311.727777777778
Fort Yukon,Interior,thawing_index,2070-2099,current,min,2528.0,3266.3333333333335,3311.727777777778
Fort Yukon,Interior,thawing_index,2070-2099,current,mean,4309.944444444444,3266.3333333333335,3311.727777777778
Fort Yukon,Interior,thawing_index,2070-2099,current,max,6175.0,3266.3333333333335,3311.727777777778
Fort Yukon,Interior,thawing_index,2070-2099,delta,min,2465.3,3266.3333333333335,3311.727777777778
Fort Yukon,Interior,thawing_index,2070-2099,delta,mean,4264.55,3266.3333333333335,3311.727777777778
Fort Yukon,Interior,thawing_index,2070-2099,delta,max,6112.833333333334,3266.3333333333335,3311.727777777778
Fort Yukon,Interior,thawing_index,2070-2099,delta_mult_uncapped,min,2480.386899099839,3266.3333333333335,3311.727777777778
Fort Yukon,Interior,thawing_index,2070-2099,delta_mult_uncapped,mean,4249.739501680779,3266.3333333333335,3311.727777777778
Fort Yukon,Interior,thawing_index,2070-2099,delta_mult_uncapped,max,6059.6690200791145,3266.3333333333335,3311.727777777778
Fort Yukon,Interior,thawing_index,2070-2099,delta_mult_cap3x,min,2480.386899099839,3266.3333333333335,3311.727777777778
Fort Yukon,Interior,thawing_index,2070-2099,delta_mult_cap3x,mean,4249.739501680779,3266.3333333333335,3311.727777777778
Fort Yukon,Interior,thawing_index,2070-2099,delta_mult_cap3x,max,6059.6690200791145,3266.3333333333335,3311.727777777778
Fort Yukon,Interior,thawing_index,2070-2099,delta_mult_cap2x,min,2480.386899099839,3266.3333333333335,3311.727777777778
Fort Yukon,Interior,thawing_index,2070-2099,delta_mult_cap2x,mean,4249.739501680779,3266.3333333333335,3311.727777777778
Fort Yukon,Interior,thawing_index,2070-2099,delta_mult_cap2x,max,6059.6690200791145,3266.3333333333335,3311.727777777778
Fort Yukon,Interior,thawing_index,2070-2099,delta_mult_cap1.5x,min,2480.386899099839,3266.3333333333335,3311.727777777778
Fort Yukon,Interior,thawing_index,2070-2099,delta_mult_cap1.5x,mean,4185.386869000962,3266.3333333333335,3311.727777777778
Fort Yukon,Interior,thawing_index,2070-2099,delta_mult_cap1.5x,max,4899.5,3266.3333333333335,3311.727777777778
Fort Yukon,Interior,heating_degree_days,2010-2039,current,min,11498.0,15250.833333333334,15078.487037037037
Fort Yukon,Interior,heating_degree_days,2010-2039,current,mean,14211.098148148149,15250.833333333334,15078.487037037037
Fort Yukon,Interior,heating_degree_days,2010-2039,current,max,17257.0,15250.833333333334,15078.487037037037
Fort Yukon,Interior,heating_degree_days,2010-2039,delta,min,11586.400000000001,15250.833333333334,15078.487037037037
Fort Yukon,Interior,heating_degree_days,2010-2039,delta,mean,14383.444444444447,15250.833333333334,15078.487037037037
Fort Yukon,Interior,heating_degree_days,2010-2039,delta,max,17242.466666666667,15250.833333333334,15078.487037037037
Fort Yukon,Interior,heating_degree_days,2010-2039,delta_mult_uncapped,min,11565.03562532839,15250.833333333334,15078.487037037037
Fort Yukon,Interior,heating_degree_days,2010-2039,delta_mult_uncapped,mean,14373.52771380301,15250.833333333334,15078.487037037037
Fort Yukon,Interior,heating_degree_days,2010-2039,delta_mult_uncapped,max,17240.570539849465,15250.833333333334,15078.487037037037
Fort Yukon,Interior,heating_degree_days,2010-2039,delta_mult_cap3x,min,11565.03562532839,15250.833333333334,15078.487037037037
Fort Yukon,Interior,heating_degree_days,2010-2039,delta_mult_cap3x,mean,14373.52771380301,15250.833333333334,15078.487037037037
Fort Yukon,Interior,heating_degree_days,2010-2039,delta_mult_cap3x,max,17240.570539849465,15250.833333333334,15078.487037037037
Fort Yukon,Interior,heating_degree_days,2010-2039,delta_mult_cap2x,min,11565.03562532839,15250.833333333334,15078.487037037037
Fort Yukon,Interior,heating_degree_days,2010-2039,delta_mult_cap2x,mean,14373.52771380301,15250.833333333334,15078.487037037037
Fort Yukon,Interior,heating_degree_days,2010-2039,delta_mult_cap2x,max,17240.570539849465,15250.833333333334,15078.487037037037
Fort Yukon,Interior,heating_degree_days,2010-2039,delta_mult_cap1.5x,min,11565.03562532839,15250.833333333334,15078.487037037037
Fort Yukon,Interior,heating_degree_days,2010-2039,delta_mult_cap1.5x,mean,14373.52771380301,15250.833333333334,15078.487037037037
Fort Yukon,Interior,heating_degree_days,2010-2039,delta_mult_cap1.5x,max,17240.570539849465,15250.833333333334,15078.487037037037
Fort Yukon,Interior,heating_degree_days,2040-2069,current,min,10145.0,15250.833333333334,15078.487037037037
Fort Yukon,Interior,heating_degree_days,2040-2069,current,mean,13214.903703703703,15250.833333333334,15078.487037037037
Fort Yukon,Interior,heating_degree_days,2040-2069,current,max,16039.0,15250.833333333334,15078.487037037037
Fort Yukon,Interior,heating_degree_days,2040-2069,delta,min,10343.233333333334,15250.833333333334,15078.487037037037
Fort Yukon,Interior,heating_degree_days,2040-2069,delta,mean,13387.250000000002,15250.833333333334,15078.487037037037
Fort Yukon,Interior,heating_degree_days,2040-2069,delta,max,16338.033333333335,15250.833333333334,15078.487037037037
Fort Yukon,Interior,heating_degree_days,2040-2069,delta_mult_uncapped,min,10318.17805426746,15250.833333333334,15078.487037037037
Fort Yukon,Interior,heating_degree_days,2040-2069,delta_mult_uncapped,mean,13365.25657529454,15250.833333333334,15078.487037037037
Fort Yukon,Interior,heating_degree_days,2040-2069,delta_mult_uncapped,max,16359.777139430258,15250.833333333334,15078.487037037037
Fort Yukon,Interior,heating_degree_days,2040-2069,delta_mult_cap3x,min,10318.17805426746,15250.833333333334,15078.487037037037
Fort Yukon,Interior,heating_degree_days,2040-2069,delta_mult_cap3x,mean,13365.25657529454,15250.833333333334,15078.487037037037
Fort Yukon,Interior,heating_degree_days,2040-2069,delta_mult_cap3x,max,16359.777139430258,15250.833333333334,15078.487037037037
Fort Yukon,Interior,heating_degree_days,2040-2069,delta_mult_cap2x,min,10318.17805426746,15250.833333333334,15078.487037037037
Fort Yukon,Interior,heating_degree_days,2040-2069,delta_mult_cap2x,mean,13365.25657529454,15250.833333333334,15078.487037037037
Fort Yukon,Interior,heating_degree_days,2040-2069,delta_mult_cap2x,max,16359.777139430258,15250.833333333334,15078.487037037037
Fort Yukon,Interior,heating_degree_days,2040-2069,delta_mult_cap1.5x,min,10318.17805426746,15250.833333333334,15078.487037037037
Fort Yukon,Interior,heating_degree_days,2040-2069,delta_mult_cap1.5x,mean,13365.25657529454,15250.833333333334,15078.487037037037
Fort Yukon,Interior,heating_degree_days,2040-2069,delta_mult_cap1.5x,max,16359.777139430258,15250.833333333334,15078.487037037037
Fort Yukon,Interior,heating_degree_days,2070-2099,current,min,8505.0,15250.833333333334,15078.487037037037
Fort Yukon,Interior,heating_degree_days,2070-2099,current,mean,12285.37962962963,15250.833333333334,15078.487037037037
Fort Yukon,Interior,heating_degree_days,2070-2099,current,max,15881.0,15250.833333333334,15078.487037037037
Fort Yukon,Interior,heating_degree_days,2070-2099,delta,min,8792.0,15250.833333333334,15078.487037037037
Fort Yukon,Interior,heating_degree_days,2070-2099,delta,mean,12457.725925925928,15250.833333333334,15078.487037037037
Fort Yukon,Interior,heating_degree_days,2070-2099,delta,max,16180.033333333335,15250.833333333334,15078.487037037037
Fort Yukon,Interior,heating_degree_days,2070-2099,delta_mult_uncapped,min,8668.122306004478,15250.833333333334,15078.487037037037
Fort Yukon,Interior,heating_degree_days,2070-2099,delta_mult_uncapped,mean,12423.797433288582,15250.833333333334,15078.487037037037
Fort Yukon,Interior,heating_degree_days,2070-2099,delta_mult_uncapped,max,16198.617167609698,15250.833333333334,15078.487037037037
Fort Yukon,Interior,heating_degree_days,2070-2099,delta_mult_cap3x,min,8668.122306004478,15250.833333333334,15078.487037037037
Fort Yukon,Interior,heating_degree_days,2070-2099,delta_mult_cap3x,mean,12423.797433288582,15250.833333333334,15078.487037037037
Fort Yukon,Interior,heating_degree_days,2070-2099,delta_mult_cap3x,max,16198.617167609698,15250.833333333334,15078.487037037037
Fort Yukon,Interior,heating_degree_days,2070-2099,delta_mult_cap2x,min,8668.122306004478,15250.833333333334,15078.487037037037
Fort Yukon,Interior,heating_degree_days,2070-2099,delta_mult_cap2x,mean,12423.797433288582,15250.833333333334,15078.487037037037
Fort Yukon,Interior,heating_degree_days,2070-2099,delta_mult_cap2x,max,16198.617167609698,15250.833333333334,15078.487037037037
Fort Yukon,Interior,heating_degree_days,2070-2099,delta_mult_cap1.5x,min,8668.122306004478,15250.833333333334,15078.487037037037
Fort Yukon,Interior,heating_degree_days,2070-2099,delta_mult_cap1.5x,mean,12423.797433288582,15250.833333333334,15078.487037037037
Fort Yukon,Interior,heating_degree_days,2070-2099,delta_mult_cap1.5x,max,16198.617167609698,15250.833333333334,15078.487037037037
Galena,Interior,freezing_index,2010-2039,current,min,2012.0,4884.333333333333,4788.416666666667
Galena,Interior,freezing_index,2010-2039,current,mean,4223.235185185185,4884.333333333333,4788.416666666667
Galena,Interior,freezing_index,2010-2039,current,max,7140.0,4884.333333333333,4788.416666666667
Galena,Interior,freezing_index,2010-2039,delta,min,2010.6333333333332,4884.333333333333,4788.416666666667
Galena,Interior,freezing_index,2010-2039,delta,mean,4319.1518518518515,4884.333333333333,4788.416666666667
Galena,Interior,freezing_index,2010-2039,delta,max,7314.133333333333,4884.333333333333,4788.416666666667
Galena,Interior,freezing_index,2010-2039,delta_mult_uncapped,min,2011.43718743817,4884.333333333333,4788.416666666667
Galena,Interior,freezing_index,2010-2039,delta_mult_uncapped,mean,4308.769276312651,4884.333333333333,4788.416666666667
Galena,Interior,freezing_index,2010-2039,delta_mult_uncapped,max,7403.961615218038,4884.333333333333,4788.416666666667
Galena,Interior,freezing_index,2010-2039,delta_mult_cap3x,min,2011.43718743817,4884.333333333333,4788.416666666667
Galena,Interior,freezing_index,2010-2039,delta_mult_cap3x,mean,4308.769276312651,4884.333333333333,4788.416666666667
Galena,Interior,freezing_index,2010-2039,delta_mult_cap3x,max,7403.961615218038,4884.333333333333,4788.416666666667
Galena,Interior,freezing_index,2010-2039,delta_mult_cap2x,min,2011.43718743817,4884.333333333333,4788.416666666667
Galena,Interior,freezing_index,2010-2039,delta_mult_cap2x,mean,4308.769276312651,4884.333333333333,4788.416666666667
Galena,Interior,freezing_index,2010-2039,delta_mult_cap2x,max,7403.961615218038,4884.333333333333,4788.416666666667
Galena,Interior,freezing_index,2010-2039,delta_mult_cap1.5x,min,2011.43718743817,4884.333333333333,4788.416666666667
Galena,Interior,freezing_index,2010-2039,delta_mult_cap1.5x,mean,4308.625828877062,4884.333333333333,4788.416666666667
Galena,Interior,freezing_index,2010-2039,delta_mult_cap1.5x,max,7326.5,4884.333333333333,4788.416666666667
Galena,Interior,freezing_index,2040-2069,current,min,1258.0,4884.333333333333,4788.416666666667
Galena,Interior,freezing_index,2040-2069,current,mean,3477.75,4884.333333333333,4788.416666666667
Galena,Interior,freezing_index,2040-2069,current,max,6087.0,4884.333333333333,4788.416666666667
Galena,Interior,freezing_index,2040-2069,delta,min,1247.4333333333334,4884.333333333333,4788.416666666667
Galena,Interior,freezing_index,2040-2069,delta,mean,3573.666666666666,4884.333333333333,4788.416666666667
Galena,Interior,freezing_index,2040-2069,delta,max,6376.333333333333,4884.333333333333,4788.416666666667
Galena,Interior,freezing_index,2040-2069,delta_mult_uncapped,min,1255.284343568476,4884.333333333333,4788.416666666667
Galena,Interior,freezing_index,2040-2069,delta_mult_uncapped,mean,3547.8736161887514,4884.333333333333,4788.416666666667
Galena,Interior,freezing_index,2040-2069,delta_mult_uncapped,max,6470.280087051142,4884.333333333333,4788.416666666667
Galena,Interior,freezing_index,2040-2069,delta_mult_cap3x,min,1255.284343568476,4884.333333333333,4788.416666666667
Galena,Interior,freezing_index,2040-2069,delta_mult_cap3x,mean,3547.8736161887514,4884.333333333333,4788.416666666667
Galena,Interior,freezing_index,2040-2069,delta_mult_cap3x,max,6470.280087051142,4884.333333333333,4788.416666666667
Galena,Interior,freezing_index,2040-2069,delta_mult_cap2x,min,1255.284343568476,4884.333333333333,4788.416666666667
Galena,Interior,freezing_index,2040-2069,delta_mult_cap2x,mean,3547.8736161887514,4884.333333333333,4788.416666666667
Galena,Interior,freezing_index,2040-2069,delta_mult_cap2x,max,6470.280087051142,4884.333333333333,4788.416666666667
Galena,Interior,freezing_index,2040-2069,delta_mult_cap1.5x,min,1255.284343568476,4884.333333333333,4788.416666666667
Galena,Interior,freezing_index,2040-2069,delta_mult_cap1.5x,mean,3547.8736161887514,4884.333333333333,4788.416666666667
Galena,Interior,freezing_index,2040-2069,delta_mult_cap1.5x,max,6470.280087051142,4884.333333333333,4788.416666666667
Galena,Interior,freezing_index,2070-2099,current,min,630.0,4884.333333333333,4788.416666666667
Galena,Interior,freezing_index,2070-2099,current,mean,2911.55,4884.333333333333,4788.416666666667
Galena,Interior,freezing_index,2070-2099,current,max,5535.0,4884.333333333333,4788.416666666667
Galena,Interior,freezing_index,2070-2099,delta,min,628.6333333333332,4884.333333333333,4788.416666666667
Galena,Interior,freezing_index,2070-2099,delta,mean,3007.4666666666667,4884.333333333333,4788.416666666667
Galena,Interior,freezing_index,2070-2099,delta,max,5824.333333333333,4884.333333333333,4788.416666666667
Galena,Interior,freezing_index,2070-2099,delta_mult_uncapped,min,629.8237714145363,4884.333333333333,4788.416666666667
Galena,Interior,freezing_index,2070-2099,delta_mult_uncapped,mean,2968.880449562035,4884.333333333333,4788.416666666667
Galena,Interior,freezing_index,2070-2099,delta_mult_uncapped,max,5883.522306855277,4884.333333333333,4788.416666666667
Galena,Interior,freezing_index,2070-2099,delta_mult_cap3x,min,629.8237714145363,4884.333333333333,4788.416666666667
Galena,Interior,freezing_index,2070-2099,delta_mult_cap3x,mean,2968.880449562035,4884.333333333333,4788.416666666667
Galena,Interior,freezing_index,2070-2099,delta_mult_cap3x,max,5883.522306855277,4884.333333333333,4788.416666666667
Galena,Interior,freezing_index,2070-2099,delta_mult_cap2x,min,629.8237714145363,4884.333333333333,4788.416666666667
Galena,Interior,freezing_index,2070-2099,delta_mult_cap2x,mean,2968.880449562035,4884.333333333333,4788.416666666667
Galena,Interior,freezing_index,2070-2099,delta_mult_cap2x,max,5883.522306855277,4884.333333333333,4788.416666666667
Galena,Interior,freezing_index,2070-2099,delta_mult_cap1.5x,min,629.8237714145363,4884.333333333333,4788.416666666667
Galena,Interior,freezing_index,2070-2099,delta_mult_cap1.5x,mean,2968.880449562035,4884.333333333333,4788.416666666667
Galena,Interior,freezing_index,2070-2099,delta_mult_cap1.5x,max,5883.522306855277,4884.333333333333,4788.416666666667
Galena,Interior,thawing_index,2010-2039,current,min,2130.0,3064.3,3123.0962962962963
Galena,Interior,thawing_index,2010-2039,current,mean,3427.7074074074076,3064.3,3123.0962962962963
Galena,Interior,thawing_index,2010-2039,current,max,4907.0,3064.3,3123.0962962962963
Galena,Interior,thawing_index,2010-2039,delta,min,2093.1000000000004,3064.3,3123.0962962962963
Galena,Interior,thawing_index,2010-2039,delta,mean,3368.9111111111115,3064.3,3123.0962962962963
Galena,Interior,thawing_index,2010-2039,delta,max,4792.033333333333,3064.3,3123.0962962962963
Galena,Interior,thawing_index,2010-2039,delta_mult_uncapped,min,2104.65593963627,3064.3,3123.0962962962963
Galena,Interior,thawing_index,2010-2039,delta_mult_uncapped,mean,3363.38137291875,3064.3,3123.0962962962963
Galena,Interior,thawing_index,2010-2039,delta_mult_uncapped,max,4729.556113569167,3064.3,3123.0962962962963
Galena,Interior,thawing_index,2010-2039,delta_mult_cap3x,min,2104.65593963627,3064.3,3123.0962962962963
Galena,Interior,thawing_index,2010-2039,delta_mult_cap3x,mean,3363.38137291875,3064.3,3123.0962962962963
Galena,Interior,thawing_index,2010-2039,delta_mult_cap3x,max,4729.556113569167,3064.3,3123.0962962962963
Galena,Interior,thawing_index,2010-2039,delta_mult_cap2x,min,2104.65593963627,3064.3,3123.0962962962963
Galena,Interior,thawing_index,2010-2039,delta_mult_cap2x,mean,3363.38137291875,3064.3,3123.0962962962963
Galena,Interior,thawing_index,2010-2039,delta_mult_cap2x,max,4729.556113569167,3064.3,3123.0962962962963
Galena,Interior,thawing_index,2010-2039,delta_mult_cap1.5x,min,2104.65593963627,3064.3,3123.0962962962963
Galena,Interior,thawing_index,2010-2039,delta_mult_cap1.5x,mean,3363.134880115844,3064.3,3123.0962962962963
Galena,Interior,thawing_index,2010-2039,delta_mult_cap1.5x,max,4596.450000000001,3064.3,3123.0962962962963
Galena,Interior,thawing_index,2040-2069,current,min,2668.0,3064.3,3123.0962962962963
Galena,Interior,thawing_index,2040-2069,current,mean,3837.6111111111113,3064.3,3123.0962962962963
Galena,Interior,thawing_index,2040-2069,current,max,5828.0,3064.3,3123.0962962962963
Galena,Interior,thawing_index,2040-2069,delta,min,2551.7333333333336,3064.3,3123.0962962962963
Galena,Interior,thawing_index,2040-2069,delta,mean,3778.8148148148152,3064.3,3123.0962962962963
Galena,Interior,thawing_index,2040-2069,delta,max,5713.033333333333,3064.3,3123.0962962962963
Galena,Interior,thawing_index,2040-2069,delta_mult_uncapped,min,2570.4703773960614,3064.3,3123.0962962962963
Galena,Interior,thawing_index,2040-2069,delta_mult_uncapped,mean,3764.439624006333,3064.3,3123.0962962962963
Galena,Interior,thawing_index,2040-2069,delta_mult_uncapped,max,5617.251483570635,3064.3,3123.0962962962963
Galena,Interior,thawing_index,2040-2069,delta_mult_cap3x,min,2570.4703773960614,3064.3,3123.0962962962963
Galena,Interior,thawing_index,2040-2069,delta_mult_cap3x,mean,3764.439624006333,3064.3,3123.0962962962963
Galena,Interior,thawing_index,2040-2069,delta_mult_cap3x,max,5617.251483570635,3064.3,3123.0962962962963
Galena,Interior,thawing_index,2040-2069,delta_mult_cap2x,min,2570.4703773960614,3064.3,3123.0962962962963
Galena,Interior,thawing_index,2040-2069,delta_mult_cap2x,mean,3764.439624006333,3064.3,3123.0962962962963
Galena,Interior,thawing_index,2040-2069,delta_mult_cap2x,max,5617.251483570635,3064.3,3123.0962962962963
Galena,Interior,thawing_index,2040-2069,delta_mult_cap1.5x,min,2570.4703773960614,3064.3,3123.0962962962963
Galena,Interior,thawing_index,2040-2069,delta_mult_cap1.5x,mean,3750.4107264729787,3064.3,3123.0962962962963
Galena,Interior,thawing_index,2040-2069,delta_mult_cap1.5x,max,4596.450000000001,3064.3,3123.0962962962963
Galena,Interior,thawing_index,2070-2099,current,min,2428.0,3064.3,3123.0962962962963
Galena,Interior,thawing_index,2070-2099,current,mean,4297.12962962963,3064.3,3123.0962962962963
Galena,Interior,thawing_index,2070-2099,current,max,6834.0,3064.3,3123.0962962962963
Galena,Interior,thawing_index,2070-2099,delta,min,2346.766666666667,3064.3,3123.0962962962963
Galena,Interior,thawing_index,2070-2099,delta,mean,4238.333333333333,3064.3,3123.0962962962963
Galena,Interior,thawing_index,2070-2099,delta,max,6719.033333333333,3064.3,3123.0962962962963
Galena,Interior,thawing_index,2070-2099,delta_mult_uncapped,min,2365.2969501727316,3064.3,3123.0962962962963
Galena,Interior,thawing_index,2070-2099,delta_mult_uncapped,mean,4212.937648397882,3064.3,3123.0962962962963
Galena,Interior,thawing_index,2070-2099,delta_mult_uncapped,max,6586.873136362683,3064.3,3123.0962962962963
Galena,Interior,thawing_index,2070-2099,delta_mult_cap3x,min,2365.2969501727316,3064.3,3123.0962962962963
Galena,Interior,thawing_index,2070-2099,delta_mult_cap3x,mean,4212.937648397882,3064.3,3123.0962962962963
Galena,Interior,thawing_index,2070-2099,delta_mult_cap3x,max,6586.873136362683,3064.3,3123.0962962962963
Galena,Interior,thawing_index,2070-2099,delta_mult_cap2x,min,2365.2969501727316,3064.3,3123.0962962962963
Galena,Interior,thawing_index,2070-2099,delta_mult_cap2x,mean,4210.170930586702,3064.3,3123.0962962962963
Galena,Interior,thawing_index,2070-2099,delta_mult_cap2x,max,6128.6,3064.3,3123.0962962962963
Galena,Interior,thawing_index,2070-2099,delta_mult_cap1.5x,min,2365.2969501727316,3064.3,3123.0962962962963
Galena,Interior,thawing_index,2070-2099,delta_mult_cap1.5x,mean,4065.500253552575,3064.3,3123.0962962962963
Galena,Interior,thawing_index,2070-2099,delta_mult_cap1.5x,max,4596.450000000001,3064.3,3123.0962962962963
Galena,Interior,heating_degree_days,2010-2039,current,min,9326.0,13888.466666666667,13733.487037037037
Galena,Interior,heating_degree_days,2010-2039,current,mean,12876.827777777778,13888.466666666667,13733.487037037037
Galena,Interior,heating_degree_days,2010-2039,current,max,16619.0,13888.466666666667,13733.487037037037
Galena,Interior,heating_degree_days,2010-2039,delta,min,9433.133333333333,13888.466666666667,13733.487037037037
Galena,Interior,heating_degree_days,2010-2039,delta,mean,13031.807407407408,13888.466666666667,13733.487037037037
Galena,Interior,heating_degree_days,2010-2039,delta,max,16721.1,13888.466666666667,13733.487037037037
Galena,Interior,heating_degree_days,2010-2039,delta_mult_uncapped,min,9398.498461687306,13888.466666666667,13733.487037037037
Galena,Interior,heating_degree_days,2010-2039,delta_mult_uncapped,mean,13022.924581550511,13888.466666666667,13733.487037037037
Galena,Interior,heating_degree_days,2010-2039,delta_mult_uncapped,max,16742.078106148347,13888.466666666667,13733.487037037037
Galena,Interior,heating_degree_days,2010-2039,delta_mult_cap3x,min,9398.498461687306,13888.466666666667,13733.487037037037
Galena,Interior,heating_degree_days,2010-2039,delta_mult_cap3x,mean,13022.924581550511,13888.466666666667,13733.487037037037
Galena,Interior,heating_degree_days,2010-2039,delta_mult_cap3x,max,16742.078106148347,13888.466666666667,13733.487037037037
Galena,Interior,heating_degree_days,2010-2039,delta_mult_cap2x,min,9398.498461687306,13888.466666666667,13733.487037037037
Galena,Interior,heating_degree_days,2010-2039,delta_mult_cap2x,mean,13022.924581550511,13888.466666666667,13733.487037037037
Galena,Interior,heating_degree_days,2010-2039,delta_mult_cap2x,max,16742.078106148347,13888.466666666667,13733.487037037037
Galena,Interior,heating_degree_days,2010-2039,delta_mult_cap1.5x,min,9398.498461687306,13888.466666666667,13733.487037037037
Galena,Interior,heating_degree_days,2010-2039,delta_mult_cap1.5x,mean,13022.924581550511,13888.466666666667,13733.487037037037
Galena,Interior,heating_degree_days,2010-2039,delta_mult_cap1.5x,max,16742.078106148347,13888.466666666667,13733.487037037037
Galena,Interior,heating_degree_days,2040-2069,current,min,8187.0,13888.466666666667,13733.487037037037
Galena,Interior,heating_degree_days,2040-2069,current,mean,11751.064814814816,13888.466666666667,13733.487037037037
Galena,Interior,heating_degree_days,2040-2069,current,max,15365.0,13888.466666666667,13733.487037037037
Galena,Interior,heating_degree_days,2040-2069,delta,min,8294.133333333333,13888.466666666667,13733.487037037037
Galena,Interior,heating_degree_days,2040-2069,delta,mean,11906.044444444446,13888.466666666667,13733.487037037037
Galena,Interior,heating_degree_days,2040-2069,delta,max,15737.866666666667,13888.466666666667,13733.487037037037
Galena,Interior,heating_degree_days,2040-2069,delta_mult_uncapped,min,8250.644103134675,13888.466666666667,13733.487037037037
Galena,Interior,heating_degree_days,2040-2069,delta_mult_uncapped,mean,11883.434836562827,13888.466666666667,13733.487037037037
Galena,Interior,heating_degree_days,2040-2069,delta_mult_uncapped,max,15788.887680408812,13888.466666666667,13733.487037037037
Galena,Interior,heating_degree_days,2040-2069,delta_mult_cap3x,min,8250.644103134675,13888.466666666667,13733.487037037037
Galena,Interior,heating_degree_days,2040-2069,delta_mult_cap3x,mean,11883.434836562827,13888.466666666667,13733.487037037037
Galena,Interior,heating_degree_days,2040-2069,delta_mult_cap3x,max,15788.887680408812,13888.466666666667,13733.487037037037
Galena,Interior,heating_degree_days,2040-2069,delta_mult_cap2x,min,8250.644103134675,13888.466666666667,13733.487037037037
Galena,Interior,heating_degree_days,2040-2069,delta_mult_cap2x,mean,11883.434836562827,13888.466666666667,13733.487037037037
Galena,Interior,heating_degree_days,2040-2069,delta_mult_cap2x,max,15788.887680408812,13888.466666666667,13733.487037037037
Galena,Interior,heating_degree_days,2040-2069,delta_mult_cap1.5x,min,8250.644103134675,13888.466666666667,13733.487037037037
Galena,Interior,heating_degree_days,2040-2069,delta_mult_cap1.5x,mean,11883.434836562827,13888.466666666667,13733.487037037037
Galena,Interior,heating_degree_days,2040-2069,delta_mult_cap1.5x,max,15788.887680408812,13888.466666666667,13733.487037037037
Galena,Interior,heating_degree_days,2070-2099,current,min,6563.0,13888.466666666667,13733.487037037037
Galena,Interior,heating_degree_days,2070-2099,current,mean,10791.396296296296,13888.466666666667,13733.487037037037
Galena,Interior,heating_degree_days,2070-2099,current,max,14472.0,13888.466666666667,13733.487037037037
Galena,Interior,heating_degree_days,2070-2099,delta,min,6670.133333333333,13888.466666666667,13733.487037037037
Galena,Interior,heating_degree_days,2070-2099,delta,mean,10946.375925925928,13888.466666666667,13733.487037037037
Galena,Interior,heating_degree_days,2070-2099,delta,max,14844.866666666667,13888.466666666667,13733.487037037037
Galena,Interior,heating_degree_days,2070-2099,delta_mult_uncapped,min,6614.019451431888,13888.466666666667,13733.487037037037
Galena,Interior,heating_degree_days,2070-2099,delta_mult_uncapped,mean,10911.37983306287,13888.466666666667,13733.487037037037
Galena,Interior,heating_degree_days,2070-2099,delta_mult_uncapped,max,14871.25170913611,13888.466666666667,13733.487037037037
Galena,Interior,heating_degree_days,2070-2099,delta_mult_cap3x,min,6614.019451431888,13888.466666666667,13733.487037037037
Galena,Interior,heating_degree_days,2070-2099,delta_mult_cap3x,mean,10911.37983306287,13888.466666666667,13733.487037037037
Galena,Interior,heating_degree_days,2070-2099,delta_mult_cap3x,max,14871.25170913611,13888.466666666667,13733.487037037037
Galena,Interior,heating_degree_days,2070-2099,delta_mult_cap2x,min,6614.019451431888,13888.466666666667,13733.487037037037
Galena,Interior,heating_degree_days,2070-2099,delta_mult_cap2x,mean,10911.37983306287,13888.466666666667,13733.487037037037
Galena,Interior,heating_degree_days,2070-2099,delta_mult_cap2x,max,14871.25170913611,13888.466666666667,13733.487037037037
Galena,Interior,heating_degree_days,2070-2099,delta_mult_cap1.5x,min,6614.019451431888,13888.466666666667,13733.487037037037
Galena,Interior,heating_degree_days,2070-2099,delta_mult_cap1.5x,mean,10911.37983306287,13888.466666666667,13733.487037037037
Galena,Interior,heating_degree_days,2070-2099,delta_mult_cap1.5x,max,14871.25170913611,13888.466666666667,13733.487037037037
Glennallen,Southcentral,freezing_index,2010-2039,current,min,1170.0,3924.0,3862.562962962964
Glennallen,Southcentral,freezing_index,2010-2039,current,mean,3435.4796296296295,3924.0,3862.562962962964
Glennallen,Southcentral,freezing_index,2010-2039,current,max,5454.0,3924.0,3862.562962962964
Glennallen,Southcentral,freezing_index,2010-2039,delta,min,1253.7666666666669,3924.0,3862.562962962964
Glennallen,Southcentral,freezing_index,2010-2039,delta,mean,3496.9166666666665,3924.0,3862.562962962964
Glennallen,Southcentral,freezing_index,2010-2039,delta,max,5557.6,3924.0,3862.562962962964
Glennallen,Southcentral,freezing_index,2010-2039,delta_mult_uncapped,min,1195.5211054883819,3924.0,3862.562962962964
Glennallen,Southcentral,freezing_index,2010-2039,delta_mult_uncapped,mean,3490.284373003293,3924.0,3862.562962962964
Glennallen,Southcentral,freezing_index,2010-2039,delta_mult_uncapped,max,5601.899277562558,3924.0,3862.562962962964
Glennallen,Southcentral,freezing_index,2010-2039,delta_mult_cap3x,min,1195.5211054883819,3924.0,3862.562962962964
Glennallen,Southcentral,freezing_index,2010-2039,delta_mult_cap3x,mean,3490.284373003293,3924.0,3862.562962962964
Glennallen,Southcentral,freezing_index,2010-2039,delta_mult_cap3x,max,5601.899277562558,3924.0,3862.562962962964
Glennallen,Southcentral,freezing_index,2010-2039,delta_mult_cap2x,min,1195.5211054883819,3924.0,3862.562962962964
Glennallen,Southcentral,freezing_index,2010-2039,delta_mult_cap2x,mean,3490.284373003293,3924.0,3862.562962962964
Glennallen,Southcentral,freezing_index,2010-2039,delta_mult_cap2x,max,5601.899277562558,3924.0,3862.562962962964
Glennallen,Southcentral,freezing_index,2010-2039,delta_mult_cap1.5x,min,1195.5211054883819,3924.0,3862.562962962964
Glennallen,Southcentral,freezing_index,2010-2039,delta_mult_cap1.5x,mean,3490.284373003293,3924.0,3862.562962962964
Glennallen,Southcentral,freezing_index,2010-2039,delta_mult_cap1.5x,max,5601.899277562558,3924.0,3862.562962962964
Glennallen,Southcentral,freezing_index,2040-2069,current,min,1335.0,3924.0,3862.562962962964
Glennallen,Southcentral,freezing_index,2040-2069,current,mean,2946.501851851852,3924.0,3862.562962962964
Glennallen,Southcentral,freezing_index,2040-2069,current,max,5386.0,3924.0,3862.562962962964
Glennallen,Southcentral,freezing_index,2040-2069,delta,min,1392.8000000000002,3924.0,3862.562962962964
Glennallen,Southcentral,freezing_index,2040-2069,delta,mean,3007.938888888889,3924.0,3862.562962962964
Glennallen,Southcentral,freezing_index,2040-2069,delta,max,5469.766666666666,3924.0,3862.562962962964
Glennallen,Southcentral,freezing_index,2040-2069,delta_mult_uncapped,min,1354.9583570430914,3924.0,3862.562962962964
Glennallen,Southcentral,freezing_index,2040-2069,delta_mult_uncapped,mean,2992.4178894965385,3924.0,3862.562962962964
Glennallen,Southcentral,freezing_index,2040-2069,delta_mult_uncapped,max,5503.4843368892525,3924.0,3862.562962962964
Glennallen,Southcentral,freezing_index,2040-2069,delta_mult_cap3x,min,1354.9583570430914,3924.0,3862.562962962964
Glennallen,Southcentral,freezing_index,2040-2069,delta_mult_cap3x,mean,2992.4178894965385,3924.0,3862.562962962964
Glennallen,Southcentral,freezing_index,2040-2069,delta_mult_cap3x,max,5503.4843368892525,3924.0,3862.562962962964
Glennallen,Southcentral,freezing_index,2040-2069,delta_mult_cap2x,min,1354.9583570430914,3924.0,3862.562962962964
Glennallen,Southcentral,freezing_index,2040-2069,delta_mult_cap2x,mean,2992.4178894965385,3924.0,3862.562962962964
Glennallen,Southcentral,freezing_index,2040-2069,delta_mult_cap2x,max,5503.4843368892525,3924.0,3862.562962962964
Glennallen,Southcentral,freezing_index,2040-2069,delta_mult_cap1.5x,min,1354.9583570430914,3924.0,3862.562962962964
Glennallen,Southcentral,freezing_index,2040-2069,delta_mult_cap1.5x,mean,2992.4178894965385,3924.0,3862.562962962964
Glennallen,Southcentral,freezing_index,2040-2069,delta_mult_cap1.5x,max,5503.4843368892525,3924.0,3862.562962962964
Glennallen,Southcentral,freezing_index,2070-2099,current,min,517.0,3924.0,3862.562962962964
Glennallen,Southcentral,freezing_index,2070-2099,current,mean,2557.461111111111,3924.0,3862.562962962964
Glennallen,Southcentral,freezing_index,2070-2099,current,max,4889.0,3924.0,3862.562962962964
Glennallen,Southcentral,freezing_index,2070-2099,delta,min,607.7333333333331,3924.0,3862.562962962964
Glennallen,Southcentral,freezing_index,2070-2099,delta,mean,2618.8981481481483,3924.0,3862.562962962964
Glennallen,Southcentral,freezing_index,2070-2099,delta,max,4992.6,3924.0,3862.562962962964
Glennallen,Southcentral,freezing_index,2070-2099,delta_mult_uncapped,min,529.2373780413573,3924.0,3862.562962962964
Glennallen,Southcentral,freezing_index,2070-2099,delta_mult_uncapped,mean,2595.9802017939905,3924.0,3862.562962962964
Glennallen,Southcentral,freezing_index,2070-2099,delta_mult_uncapped,max,5021.577845251806,3924.0,3862.562962962964
Glennallen,Southcentral,freezing_index,2070-2099,delta_mult_cap3x,min,529.2373780413573,3924.0,3862.562962962964
Glennallen,Southcentral,freezing_index,2070-2099,delta_mult_cap3x,mean,2595.9802017939905,3924.0,3862.562962962964
Glennallen,Southcentral,freezing_index,2070-2099,delta_mult_cap3x,max,5021.577845251806,3924.0,3862.562962962964
Glennallen,Southcentral,freezing_index,2070-2099,delta_mult_cap2x,min,529.2373780413573,3924.0,3862.562962962964
Glennallen,Southcentral,freezing_index,2070-2099,delta_mult_cap2x,mean,2595.9802017939905,3924.0,3862.562962962964
Glennallen,Southcentral,freezing_index,2070-2099,delta_mult_cap2x,max,5021.577845251806,3924.0,3862.562962962964
Glennallen,Southcentral,freezing_index,2070-2099,delta_mult_cap1.5x,min,529.2373780413573,3924.0,3862.562962962964
Glennallen,Southcentral,freezing_index,2070-2099,delta_mult_cap1.5x,mean,2595.9802017939905,3924.0,3862.562962962964
Glennallen,Southcentral,freezing_index,2070-2099,delta_mult_cap1.5x,max,5021.577845251806,3924.0,3862.562962962964
Glennallen,Southcentral,thawing_index,2010-2039,current,min,2123.0,2922.9,2985.9518518518516
Glennallen,Southcentral,thawing_index,2010-2039,current,mean,3323.509259259259,2922.9,2985.9518518518516
Glennallen,Southcentral,thawing_index,2010-2039,current,max,4745.0,2922.9,2985.9518518518516
Glennallen,Southcentral,thawing_index,2010-2039,delta,min,2082.7333333333336,2922.9,2985.9518518518516
Glennallen,Southcentral,thawing_index,2010-2039,delta,mean,3260.4574074074076,2922.9,2985.9518518518516
Glennallen,Southcentral,thawing_index,2010-2039,delta,max,4675.0,2922.9,2985.9518518518516
Glennallen,Southcentral,thawing_index,2010-2039,delta_mult_uncapped,min,2106.276439616472,2922.9,2985.9518518518516
Glennallen,Southcentral,thawing_index,2010-2039,delta_mult_uncapped,mean,3253.6837458297896,2922.9,2985.9518518518516
Glennallen,Southcentral,thawing_index,2010-2039,delta_mult_uncapped,max,4634.0206822814,2922.9,2985.9518518518516
Glennallen,Southcentral,thawing_index,2010-2039,delta_mult_cap3x,min,2106.276439616472,2922.9,2985.9518518518516
Glennallen,Southcentral,thawing_index,2010-2039,delta_mult_cap3x,mean,3253.6837458297896,2922.9,2985.9518518518516
Glennallen,Southcentral,thawing_index,2010-2039,delta_mult_cap3x,max,4634.0206822814,2922.9,2985.9518518518516
Glennallen,Southcentral,thawing_index,2010-2039,delta_mult_cap2x,min,2106.276439616472,2922.9,2985.9518518518516
Glennallen,Southcentral,thawing_index,2010-2039,delta_mult_cap2x,mean,3253.6837458297896,2922.9,2985.9518518518516
Glennallen,Southcentral,thawing_index,2010-2039,delta_mult_cap2x,max,4634.0206822814,2922.9,2985.9518518518516
Glennallen,Southcentral,thawing_index,2010-2039,delta_mult_cap1.5x,min,2106.276439616472,2922.9,2985.9518518518516
Glennallen,Southcentral,thawing_index,2010-2039,delta_mult_cap1.5x,mean,3252.770689288362,2922.9,2985.9518518518516
Glennallen,Southcentral,thawing_index,2010-2039,delta_mult_cap1.5x,max,4384.35,2922.9,2985.9518518518516
Glennallen,Southcentral,thawing_index,2040-2069,current,min,2418.0,2922.9,2985.9518518518516
Glennallen,Southcentral,thawing_index,2040-2069,current,mean,3757.203703703704,2922.9,2985.9518518518516
Glennallen,Southcentral,thawing_index,2040-2069,current,max,5846.0,2922.9,2985.9518518518516
Glennallen,Southcentral,thawing_index,2040-2069,delta,min,2349.0333333333333,2922.9,2985.9518518518516
Glennallen,Southcentral,thawing_index,2040-2069,delta,mean,3694.151851851852,2922.9,2985.9518518518516
Glennallen,Southcentral,thawing_index,2040-2069,delta,max,5745.666666666667,2922.9,2985.9518518518516
Glennallen,Southcentral,thawing_index,2040-2069,delta_mult_uncapped,min,2362.261754088863,2922.9,2985.9518518518516
Glennallen,Southcentral,thawing_index,2040-2069,delta_mult_uncapped,mean,3676.9493192764025,2922.9,2985.9518518518516
Glennallen,Southcentral,thawing_index,2040-2069,delta_mult_uncapped,max,5651.98630605202,2922.9,2985.9518518518516
Glennallen,Southcentral,thawing_index,2040-2069,delta_mult_cap3x,min,2362.261754088863,2922.9,2985.9518518518516
Glennallen,Southcentral,thawing_index,2040-2069,delta_mult_cap3x,mean,3676.9493192764025,2922.9,2985.9518518518516
Glennallen,Southcentral,thawing_index,2040-2069,delta_mult_cap3x,max,5651.98630605202,2922.9,2985.9518518518516
Glennallen,Southcentral,thawing_index,2040-2069,delta_mult_cap2x,min,2362.261754088863,2922.9,2985.9518518518516
Glennallen,Southcentral,thawing_index,2040-2069,delta_mult_cap2x,mean,3676.9493192764025,2922.9,2985.9518518518516
Glennallen,Southcentral,thawing_index,2040-2069,delta_mult_cap2x,max,5651.98630605202,2922.9,2985.9518518518516
Glennallen,Southcentral,thawing_index,2040-2069,delta_mult_cap1.5x,min,2362.261754088863,2922.9,2985.9518518518516
Glennallen,Southcentral,thawing_index,2040-2069,delta_mult_cap1.5x,mean,3657.3934779808847,2922.9,2985.9518518518516
Glennallen,Southcentral,thawing_index,2040-2069,delta_mult_cap1.5x,max,4384.35,2922.9,2985.9518518518516
Glennallen,Southcentral,thawing_index,2070-2099,current,min,2344.0,2922.9,2985.9518518518516
Glennallen,Southcentral,thawing_index,2070-2099,current,mean,4222.759259259259,2922.9,2985.9518518518516
Glennallen,Southcentral,thawing_index,2070-2099,current,max,6496.0,2922.9,2985.9518518518516
Glennallen,Southcentral,thawing_index,2070-2099,delta,min,2275.0333333333333,2922.9,2985.9518518518516
Glennallen,Southcentral,thawing_index,2070-2099,delta,mean,4159.707407407407,2922.9,2985.9518518518516
Glennallen,Southcentral,thawing_index,2070-2099,delta,max,6395.666666666667,2922.9,2985.9518518518516
Glennallen,Southcentral,thawing_index,2070-2099,delta_mult_uncapped,min,2289.967556486474,2922.9,2985.9518518518516
Glennallen,Southcentral,thawing_index,2070-2099,delta_mult_uncapped,mean,4130.95299238115,2922.9,2985.9518518518516
Glennallen,Southcentral,thawing_index,2070-2099,delta_mult_uncapped,max,6280.41447897946,2922.9,2985.9518518518516
Glennallen,Southcentral,thawing_index,2070-2099,delta_mult_cap3x,min,2289.967556486474,2922.9,2985.9518518518516
Glennallen,Southcentral,thawing_index,2070-2099,delta_mult_cap3x,mean,4130.95299238115,2922.9,2985.9518518518516
Glennallen,Southcentral,thawing_index,2070-2099,delta_mult_cap3x,max,6280.41447897946,2922.9,2985.9518518518516
Glennallen,Southcentral,thawing_index,2070-2099,delta_mult_cap2x,min,2289.967556486474,2922.9,2985.9518518518516
Glennallen,Southcentral,thawing_index,2070-2099,delta_mult_cap2x,mean,4127.558134595674,2922.9,2985.9518518518516
Glennallen,Southcentral,thawing_index,2070-2099,delta_mult_cap2x,max,5845.8,2922.9,2985.9518518518516
Glennallen,Southcentral,thawing_index,2070-2099,delta_mult_cap1.5x,min,2289.967556486474,2922.9,2985.9518518518516
Glennallen,Southcentral,thawing_index,2070-2099,delta_mult_cap1.5x,mean,3954.4692286840295,2922.9,2985.9518518518516
Glennallen,Southcentral,thawing_index,2070-2099,delta_mult_cap1.5x,max,4384.35,2922.9,2985.9518518518516
Glennallen,Southcentral,heating_degree_days,2010-2039,current,min,9003.0,13055.833333333334,12934.403703703703
Glennallen,Southcentral,heating_degree_days,2010-2039,current,mean,12174.048148148147,13055.833333333334,12934.403703703703
Glennallen,Southcentral,heating_degree_days,2010-2039,current,max,14858.0,13055.833333333334,12934.403703703703
Glennallen,Southcentral,heating_degree_days,2010-2039,delta,min,9114.266666666666,13055.833333333334,12934.403703703703
Glennallen,Southcentral,heating_degree_days,2010-2039,delta,mean,12295.477777777778,13055.833333333334,12934.403703703703
Glennallen,Southcentral,heating_degree_days,2010-2039,delta,max,14955.766666666666,13055.833333333334,12934.403703703703
Glennallen,Southcentral,heating_degree_days,2010-2039,delta_mult_uncapped,min,9080.3864298277,13055.833333333334,12934.403703703703
Glennallen,Southcentral,heating_degree_days,2010-2039,delta_mult_uncapped,mean,12288.408511270662,13055.833333333334,12934.403703703703
Glennallen,Southcentral,heating_degree_days,2010-2039,delta_mult_uncapped,max,14970.10137829203,13055.833333333334,12934.403703703703
Glennallen,Southcentral,heating_degree_days,2010-2039,delta_mult_cap3x,min,9080.3864298277,13055.833333333334,12934.403703703703
Glennallen,Southcentral,heating_degree_days,2010-2039,delta_mult_cap3x,mean,12288.408511270662,13055.833333333334,12934.403703703703
Glennallen,Southcentral,heating_degree_days,2010-2039,delta_mult_cap3x,max,14970.10137829203,13055.833333333334,12934.403703703703
Glennallen,Southcentral,heating_degree_days,2010-2039,delta_mult_cap2x,min,9080.3864298277,13055.833333333334,12934.403703703703
Glennallen,Southcentral,heating_degree_days,2010-2039,delta_mult_cap2x,mean,12288.408511270662,13055.833333333334,12934.403703703703
Glennallen,Southcentral,heating_degree_days,2010-2039,delta_mult_cap2x,max,14970.10137829203,13055.833333333334,12934.403703703703
Glennallen,Southcentral,heating_degree_days,2010-2039,delta_mult_cap1.5x,min,9080.3864298277,13055.833333333334,12934.403703703703
Glennallen,Southcentral,heating_degree_days,2010-2039,delta_mult_cap1.5x,mean,12288.408511270662,13055.833333333334,12934.403703703703
Glennallen,Southcentral,heating_degree_days,2010-2039,delta_mult_cap1.5x,max,14970.10137829203,13055.833333333334,12934.403703703703
Glennallen,Southcentral,heating_degree_days,2040-2069,current,min,7912.0,13055.833333333334,12934.403703703703
Glennallen,Southcentral,heating_degree_days,2040-2069,current,mean,11272.444444444445,13055.833333333334,12934.403703703703
Glennallen,Southcentral,heating_degree_days,2040-2069,current,max,14133.0,13055.833333333334,12934.403703703703
Glennallen,Southcentral,heating_degree_days,2040-2069,delta,min,8100.666666666668,13055.833333333334,12934.403703703703
Glennallen,Southcentral,heating_degree_days,2040-2069,delta,mean,11393.874074074074,13055.833333333334,12934.403703703703
Glennallen,Southcentral,heating_degree_days,2040-2069,delta,max,14244.266666666666,13055.833333333334,12934.403703703703
Glennallen,Southcentral,heating_degree_days,2040-2069,delta_mult_uncapped,min,8028.010828594745,13055.833333333334,12934.403703703703
Glennallen,Southcentral,heating_degree_days,2040-2069,delta_mult_uncapped,mean,11377.275640188367,13055.833333333334,12934.403703703703
Glennallen,Southcentral,heating_degree_days,2040-2069,delta_mult_uncapped,max,14254.48199630733,13055.833333333334,12934.403703703703
Glennallen,Southcentral,heating_degree_days,2040-2069,delta_mult_cap3x,min,8028.010828594745,13055.833333333334,12934.403703703703
Glennallen,Southcentral,heating_degree_days,2040-2069,delta_mult_cap3x,mean,11377.275640188367,13055.833333333334,12934.403703703703
Glennallen,Southcentral,heating_degree_days,2040-2069,delta_mult_cap3x,max,14254.48199630733,13055.833333333334,12934.403703703703
Glennallen,Southcentral,heating_degree_days,2040-2069,delta_mult_cap2x,min,8028.010828594745,13055.833333333334,12934.403703703703
Glennallen,Southcentral,heating_degree_days,2040-2069,delta_mult_cap2x,mean,11377.275640188367,13055.833333333334,12934.403703703703
Glennallen,Southcentral,heating_degree_days,2040-2069,delta_mult_cap2x,max,14254.48199630733,13055.833333333334,12934.403703703703
Glennallen,Southcentral,heating_degree_days,2040-2069,delta_mult_cap1.5x,min,8028.010828594745,13055.833333333334,12934.403703703703
Glennallen,Southcentral,heating_degree_days,2040-2069,delta_mult_cap1.5x,mean,11377.275640188367,13055.833333333334,12934.403703703703
Glennallen,Southcentral,heating_degree_days,2040-2069,delta_mult_cap1.5x,max,14254.48199630733,13055.833333333334,12934.403703703703
Glennallen,Southcentral,heating_degree_days,2070-2099,current,min,6481.0,13055.833333333334,12934.403703703703
Glennallen,Southcentral,heating_degree_days,2070-2099,current,mean,10465.592592592593,13055.833333333334,12934.403703703703
Glennallen,Southcentral,heating_degree_days,2070-2099,current,max,14018.0,13055.833333333334,12934.403703703703
Glennallen,Southcentral,heating_degree_days,2070-2099,delta,min,6669.666666666668,13055.833333333334,12934.403703703703
Glennallen,Southcentral,heating_degree_days,2070-2099,delta,mean,10587.022222222222,13055.833333333334,12934.403703703703
Glennallen,Southcentral,heating_degree_days,2070-2099,delta,max,14189.2,13055.833333333334,12934.403703703703
Glennallen,Southcentral,heating_degree_days,2070-2099,delta_mult_uncapped,min,6576.028586972009,13055.833333333334,12934.403703703703
Glennallen,Southcentral,heating_degree_days,2070-2099,delta_mult_uncapped,mean,10561.430399519057,13055.833333333334,12934.403703703703
Glennallen,Southcentral,heating_degree_days,2070-2099,delta_mult_uncapped,max,14204.259207997124,13055.833333333334,12934.403703703703
Glennallen,Southcentral,heating_degree_days,2070-2099,delta_mult_cap3x,min,6576.028586972009,13055.833333333334,12934.403703703703
Glennallen,Southcentral,heating_degree_days,2070-2099,delta_mult_cap3x,mean,10561.430399519057,13055.833333333334,12934.403703703703
Glennallen,Southcentral,heating_degree_days,2070-2099,delta_mult_cap3x,max,14204.259207997124,13055.833333333334,12934.403703703703
Glennallen,Southcentral,heating_degree_days,2070-2099,delta_mult_cap2x,min,6576.028586972009,13055.833333333334,12934.403703703703
Glennallen,Southcentral,heating_degree_days,2070-2099,delta_mult_cap2x,mean,10561.430399519057,13055.833333333334,12934.403703703703
Glennallen,Southcentral,heating_degree_days,2070-2099,delta_mult_cap2x,max,14204.259207997124,13055.833333333334,12934.403703703703
Glennallen,Southcentral,heating_degree_days,2070-2099,delta_mult_cap1.5x,min,6576.028586972009,13055.833333333334,12934.403703703703
Glennallen,Southcentral,heating_degree_days,2070-2099,delta_mult_cap1.5x,mean,10561.430399519057,13055.833333333334,12934.403703703703
Glennallen,Southcentral,heating_degree_days,2070-2099,delta_mult_cap1.5x,max,14204.259207997124,13055.833333333334,12934.403703703703
Homer,Southcentral,freezing_index,2010-2039,current,min,63.0,954.0,930.5407407407407
Homer,Southcentral,freezing_index,2010-2039,current,mean,681.9592592592593,954.0,930.5407407407407
Homer,Southcentral,freezing_index,2010-2039,current,max,2129.0,954.0,930.5407407407407
Homer,Southcentral,freezing_index,2010-2039,delta,min,48.799999999999955,954.0,930.5407407407407
Homer,Southcentral,freezing_index,2010-2039,delta,mean,705.4185185185186,954.0,930.5407407407407
Homer,Southcentral,freezing_index,2010-2039,delta,max,2171.0,954.0,930.5407407407407
Homer,Southcentral,freezing_index,2010-2039,delta_mult_uncapped,min,62.076017351786824,954.0,930.5407407407407
Homer,Southcentral,freezing_index,2010-2039,delta_mult_uncapped,mean,700.210930091765,954.0,930.5407407407407
Homer,Southcentral,freezing_index,2010-2039,delta_mult_uncapped,max,2227.046052631579,954.0,930.5407407407407
Homer,Southcentral,freezing_index,2010-2039,delta_mult_cap3x,min,62.076017351786824,954.0,930.5407407407407
Homer,Southcentral,freezing_index,2010-2039,delta_mult_cap3x,mean,700.210930091765,954.0,930.5407407407407
Homer,Southcentral,freezing_index,2010-2039,delta_mult_cap3x,max,2227.046052631579,954.0,930.5407407407407
Homer,Southcentral,freezing_index,2010-2039,delta_mult_cap2x,min,62.076017351786824,954.0,930.5407407407407
Homer,Southcentral,freezing_index,2010-2039,delta_mult_cap2x,mean,699.2340842866138,954.0,930.5407407407407
Homer,Southcentral,freezing_index,2010-2039,delta_mult_cap2x,max,1908.0,954.0,930.5407407407407
Homer,Southcentral,freezing_index,2010-2039,delta_mult_cap1.5x,min,62.076017351786824,954.0,930.5407407407407
Homer,Southcentral,freezing_index,2010-2039,delta_mult_cap1.5x,mean,689.0432687217359,954.0,930.5407407407407
Homer,Southcentral,freezing_index,2010-2039,delta_mult_cap1.5x,max,1431.0,954.0,930.5407407407407
Homer,Southcentral,freezing_index,2040-2069,current,min,5.0,954.0,930.5407407407407
Homer,Southcentral,freezing_index,2040-2069,current,mean,453.60925925925926,954.0,930.5407407407407
Homer,Southcentral,freezing_index,2040-2069,current,max,1867.0,954.0,930.5407407407407
Homer,Southcentral,freezing_index,2040-2069,delta,min,0.0,954.0,930.5407407407407
Homer,Southcentral,freezing_index,2040-2069,delta,mean,477.0859259259259,954.0,930.5407407407407
Homer,Southcentral,freezing_index,2040-2069,delta,max,1875.0666666666666,954.0,930.5407407407407
Homer,Southcentral,freezing_index,2040-2069,delta_mult_uncapped,min,4.9266680437926045,954.0,930.5407407407407
Homer,Southcentral,freezing_index,2040-2069,delta_mult_uncapped,mean,463.9243715322194,954.0,930.5407407407407
Homer,Southcentral,freezing_index,2040-2069,delta_mult_uncapped,max,1882.9212770455988,954.0,930.5407407407407
Homer,Southcentral,freezing_index,2040-2069,delta_mult_cap3x,min,4.9266680437926045,954.0,930.5407407407407
Homer,Southcentral,freezing_index,2040-2069,delta_mult_cap3x,mean,463.9243715322194,954.0,930.5407407407407
Homer,Southcentral,freezing_index,2040-2069,delta_mult_cap3x,max,1882.9212770455988,954.0,930.5407407407407
Homer,Southcentral,freezing_index,2040-2069,delta_mult_cap2x,min,4.9266680437926045,954.0,930.5407407407407
Homer,Southcentral,freezing_index,2040-2069,delta_mult_cap2x,mean,463.9243715322194,954.0,930.5407407407407
Homer,Southcentral,freezing_index,2040-2069,delta_mult_cap2x,max,1882.9212770455988,954.0,930.5407407407407
Homer,Southcentral,freezing_index,2040-2069,delta_mult_cap1.5x,min,4.9266680437926045,954.0,930.5407407407407
Homer,Southcentral,freezing_index,2040-2069,delta_mult_cap1.5x,mean,461.16618305324357,954.0,930.5407407407407
Homer,Southcentral,freezing_index,2040-2069,delta_mult_cap1.5x,max,1431.0,954.0,930.5407407407407
Homer,Southcentral,freezing_index,2070-2099,current,min,0.0,954.0,930.5407407407407
Homer,Southcentral,freezing_index,2070-2099,current,mean,307.02037037037036,954.0,930.5407407407407
Homer,Southcentral,freezing_index,2070-2099,current,max,1477.0,954.0,930.5407407407407
Homer,Southcentral,freezing_index,2070-2099,delta,min,0.0,954.0,930.5407407407407
Homer,Southcentral,freezing_index,2070-2099,delta,mean,330.66703703703706,954.0,930.5407407407407
Homer,Southcentral,freezing_index,2070-2099,delta,max,1415.6333333333332,954.0,930.5407407407407
Homer,Southcentral,freezing_index,2070-2099,delta_mult_uncapped,min,0.0,954.0,930.5407407407407
Homer,Southcentral,freezing_index,2070-2099,delta_mult_uncapped,mean,313.40392680681776,954.0,930.5407407407407
Homer,Southcentral,freezing_index,2070-2099,delta_mult_uncapped,max,1409.25357568534,954.0,930.5407407407407
Homer,Southcentral,freezing_index,2070-2099,delta_mult_cap3x,min,0.0,954.0,930.5407407407407
Homer,Southcentral,freezing_index,2070-2099,delta_mult_cap3x,mean,313.40392680681776,954.0,930.5407407407407
Homer,Southcentral,freezing_index,2070-2099,delta_mult_cap3x,max,1409.25357568534,954.0,930.5407407407407
Homer,Southcentral,freezing_index,2070-2099,delta_mult_cap2x,min,0.0,954.0,930.5407407407407
Homer,Southcentral,freezing_index,2070-2099,delta_mult_cap2x,mean,313.40392680681776,954.0,930.5407407407407
Homer,Southcentral,freezing_index,2070-2099,delta_mult_cap2x,max,1409.25357568534,954.0,930.5407407407407
Homer,Southcentral,freezing_index,2070-2099,delta_mult_cap1.5x,min,0.0,954.0,930.5407407407407
Homer,Southcentral,freezing_index,2070-2099,delta_mult_cap1.5x,mean,313.40392680681776,954.0,930.5407407407407
Homer,Southcentral,freezing_index,2070-2099,delta_mult_cap1.5x,max,1409.25357568534,954.0,930.5407407407407
Homer,Southcentral,thawing_index,2010-2039,current,min,2292.0,3439.0666666666666,3485.8518518518517
Homer,Southcentral,thawing_index,2010-2039,current,mean,4021.133333333333,3439.0666666666666,3485.8518518518517
Homer,Southcentral,thawing_index,2010-2039,current,max,6199.0,3439.0666666666666,3485.8518518518517
Homer,Southcentral,thawing_index,2010-2039,delta,min,2350.9666666666667,3439.0666666666666,3485.8518518518517
Homer,Southcentral,thawing_index,2010-2039,delta,mean,3974.348148148148,3439.0666666666666,3485.8518518518517
Homer,Southcentral,thawing_index,2010-2039,delta,max,6097.066666666667,3439.0666666666666,3485.8518518518517
Homer,Southcentral,thawing_index,2010-2039,delta_mult_uncapped,min,2331.9844975000738,3439.0666666666666,3485.8518518518517
Homer,Southcentral,thawing_index,2010-2039,delta_mult_uncapped,mean,3966.56836119809,3439.0666666666666,3485.8518518518517
Homer,Southcentral,thawing_index,2010-2039,delta_mult_uncapped,max,6020.551896827638,3439.0666666666666,3485.8518518518517
Homer,Southcentral,thawing_index,2010-2039,delta_mult_cap3x,min,2331.9844975000738,3439.0666666666666,3485.8518518518517
Homer,Southcentral,thawing_index,2010-2039,delta_mult_cap3x,mean,3966.56836119809,3439.0666666666666,3485.8518518518517
Homer,Southcentral,thawing_index,2010-2039,delta_mult_cap3x,max,6020.551896827638,3439.0666666666666,3485.8518518518517
Homer,Southcentral,thawing_index,2010-2039,delta_mult_cap2x,min,2331.9844975000738,3439.0666666666666,3485.8518518518517
Homer,Southcentral,thawing_index,2010-2039,delta_mult_cap2x,mean,3966.56836119809,3439.0666666666666,3485.8518518518517
Homer,Southcentral,thawing_index,2010-2039,delta_mult_cap2x,max,6020.551896827638,3439.0666666666666,3485.8518518518517
Homer,Southcentral,thawing_index,2010-2039,delta_mult_cap1.5x,min,2331.9844975000738,3439.0666666666666,3485.8518518518517
Homer,Southcentral,thawing_index,2010-2039,delta_mult_cap1.5x,mean,3961.5666545219115,3439.0666666666666,3485.8518518518517
Homer,Southcentral,thawing_index,2010-2039,delta_mult_cap1.5x,max,5158.6,3439.0666666666666,3485.8518518518517
Homer,Southcentral,thawing_index,2040-2069,current,min,2912.0,3439.0666666666666,3485.8518518518517
Homer,Southcentral,thawing_index,2040-2069,current,mean,4733.455555555555,3439.0666666666666,3485.8518518518517
Homer,Southcentral,thawing_index,2040-2069,current,max,8191.0,3439.0666666666666,3485.8518518518517
Homer,Southcentral,thawing_index,2040-2069,delta,min,2891.2666666666664,3439.0666666666666,3485.8518518518517
Homer,Southcentral,thawing_index,2040-2069,delta,mean,4686.670370370371,3439.0666666666666,3485.8518518518517
Homer,Southcentral,thawing_index,2040-2069,delta,max,8089.066666666667,3439.0666666666666,3485.8518518518517
Homer,Southcentral,thawing_index,2040-2069,delta_mult_uncapped,min,2894.549434456712,3439.0666666666666,3485.8518518518517
Homer,Southcentral,thawing_index,2040-2069,delta_mult_uncapped,mean,4666.626349600019,3439.0666666666666,3485.8518518518517
Homer,Southcentral,thawing_index,2040-2069,delta_mult_uncapped,max,7955.208999341053,3439.0666666666666,3485.8518518518517
Homer,Southcentral,thawing_index,2040-2069,delta_mult_cap3x,min,2894.549434456712,3439.0666666666666,3485.8518518518517
Homer,Southcentral,thawing_index,2040-2069,delta_mult_cap3x,mean,4666.626349600019,3439.0666666666666,3485.8518518518517
Homer,Southcentral,thawing_index,2040-2069,delta_mult_cap3x,max,7955.208999341053,3439.0666666666666,3485.8518518518517
Homer,Southcentral,thawing_index,2040-2069,delta_mult_cap2x,min,2894.549434456712,3439.0666666666666,3485.8518518518517
Homer,Southcentral,thawing_index,2040-2069,delta_mult_cap2x,mean,4663.8511972227525,3439.0666666666666,3485.8518518518517
Homer,Southcentral,thawing_index,2040-2069,delta_mult_cap2x,max,6878.133333333333,3439.0666666666666,3485.8518518518517
Homer,Southcentral,thawing_index,2040-2069,delta_mult_cap1.5x,min,2894.549434456712,3439.0666666666666,3485.8518518518517
Homer,Southcentral,thawing_index,2040-2069,delta_mult_cap1.5x,mean,4544.757970273234,3439.0666666666666,3485.8518518518517
Homer,Southcentral,thawing_index,2040-2069,delta_mult_cap1.5x,max,5158.6,3439.0666666666666,3485.8518518518517
Homer,Southcentral,thawing_index,2070-2099,current,min,3335.0,3439.0666666666666,3485.8518518518517
Homer,Southcentral,thawing_index,2070-2099,current,mean,5407.220370370371,3439.0666666666666,3485.8518518518517
Homer,Southcentral,thawing_index,2070-2099,current,max,9403.0,3439.0666666666666,3485.8518518518517
Homer,Southcentral,thawing_index,2070-2099,delta,min,3244.7666666666664,3439.0666666666666,3485.8518518518517
Homer,Southcentral,thawing_index,2070-2099,delta,mean,5360.435185185185,3439.0666666666666,3485.8518518518517
Homer,Southcentral,thawing_index,2070-2099,delta,max,9301.066666666666,3439.0666666666666,3485.8518518518517
Homer,Southcentral,thawing_index,2070-2099,delta_mult_uncapped,min,3249.7343193645575,3439.0666666666666,3485.8518518518517
Homer,Southcentral,thawing_index,2070-2099,delta_mult_uncapped,mean,5328.689394741839,3439.0666666666666,3485.8518518518517
Homer,Southcentral,thawing_index,2070-2099,delta_mult_uncapped,max,9132.31964605102,3439.0666666666666,3485.8518518518517
Homer,Southcentral,thawing_index,2070-2099,delta_mult_cap3x,min,3249.7343193645575,3439.0666666666666,3485.8518518518517
Homer,Southcentral,thawing_index,2070-2099,delta_mult_cap3x,mean,5328.689394741839,3439.0666666666666,3485.8518518518517
Homer,Southcentral,thawing_index,2070-2099,delta_mult_cap3x,max,9132.31964605102,3439.0666666666666,3485.8518518518517
Homer,Southcentral,thawing_index,2070-2099,delta_mult_cap2x,min,3249.7343193645575,3439.0666666666666,3485.8518518518517
Homer,Southcentral,thawing_index,2070-2099,delta_mult_cap2x,mean,5254.182780110448,3439.0666666666666,3485.8518518518517
Homer,Southcentral,thawing_index,2070-2099,delta_mult_cap2x,max,6878.133333333333,3439.0666666666666,3485.8518518518517
Homer,Southcentral,thawing_index,2070-2099,delta_mult_cap1.5x,min,3249.7343193645575,3439.0666666666666,3485.8518518518517
Homer,Southcentral,thawing_index,2070-2099,delta_mult_cap1.5x,mean,4835.1431315143545,3439.0666666666666,3485.8518518518517
Homer,Southcentral,thawing_index,2070-2099,delta_mult_cap1.5x,max,5158.6,3439.0666666666666,3485.8518518518517
Homer,Southcentral,heating_degree_days,2010-2039,current,min,5915.0,9568.833333333334,9498.68148148148
Homer,Southcentral,heating_degree_days,2010-2039,current,mean,8714.585185185186,9568.833333333334,9498.68148148148
Homer,Southcentral,heating_degree_days,2010-2039,current,max,11571.0,9568.833333333334,9498.68148148148
Homer,Southcentral,heating_degree_days,2010-2039,delta,min,6002.333333333334,9568.833333333334,9498.68148148148
Homer,Southcentral,heating_degree_days,2010-2039,delta,mean,8784.737037037037,9568.833333333334,9498.68148148148
Homer,Southcentral,heating_degree_days,2010-2039,delta,max,11530.166666666668,9568.833333333334,9498.68148148148
Homer,Southcentral,heating_degree_days,2010-2039,delta_mult_uncapped,min,5969.4825889011945,9568.833333333334,9498.68148148148
Homer,Southcentral,heating_degree_days,2010-2039,delta_mult_uncapped,mean,8778.827809404775,9568.833333333334,9498.68148148148
Homer,Southcentral,heating_degree_days,2010-2039,delta_mult_uncapped,max,11521.832581775298,9568.833333333334,9498.68148148148
Homer,Southcentral,heating_degree_days,2010-2039,delta_mult_cap3x,min,5969.4825889011945,9568.833333333334,9498.68148148148
Homer,Southcentral,heating_degree_days,2010-2039,delta_mult_cap3x,mean,8778.827809404775,9568.833333333334,9498.68148148148
Homer,Southcentral,heating_degree_days,2010-2039,delta_mult_cap3x,max,11521.832581775298,9568.833333333334,9498.68148148148
Homer,Southcentral,heating_degree_days,2010-2039,delta_mult_cap2x,min,5969.4825889011945,9568.833333333334,9498.68148148148
Homer,Southcentral,heating_degree_days,2010-2039,delta_mult_cap2x,mean,8778.827809404775,9568.833333333334,9498.68148148148
Homer,Southcentral,heating_degree_days,2010-2039,delta_mult_cap2x,max,11521.832581775298,9568.833333333334,9498.68148148148
Homer,Southcentral,heating_degree_days,2010-2039,delta_mult_cap1.5x,min,5969.4825889011945,9568.833333333334,9498.68148148148
Homer,Southcentral,heating_degree_days,2010-2039,delta_mult_cap1.5x,mean,8778.827809404775,9568.833333333334,9498.68148148148
Homer,Southcentral,heating_degree_days,2010-2039,delta_mult_cap1.5x,max,11521.832581775298,9568.833333333334,9498.68148148148
Homer,Southcentral,heating_degree_days,2040-2069,current,min,3924.0,9568.833333333334,9498.68148148148
Homer,Southcentral,heating_degree_days,2040-2069,current,mean,7782.072222222222,9568.833333333334,9498.68148148148
Homer,Southcentral,heating_degree_days,2040-2069,current,max,10581.0,9568.833333333334,9498.68148148148
Homer,Southcentral,heating_degree_days,2040-2069,delta,min,4011.333333333334,9568.833333333334,9498.68148148148
Homer,Southcentral,heating_degree_days,2040-2069,delta,mean,7852.224074074074,9568.833333333334,9498.68148148148
Homer,Southcentral,heating_degree_days,2040-2069,delta,max,10730.300000000001,9568.833333333334,9498.68148148148
Homer,Southcentral,heating_degree_days,2040-2069,delta_mult_uncapped,min,3960.143648156937,9568.833333333334,9498.68148148148
Homer,Southcentral,heating_degree_days,2040-2069,delta_mult_uncapped,mean,7837.581667438986,9568.833333333334,9498.68148148148
Homer,Southcentral,heating_degree_days,2040-2069,delta_mult_uncapped,max,10748.709295577277,9568.833333333334,9498.68148148148
Homer,Southcentral,heating_degree_days,2040-2069,delta_mult_cap3x,min,3960.143648156937,9568.833333333334,9498.68148148148
Homer,Southcentral,heating_degree_days,2040-2069,delta_mult_cap3x,mean,7837.581667438986,9568.833333333334,9498.68148148148
Homer,Southcentral,heating_degree_days,2040-2069,delta_mult_cap3x,max,10748.709295577277,9568.833333333334,9498.68148148148
Homer,Southcentral,heating_degree_days,2040-2069,delta_mult_cap2x,min,3960.143648156937,9568.833333333334,9498.68148148148
Homer,Southcentral,heating_degree_days,2040-2069,delta_mult_cap2x,mean,7837.581667438986,9568.833333333334,9498.68148148148
Homer,Southcentral,heating_degree_days,2040-2069,delta_mult_cap2x,max,10748.709295577277,9568.833333333334,9498.68148148148
Homer,Southcentral,heating_degree_days,2040-2069,delta_mult_cap1.5x,min,3960.143648156937,9568.833333333334,9498.68148148148
Homer,Southcentral,heating_degree_days,2040-2069,delta_mult_cap1.5x,mean,7837.581667438986,9568.833333333334,9498.68148148148
Homer,Southcentral,heating_degree_days,2040-2069,delta_mult_cap1.5x,max,10748.709295577277,9568.833333333334,9498.68148148148
Homer,Southcentral,heating_degree_days,2070-2099,current,min,3072.0,9568.833333333334,9498.68148148148
Homer,Southcentral,heating_degree_days,2070-2099,current,mean,6985.738888888889,9568.833333333334,9498.68148148148
Homer,Southcentral,heating_degree_days,2070-2099,current,max,9956.0,9568.833333333334,9498.68148148148
Homer,Southcentral,heating_degree_days,2070-2099,delta,min,3159.333333333334,9568.833333333334,9498.68148148148
Homer,Southcentral,heating_degree_days,2070-2099,delta,mean,7055.8907407407405,9568.833333333334,9498.68148148148
Homer,Southcentral,heating_degree_days,2070-2099,delta,max,9922.300000000001,9568.833333333334,9498.68148148148
Homer,Southcentral,heating_degree_days,2070-2099,delta_mult_uncapped,min,3100.295944734483,9568.833333333334,9498.68148148148
Homer,Southcentral,heating_degree_days,2070-2099,delta_mult_uncapped,mean,7033.962607083187,9568.833333333334,9498.68148148148
Homer,Southcentral,heating_degree_days,2070-2099,delta_mult_uncapped,max,9927.902461551528,9568.833333333334,9498.68148148148
Homer,Southcentral,heating_degree_days,2070-2099,delta_mult_cap3x,min,3100.295944734483,9568.833333333334,9498.68148148148
Homer,Southcentral,heating_degree_days,2070-2099,delta_mult_cap3x,mean,7033.962607083187,9568.833333333334,9498.68148148148
Homer,Southcentral,heating_degree_days,2070-2099,delta_mult_cap3x,max,9927.902461551528,9568.833333333334,9498.68148148148
Homer,Southcentral,heating_degree_days,2070-2099,delta_mult_cap2x,min,3100.295944734483,9568.833333333334,9498.68148148148
Homer,Southcentral,heating_degree_days,2070-2099,delta_mult_cap2x,mean,7033.962607083187,9568.833333333334,9498.68148148148
Homer,Southcentral,heating_degree_days,2070-2099,delta_mult_cap2x,max,9927.902461551528,9568.833333333334,9498.68148148148
Homer,Southcentral,heating_degree_days,2070-2099,delta_mult_cap1.5x,min,3100.295944734483,9568.833333333334,9498.68148148148
Homer,Southcentral,heating_degree_days,2070-2099,delta_mult_cap1.5x,mean,7033.962607083187,9568.833333333334,9498.68148148148
Homer,Southcentral,heating_degree_days,2070-2099,delta_mult_cap1.5x,max,9927.902461551528,9568.833333333334,9498.68148148148
Juneau,Southeast,freezing_index,2010-2039,current,min,62.0,816.7333333333333,788.8685185185185
Juneau,Southeast,freezing_index,2010-2039,current,mean,595.1888888888889,816.7333333333333,788.8685185185185
Juneau,Southeast,freezing_index,2010-2039,current,max,1801.0,816.7333333333333,788.8685185185185
Juneau,Southeast,freezing_index,2010-2039,delta,min,87.4666666666667,816.7333333333333,788.8685185185185
Juneau,Southeast,freezing_index,2010-2039,delta,mean,623.0537037037037,816.7333333333333,788.8685185185185
Juneau,Southeast,freezing_index,2010-2039,delta,max,1817.4333333333334,816.7333333333333,788.8685185185185
Juneau,Southeast,freezing_index,2010-2039,delta_mult_uncapped,min,68.95079883805374,816.7333333333333,788.8685185185185
Juneau,Southeast,freezing_index,2010-2039,delta_mult_uncapped,mean,616.0667842174704,816.7333333333333,788.8685185185185
Juneau,Southeast,freezing_index,2010-2039,delta_mult_uncapped,max,1837.9816735390898,816.7333333333333,788.8685185185185
Juneau,Southeast,freezing_index,2010-2039,delta_mult_cap3x,min,68.95079883805374,816.7333333333333,788.8685185185185
Juneau,Southeast,freezing_index,2010-2039,delta_mult_cap3x,mean,616.0667842174704,816.7333333333333,788.8685185185185
Juneau,Southeast,freezing_index,2010-2039,delta_mult_cap3x,max,1837.9816735390898,816.7333333333333,788.8685185185185
Juneau,Southeast,freezing_index,2010-2039,delta_mult_cap2x,min,68.95079883805374,816.7333333333333,788.8685185185185
Juneau,Southeast,freezing_index,2010-2039,delta_mult_cap2x,mean,615.1627759719524,816.7333333333333,788.8685185185185
Juneau,Southeast,freezing_index,2010-2039,delta_mult_cap2x,max,1633.4666666666667,816.7333333333333,788.8685185185185
Juneau,Southeast,freezing_index,2010-2039,delta_mult_cap1.5x,min,68.95079883805374,816.7333333333333,788.8685185185185
Juneau,Southeast,freezing_index,2010-2039,delta_mult_cap1.5x,mean,606.7789080518563,816.7333333333333,788.8685185185185
Juneau,Southeast,freezing_index,2010-2039,delta_mult_cap1.5x,max,1225.1,816.7333333333333,788.8685185185185
Juneau,Southeast,freezing_index,2040-2069,current,min,11.0,816.7333333333333,788.8685185185185
Juneau,Southeast,freezing_index,2040-2069,current,mean,417.3462962962963,816.7333333333333,788.8685185185185
Juneau,Southeast,freezing_index,2040-2069,current,max,1346.0,816.7333333333333,788.8685185185185
Juneau,Southeast,freezing_index,2040-2069,delta,min,0.0,816.7333333333333,788.8685185185185
Juneau,Southeast,freezing_index,2040-2069,delta,mean,445.2333950617284,816.7333333333333,788.8685185185185
Juneau,Southeast,freezing_index,2040-2069,delta,max,1344.2,816.7333333333333,788.8685185185185
Juneau,Southeast,freezing_index,2040-2069,delta_mult_uncapped,min,12.233206245461147,816.7333333333333,788.8685185185185
Juneau,Southeast,freezing_index,2040-2069,delta_mult_uncapped,mean,429.1445645696904,816.7333333333333,788.8685185185185
Juneau,Southeast,freezing_index,2040-2069,delta_mult_uncapped,max,1343.040071672911,816.7333333333333,788.8685185185185
Juneau,Southeast,freezing_index,2040-2069,delta_mult_cap3x,min,12.233206245461147,816.7333333333333,788.8685185185185
Juneau,Southeast,freezing_index,2040-2069,delta_mult_cap3x,mean,429.1445645696904,816.7333333333333,788.8685185185185
Juneau,Southeast,freezing_index,2040-2069,delta_mult_cap3x,max,1343.040071672911,816.7333333333333,788.8685185185185
Juneau,Southeast,freezing_index,2040-2069,delta_mult_cap2x,min,12.233206245461147,816.7333333333333,788.8685185185185
Juneau,Southeast,freezing_index,2040-2069,delta_mult_cap2x,mean,429.1445645696904,816.7333333333333,788.8685185185185
Juneau,Southeast,freezing_index,2040-2069,delta_mult_cap2x,max,1343.040071672911,816.7333333333333,788.8685185185185
Juneau,Southeast,freezing_index,2040-2069,delta_mult_cap1.5x,min,12.233206245461147,816.7333333333333,788.8685185185185
Juneau,Southeast,freezing_index,2040-2069,delta_mult_cap1.5x,mean,428.7631828752414,816.7333333333333,788.8685185185185
Juneau,Southeast,freezing_index,2040-2069,delta_mult_cap1.5x,max,1225.1,816.7333333333333,788.8685185185185
Juneau,Southeast,freezing_index,2070-2099,current,min,0.0,816.7333333333333,788.8685185185185
Juneau,Southeast,freezing_index,2070-2099,current,mean,301.81851851851854,816.7333333333333,788.8685185185185
Juneau,Southeast,freezing_index,2070-2099,current,max,1257.0,816.7333333333333,788.8685185185185
Juneau,Southeast,freezing_index,2070-2099,delta,min,17.399999999999977,816.7333333333333,788.8685185185185
Juneau,Southeast,freezing_index,2070-2099,delta,mean,329.68333333333334,816.7333333333333,788.8685185185185
Juneau,Southeast,freezing_index,2070-2099,delta,max,1266.4666666666667,816.7333333333333,788.8685185185185
Juneau,Southeast,freezing_index,2070-2099,delta_mult_uncapped,min,0.0,816.7333333333333,788.8685185185185
Juneau,Southeast,freezing_index,2070-2099,delta_mult_uncapped,mean,310.77594513256605,816.7333333333333,788.8685185185185
Juneau,Southeast,freezing_index,2070-2099,delta_mult_uncapped,max,1271.7406061607069,816.7333333333333,788.8685185185185
Juneau,Southeast,freezing_index,2070-2099,delta_mult_cap3x,min,0.0,816.7333333333333,788.8685185185185
Juneau,Southeast,freezing_index,2070-2099,delta_mult_cap3x,mean,310.77594513256605,816.7333333333333,788.8685185185185
Juneau,Southeast,freezing_index,2070-2099,delta_mult_cap3x,max,1271.7406061607069,816.7333333333333,788.8685185185185
Juneau,Southeast,freezing_index,2070-2099,delta_mult_cap2x,min,0.0,816.7333333333333,788.8685185185185
Juneau,Southeast,freezing_index,2070-2099,delta_mult_cap2x,mean,310.77594513256605,816.7333333333333,788.8685185185185
Juneau,Southeast,freezing_index,2070-2099,delta_mult_cap2x,max,1271.7406061607069,816.7333333333333,788.8685185185185
Juneau,Southeast,freezing_index,2070-2099,delta_mult_cap1.5x,min,0.0,816.7333333333333,788.8685185185185
Juneau,Southeast,freezing_index,2070-2099,delta_mult_cap1.5x,mean,310.68957363967587,816.7333333333333,788.8685185185185
Juneau,Southeast,freezing_index,2070-2099,delta_mult_cap1.5x,max,1225.1,816.7333333333333,788.8685185185185
Juneau,Southeast,thawing_index,2010-2039,current,min,2849.0,3737.733333333333,3774.82962962963
Juneau,Southeast,thawing_index,2010-2039,current,mean,4302.938888888889,3737.733333333333,3774.82962962963
Juneau,Southeast,thawing_index,2010-2039,current,max,5929.0,3737.733333333333,3774.82962962963
Juneau,Southeast,thawing_index,2010-2039,delta,min,2775.2666666666664,3737.733333333333,3774.82962962963
Juneau,Southeast,thawing_index,2010-2039,delta,mean,4265.842592592592,3737.733333333333,3774.82962962963
Juneau,Southeast,thawing_index,2010-2039,delta,max,5839.966666666666,3737.733333333333,3774.82962962963
Juneau,Southeast,thawing_index,2010-2039,delta_mult_uncapped,min,2793.8857132862236,3737.733333333333,3774.82962962963
Juneau,Southeast,thawing_index,2010-2039,delta_mult_uncapped,mean,4260.226071618288,3737.733333333333,3774.82962962963
Juneau,Southeast,thawing_index,2010-2039,delta_mult_uncapped,max,5832.925499697153,3737.733333333333,3774.82962962963
Juneau,Southeast,thawing_index,2010-2039,delta_mult_cap3x,min,2793.8857132862236,3737.733333333333,3774.82962962963
Juneau,Southeast,thawing_index,2010-2039,delta_mult_cap3x,mean,4260.226071618288,3737.733333333333,3774.82962962963
Juneau,Southeast,thawing_index,2010-2039,delta_mult_cap3x,max,5832.925499697153,3737.733333333333,3774.82962962963
Juneau,Southeast,thawing_index,2010-2039,delta_mult_cap2x,min,2793.8857132862236,3737.733333333333,3774.82962962963
Juneau,Southeast,thawing_index,2010-2039,delta_mult_cap2x,mean,4260.226071618288,3737.733333333333,3774.82962962963
Juneau,Southeast,thawing_index,2010-2039,delta_mult_cap2x,max,5832.925499697153,3737.733333333333,3774.82962962963
Juneau,Southeast,thawing_index,2010-2039,delta_mult_cap1.5x,min,2793.8857132862236,3737.733333333333,3774.82962962963
Juneau,Southeast,thawing_index,2010-2039,delta_mult_cap1.5x,mean,4259.245301972042,3737.733333333333,3774.82962962963
Juneau,Southeast,thawing_index,2010-2039,delta_mult_cap1.5x,max,5606.599999999999,3737.733333333333,3774.82962962963
Juneau,Southeast,thawing_index,2040-2069,current,min,3253.0,3737.733333333333,3774.82962962963
Juneau,Southeast,thawing_index,2040-2069,current,mean,4990.1092592592595,3737.733333333333,3774.82962962963
Juneau,Southeast,thawing_index,2040-2069,current,max,7424.0,3737.733333333333,3774.82962962963
Juneau,Southeast,thawing_index,2040-2069,delta,min,3248.7999999999997,3737.733333333333,3774.82962962963
Juneau,Southeast,thawing_index,2040-2069,delta,mean,4953.012962962963,3737.733333333333,3774.82962962963
Juneau,Southeast,thawing_index,2040-2069,delta,max,7364.666666666666,3737.733333333333,3774.82962962963
Juneau,Southeast,thawing_index,2040-2069,delta_mult_uncapped,min,3249.3487858326353,3737.733333333333,3774.82962962963
Juneau,Southeast,thawing_index,2040-2069,delta_mult_uncapped,mean,4938.666794643863,3737.733333333333,3774.82962962963
Juneau,Southeast,thawing_index,2040-2069,delta_mult_uncapped,max,7307.991853360488,3737.733333333333,3774.82962962963
Juneau,Southeast,thawing_index,2040-2069,delta_mult_cap3x,min,3249.3487858326353,3737.733333333333,3774.82962962963
Juneau,Southeast,thawing_index,2040-2069,delta_mult_cap3x,mean,4938.666794643863,3737.733333333333,3774.82962962963
Juneau,Southeast,thawing_index,2040-2069,delta_mult_cap3x,max,7307.991853360488,3737.733333333333,3774.82962962963
Juneau,Southeast,thawing_index,2040-2069,delta_mult_cap2x,min,3249.3487858326353,3737.733333333333,3774.82962962963
Juneau,Southeast,thawing_index,2040-2069,delta_mult_cap2x,mean,4938.666794643863,3737.733333333333,3774.82962962963
Juneau,Southeast,thawing_index,2040-2069,delta_mult_cap2x,max,7307.991853360488,3737.733333333333,3774.82962962963
Juneau,Southeast,thawing_index,2040-2069,delta_mult_cap1.5x,min,3249.3487858326353,3737.733333333333,3774.82962962963
Juneau,Southeast,thawing_index,2040-2069,delta_mult_cap1.5x,mean,4875.266118754406,3737.733333333333,3774.82962962963
Juneau,Southeast,thawing_index,2040-2069,delta_mult_cap1.5x,max,5606.599999999999,3737.733333333333,3774.82962962963
Juneau,Southeast,thawing_index,2070-2099,current,min,3504.0,3737.733333333333,3774.82962962963
Juneau,Southeast,thawing_index,2070-2099,current,mean,5647.092592592592,3737.733333333333,3774.82962962963
Juneau,Southeast,thawing_index,2070-2099,current,max,8585.0,3737.733333333333,3774.82962962963
Juneau,Southeast,thawing_index,2070-2099,delta,min,3499.7999999999997,3737.733333333333,3774.82962962963
Juneau,Southeast,thawing_index,2070-2099,delta,mean,5609.996296296295,3737.733333333333,3774.82962962963
Juneau,Southeast,thawing_index,2070-2099,delta,max,8525.666666666666,3737.733333333333,3774.82962962963
Juneau,Southeast,thawing_index,2070-2099,delta_mult_uncapped,min,3500.067059808655,3737.733333333333,3774.82962962963
Juneau,Southeast,thawing_index,2070-2099,delta_mult_uncapped,mean,5587.272051934463,3737.733333333333,3774.82962962963
Juneau,Southeast,thawing_index,2070-2099,delta_mult_uncapped,max,8450.849954350726,3737.733333333333,3774.82962962963
Juneau,Southeast,thawing_index,2070-2099,delta_mult_cap3x,min,3500.067059808655,3737.733333333333,3774.82962962963
Juneau,Southeast,thawing_index,2070-2099,delta_mult_cap3x,mean,5587.272051934463,3737.733333333333,3774.82962962963
Juneau,Southeast,thawing_index,2070-2099,delta_mult_cap3x,max,8450.849954350726,3737.733333333333,3774.82962962963
Juneau,Southeast,thawing_index,2070-2099,delta_mult_cap2x,min,3500.067059808655,3737.733333333333,3774.82962962963
Juneau,Southeast,thawing_index,2070-2099,delta_mult_cap2x,mean,5574.841387516946,3737.733333333333,3774.82962962963
Juneau,Southeast,thawing_index,2070-2099,delta_mult_cap2x,max,7475.466666666666,3737.733333333333,3774.82962962963
Juneau,Southeast,thawing_index,2070-2099,delta_mult_cap1.5x,min,3500.067059808655,3737.733333333333,3774.82962962963
Juneau,Southeast,thawing_index,2070-2099,delta_mult_cap1.5x,mean,5224.840786251966,3737.733333333333,3774.82962962963
Juneau,Southeast,thawing_index,2070-2099,delta_mult_cap1.5x,max,5606.599999999999,3737.733333333333,3774.82962962963
Juneau,Southeast,heating_degree_days,2010-2039,current,min,6396.0,9133.7,9069.064814814816
Juneau,Southeast,heating_degree_days,2010-2039,current,mean,8349.562962962964,9133.7,9069.064814814816
Juneau,Southeast,heating_degree_days,2010-2039,current,max,10362.0,9133.7,9069.064814814816
Juneau,Southeast,heating_degree_days,2010-2039,delta,min,6536.0,9133.7,9069.064814814816
Juneau,Southeast,heating_degree_days,2010-2039,delta,mean,8414.198148148149,9133.7,9069.064814814816
Juneau,Southeast,heating_degree_days,2010-2039,delta,max,10434.1,9133.7,9069.064814814816
Juneau,Southeast,heating_degree_days,2010-2039,delta_mult_uncapped,min,6495.56302745255,9133.7,9069.064814814816
Juneau,Southeast,heating_degree_days,2010-2039,delta_mult_uncapped,mean,8408.553202677129,9133.7,9069.064814814816
Juneau,Southeast,heating_degree_days,2010-2039,delta_mult_uncapped,max,10444.446830581797,9133.7,9069.064814814816
Juneau,Southeast,heating_degree_days,2010-2039,delta_mult_cap3x,min,6495.56302745255,9133.7,9069.064814814816
Juneau,Southeast,heating_degree_days,2010-2039,delta_mult_cap3x,mean,8408.553202677129,9133.7,9069.064814814816
Juneau,Southeast,heating_degree_days,2010-2039,delta_mult_cap3x,max,10444.446830581797,9133.7,9069.064814814816
Juneau,Southeast,heating_degree_days,2010-2039,delta_mult_cap2x,min,6495.56302745255,9133.7,9069.064814814816
Juneau,Southeast,heating_degree_days,2010-2039,delta_mult_cap2x,mean,8408.553202677129,9133.7,9069.064814814816
Juneau,Southeast,heating_degree_days,2010-2039,delta_mult_cap2x,max,10444.446830581797,9133.7,9069.064814814816
Juneau,Southeast,heating_degree_days,2010-2039,delta_mult_cap1.5x,min,6495.56302745255,9133.7,9069.064814814816
Juneau,Southeast,heating_degree_days,2010-2039,delta_mult_cap1.5x,mean,8408.553202677129,9133.7,9069.064814814816
Juneau,Southeast,heating_degree_days,2010-2039,delta_mult_cap1.5x,max,10444.446830581797,9133.7,9069.064814814816
Juneau,Southeast,heating_degree_days,2040-2069,current,min,4717.0,9133.7,9069.064814814816
Juneau,Southeast,heating_degree_days,2040-2069,current,mean,7500.040740740741,9133.7,9069.064814814816
Juneau,Southeast,heating_degree_days,2040-2069,current,max,9751.0,9133.7,9069.064814814816
Juneau,Southeast,heating_degree_days,2040-2069,delta,min,4857.0,9133.7,9069.064814814816
Juneau,Southeast,heating_degree_days,2040-2069,delta,mean,7564.675925925926,9133.7,9069.064814814816
Juneau,Southeast,heating_degree_days,2040-2069,delta,max,9769.7,9133.7,9069.064814814816
Juneau,Southeast,heating_degree_days,2040-2069,delta_mult_uncapped,min,4790.426954423652,9133.7,9069.064814814816
Juneau,Southeast,heating_degree_days,2040-2069,delta_mult_uncapped,mean,7550.9601047122205,9133.7,9069.064814814816
Juneau,Southeast,heating_degree_days,2040-2069,delta_mult_uncapped,max,9771.004794295119,9133.7,9069.064814814816
Juneau,Southeast,heating_degree_days,2040-2069,delta_mult_cap3x,min,4790.426954423652,9133.7,9069.064814814816
Juneau,Southeast,heating_degree_days,2040-2069,delta_mult_cap3x,mean,7550.9601047122205,9133.7,9069.064814814816
Juneau,Southeast,heating_degree_days,2040-2069,delta_mult_cap3x,max,9771.004794295119,9133.7,9069.064814814816
Juneau,Southeast,heating_degree_days,2040-2069,delta_mult_cap2x,min,4790.426954423652,9133.7,9069.064814814816
Juneau,Southeast,heating_degree_days,2040-2069,delta_mult_cap2x,mean,7550.9601047122205,9133.7,9069.064814814816
Juneau,Southeast,heating_degree_days,2040-2069,delta_mult_cap2x,max,9771.004794295119,9133.7,9069.064814814816
Juneau,Southeast,heating_degree_days,2040-2069,delta_mult_cap1.5x,min,4790.426954423652,9133.7,9069.064814814816
Juneau,Southeast,heating_degree_days,2040-2069,delta_mult_cap1.5x,mean,7550.9601047122205,9133.7,9069.064814814816
Juneau,Southeast,heating_degree_days,2040-2069,delta_mult_cap1.5x,max,9771.004794295119,9133.7,9069.064814814816
Juneau,Southeast,heating_degree_days,2070-2099,current,min,3918.0,9133.7,9069.064814814816
Juneau,Southeast,heating_degree_days,2070-2099,current,mean,6765.975925925926,9133.7,9069.064814814816
Juneau,Southeast,heating_degree_days,2070-2099,current,max,9485.0,9133.7,9069.064814814816
Juneau,Southeast,heating_degree_days,2070-2099,delta,min,4143.0666666666675,9133.7,9069.064814814816
Juneau,Southeast,heating_degree_days,2070-2099,delta,mean,6830.611111111111,9133.7,9069.064814814816
Juneau,Southeast,heating_degree_days,2070-2099,delta,max,9487.166666666668,9133.7,9069.064814814816
Juneau,Southeast,heating_degree_days,2070-2099,delta_mult_uncapped,min,4016.9838920298293,9133.7,9069.064814814816
Juneau,Southeast,heating_degree_days,2070-2099,delta_mult_uncapped,mean,6810.789365861277,9133.7,9069.064814814816
Juneau,Southeast,heating_degree_days,2070-2099,delta_mult_uncapped,max,9487.25053477693,9133.7,9069.064814814816
Juneau,Southeast,heating_degree_days,2070-2099,delta_mult_cap3x,min,4016.9838920298293,9133.7,9069.064814814816
Juneau,Southeast,heating_degree_days,2070-2099,delta_mult_cap3x,mean,6810.789365861277,9133.7,9069.064814814816
Juneau,Southeast,heating_degree_days,2070-2099,delta_mult_cap3x,max,9487.25053477693,9133.7,9069.064814814816
Juneau,Southeast,heating_degree_days,2070-2099,delta_mult_cap2x,min,4016.9838920298293,9133.7,9069.064814814816
Juneau,Southeast,heating_degree_days,2070-2099,delta_mult_cap2x,mean,6810.789365861277,9133.7,9069.064814814816
Juneau,Southeast,heating_degree_days,2070-2099,delta_mult_cap2x,max,9487.25053477693,9133.7,9069.064814814816
Juneau,Southeast,heating_degree_days,2070-2099,delta_mult_cap1.5x,min,4016.9838920298293,9133.7,9069.064814814816
Juneau,Southeast,heating_degree_days,2070-2099,delta_mult_cap1.5x,mean,6810.789365861277,9133.7,9069.064814814816
Juneau,Southeast,heating_degree_days,2070-2099,delta_mult_cap1.5x,max,9487.25053477693,9133.7,9069.064814814816
King Salmon,Southwest,freezing_index,2010-2039,current,min,261.0,1804.9666666666667,1753.2555555555555
King Salmon,Southwest,freezing_index,2010-2039,current,mean,1401.1277777777777,1804.9666666666667,1753.2555555555555
King Salmon,Southwest,freezing_index,2010-2039,current,max,3570.0,1804.9666666666667,1753.2555555555555
King Salmon,Southwest,freezing_index,2010-2039,delta,min,228.20000000000005,1804.9666666666667,1753.2555555555555
King Salmon,Southwest,freezing_index,2010-2039,delta,mean,1452.838888888889,1804.9666666666667,1753.2555555555555
King Salmon,Southwest,freezing_index,2010-2039,delta,max,3667.7,1804.9666666666667,1753.2555555555555
King Salmon,Southwest,freezing_index,2010-2039,delta_mult_uncapped,min,277.94543308354054,1804.9666666666667,1753.2555555555555
King Salmon,Southwest,freezing_index,2010-2039,delta_mult_uncapped,mean,1443.5220009064728,1804.9666666666667,1753.2555555555555
King Salmon,Southwest,freezing_index,2010-2039,delta_mult_uncapped,max,3774.2967316177906,1804.9666666666667,1753.2555555555555
King Salmon,Southwest,freezing_index,2010-2039,delta_mult_cap3x,min,277.94543308354054,1804.9666666666667,1753.2555555555555
King Salmon,Southwest,freezing_index,2010-2039,delta_mult_cap3x,mean,1443.5220009064728,1804.9666666666667,1753.2555555555555
King Salmon,Southwest,freezing_index,2010-2039,delta_mult_cap3x,max,3774.2967316177906,1804.9666666666667,1753.2555555555555
King Salmon,Southwest,freezing_index,2010-2039,delta_mult_cap2x,min,277.94543308354054,1804.9666666666667,1753.2555555555555
King Salmon,Southwest,freezing_index,2010-2039,delta_mult_cap2x,mean,1443.217624242983,1804.9666666666667,1753.2555555555555
King Salmon,Southwest,freezing_index,2010-2039,delta_mult_cap2x,max,3609.9333333333334,1804.9666666666667,1753.2555555555555
King Salmon,Southwest,freezing_index,2010-2039,delta_mult_cap1.5x,min,277.94543308354054,1804.9666666666667,1753.2555555555555
King Salmon,Southwest,freezing_index,2010-2039,delta_mult_cap1.5x,mean,1432.0222172563538,1804.9666666666667,1753.2555555555555
King Salmon,Southwest,freezing_index,2010-2039,delta_mult_cap1.5x,max,2707.45,1804.9666666666667,1753.2555555555555
King Salmon,Southwest,freezing_index,2040-2069,current,min,169.0,1804.9666666666667,1753.2555555555555
King Salmon,Southwest,freezing_index,2040-2069,current,mean,1051.4314814814816,1804.9666666666667,1753.2555555555555
King Salmon,Southwest,freezing_index,2040-2069,current,max,3102.0,1804.9666666666667,1753.2555555555555
King Salmon,Southwest,freezing_index,2040-2069,delta,min,141.20000000000005,1804.9666666666667,1753.2555555555555
King Salmon,Southwest,freezing_index,2040-2069,delta,mean,1103.1425925925926,1804.9666666666667,1753.2555555555555
King Salmon,Southwest,freezing_index,2040-2069,delta,max,3090.6000000000004,1804.9666666666667,1753.2555555555555
King Salmon,Southwest,freezing_index,2040-2069,delta_mult_uncapped,min,183.25452069607707,1804.9666666666667,1753.2555555555555
King Salmon,Southwest,freezing_index,2040-2069,delta_mult_uncapped,mean,1079.8769053685396,1804.9666666666667,1753.2555555555555
King Salmon,Southwest,freezing_index,2040-2069,delta_mult_uncapped,max,3082.5310234717663,1804.9666666666667,1753.2555555555555
King Salmon,Southwest,freezing_index,2040-2069,delta_mult_cap3x,min,183.25452069607707,1804.9666666666667,1753.2555555555555
King Salmon,Southwest,freezing_index,2040-2069,delta_mult_cap3x,mean,1079.8769053685396,1804.9666666666667,1753.2555555555555
King Salmon,Southwest,freezing_index,2040-2069,delta_mult_cap3x,max,3082.5310234717663,1804.9666666666667,1753.2555555555555
King Salmon,Southwest,freezing_index,2040-2069,delta_mult_cap2x,min,183.25452069607707,1804.9666666666667,1753.2555555555555
King Salmon,Southwest,freezing_index,2040-2069,delta_mult_cap2x,mean,1079.8769053685396,1804.9666666666667,1753.2555555555555
King Salmon,Southwest,freezing_index,2040-2069,delta_mult_cap2x,max,3082.5310234717663,1804.9666666666667,1753.2555555555555
King Salmon,Southwest,freezing_index,2040-2069,delta_mult_cap1.5x,min,183.25452069607707,1804.9666666666667,1753.2555555555555
King Salmon,Southwest,freezing_index,2040-2069,delta_mult_cap1.5x,mean,1077.4046780567892,1804.9666666666667,1753.2555555555555
King Salmon,Southwest,freezing_index,2040-2069,delta_mult_cap1.5x,max,2707.45,1804.9666666666667,1753.2555555555555
King Salmon,Southwest,freezing_index,2070-2099,current,min,32.0,1804.9666666666667,1753.2555555555555
King Salmon,Southwest,freezing_index,2070-2099,current,mean,817.8833333333333,1804.9666666666667,1753.2555555555555
King Salmon,Southwest,freezing_index,2070-2099,current,max,2820.0,1804.9666666666667,1753.2555555555555
King Salmon,Southwest,freezing_index,2070-2099,delta,min,0.0,1804.9666666666667,1753.2555555555555
King Salmon,Southwest,freezing_index,2070-2099,delta,mean,869.6714814814817,1804.9666666666667,1753.2555555555555
King Salmon,Southwest,freezing_index,2070-2099,delta,max,2706.9333333333334,1804.9666666666667,1753.2555555555555
King Salmon,Southwest,freezing_index,2070-2099,delta_mult_uncapped,min,30.990431563321593,1804.9666666666667,1753.2555555555555
King Salmon,Southwest,freezing_index,2070-2099,delta_mult_uncapped,mean,838.3638523415884,1804.9666666666667,1753.2555555555555
King Salmon,Southwest,freezing_index,2070-2099,delta_mult_uncapped,max,2734.7763732248313,1804.9666666666667,1753.2555555555555
King Salmon,Southwest,freezing_index,2070-2099,delta_mult_cap3x,min,30.990431563321593,1804.9666666666667,1753.2555555555555
King Salmon,Southwest,freezing_index,2070-2099,delta_mult_cap3x,mean,838.3638523415884,1804.9666666666667,1753.2555555555555
King Salmon,Southwest,freezing_index,2070-2099,delta_mult_cap3x,max,2734.7763732248313,1804.9666666666667,1753.2555555555555
King Salmon,Southwest,freezing_index,2070-2099,delta_mult_cap2x,min,30.990431563321593,1804.9666666666667,1753.2555555555555
King Salmon,Southwest,freezing_index,2070-2099,delta_mult_cap2x,mean,838.3638523415884,1804.9666666666667,1753.2555555555555
King Salmon,Southwest,freezing_index,2070-2099,delta_mult_cap2x,max,2734.7763732248313,1804.9666666666667,1753.2555555555555
King Salmon,Southwest,freezing_index,2070-2099,delta_mult_cap1.5x,min,30.990431563321593,1804.9666666666667,1753.2555555555555
King Salmon,Southwest,freezing_index,2070-2099,delta_mult_cap1.5x,mean,838.3132479467276,1804.9666666666667,1753.2555555555555
King Salmon,Southwest,freezing_index,2070-2099,delta_mult_cap1.5x,max,2707.45,1804.9666666666667,1753.2555555555555
King Salmon,Southwest,thawing_index,2010-2039,current,min,2112.0,3229.3,3300.7166666666662
King Salmon,Southwest,thawing_index,2010-2039,current,mean,3771.7203703703703,3229.3,3300.7166666666662
King Salmon,Southwest,thawing_index,2010-2039,current,max,6096.0,3229.3,3300.7166666666662
King Salmon,Southwest,thawing_index,2010-2039,delta,min,2113.766666666667,3229.3,3300.7166666666662
King Salmon,Southwest,thawing_index,2010-2039,delta,mean,3700.3037037037047,3229.3,3300.7166666666662
King Salmon,Southwest,thawing_index,2010-2039,delta,max,6018.166666666667,3229.3,3300.7166666666662
King Salmon,Southwest,thawing_index,2010-2039,delta_mult_uncapped,min,2113.1560531262267,3229.3,3300.7166666666662
King Salmon,Southwest,thawing_index,2010-2039,delta_mult_uncapped,mean,3689.726340306076,3229.3,3300.7166666666662
King Salmon,Southwest,thawing_index,2010-2039,delta_mult_uncapped,max,5952.530731549984,3229.3,3300.7166666666662
King Salmon,Southwest,thawing_index,2010-2039,delta_mult_cap3x,min,2113.1560531262267,3229.3,3300.7166666666662
King Salmon,Southwest,thawing_index,2010-2039,delta_mult_cap3x,mean,3689.726340306076,3229.3,3300.7166666666662
King Salmon,Southwest,thawing_index,2010-2039,delta_mult_cap3x,max,5952.530731549984,3229.3,3300.7166666666662
King Salmon,Southwest,thawing_index,2010-2039,delta_mult_cap2x,min,2113.1560531262267,3229.3,3300.7166666666662
King Salmon,Southwest,thawing_index,2010-2039,delta_mult_cap2x,mean,3689.726340306076,3229.3,3300.7166666666662
King Salmon,Southwest,thawing_index,2010-2039,delta_mult_cap2x,max,5952.530731549984,3229.3,3300.7166666666662
King Salmon,Southwest,thawing_index,2010-2039,delta_mult_cap1.5x,min,2113.1560531262267,3229.3,3300.7166666666662
King Salmon,Southwest,thawing_index,2010-2039,delta_mult_cap1.5x,mean,3686.8073008928827,3229.3,3300.7166666666662
King Salmon,Southwest,thawing_index,2010-2039,delta_mult_cap1.5x,max,4843.950000000001,3229.3,3300.7166666666662
King Salmon,Southwest,thawing_index,2040-2069,current,min,2838.0,3229.3,3300.7166666666662
King Salmon,Southwest,thawing_index,2040-2069,current,mean,4386.4425925925925,3229.3,3300.7166666666662
King Salmon,Southwest,thawing_index,2040-2069,current,max,7310.0,3229.3,3300.7166666666662
King Salmon,Southwest,thawing_index,2040-2069,delta,min,2781.1333333333337,3229.3,3300.7166666666662
King Salmon,Southwest,thawing_index,2040-2069,delta,mean,4315.025925925926,3229.3,3300.7166666666662
King Salmon,Southwest,thawing_index,2040-2069,delta,max,7232.166666666667,3229.3,3300.7166666666662
King Salmon,Southwest,thawing_index,2040-2069,delta_mult_uncapped,min,2788.8887964700516,3229.3,3300.7166666666662
King Salmon,Southwest,thawing_index,2040-2069,delta_mult_uncapped,mean,4287.904037765256,3229.3,3300.7166666666662
King Salmon,Southwest,thawing_index,2040-2069,delta_mult_uncapped,max,7137.959259781886,3229.3,3300.7166666666662
King Salmon,Southwest,thawing_index,2040-2069,delta_mult_cap3x,min,2788.8887964700516,3229.3,3300.7166666666662
King Salmon,Southwest,thawing_index,2040-2069,delta_mult_cap3x,mean,4287.904037765256,3229.3,3300.7166666666662
King Salmon,Southwest,thawing_index,2040-2069,delta_mult_cap3x,max,7137.959259781886,3229.3,3300.7166666666662
King Salmon,Southwest,thawing_index,2040-2069,delta_mult_cap2x,min,2788.8887964700516,3229.3,3300.7166666666662
King Salmon,Southwest,thawing_index,2040-2069,delta_mult_cap2x,mean,4286.172680907764,3229.3,3300.7166666666662
King Salmon,Southwest,thawing_index,2040-2069,delta_mult_cap2x,max,6458.6,3229.3,3300.7166666666662
King Salmon,Southwest,thawing_index,2040-2069,delta_mult_cap1.5x,min,2788.8887964700516,3229.3,3300.7166666666662
King Salmon,Southwest,thawing_index,2040-2069,delta_mult_cap1.5x,mean,4199.836561014803,3229.3,3300.7166666666662
King Salmon,Southwest,thawing_index,2040-2069,delta_mult_cap1.5x,max,4843.950000000001,3229.3,3300.7166666666662
King Salmon,Southwest,thawing_index,2070-2099,current,min,3040.0,3229.3,3300.7166666666662
King Salmon,Southwest,thawing_index,2070-2099,current,mean,4993.677777777778,3229.3,3300.7166666666662
King Salmon,Southwest,thawing_index,2070-2099,current,max,8395.0,3229.3,3300.7166666666662
King Salmon,Southwest,thawing_index,2070-2099,delta,min,2946.0,3229.3,3300.7166666666662
King Salmon,Southwest,thawing_index,2070-2099,delta,mean,4922.261111111111,3229.3,3300.7166666666662
King Salmon,Southwest,thawing_index,2070-2099,delta,max,8317.166666666668,3229.3,3300.7166666666662
King Salmon,Southwest,thawing_index,2070-2099,delta_mult_uncapped,min,2954.013179670809,3229.3,3300.7166666666662
King Salmon,Southwest,thawing_index,2070-2099,delta_mult_uncapped,mean,4879.754628037039,3229.3,3300.7166666666662
King Salmon,Southwest,thawing_index,2070-2099,delta_mult_uncapped,max,8197.423801076462,3229.3,3300.7166666666662
King Salmon,Southwest,thawing_index,2070-2099,delta_mult_cap3x,min,2954.013179670809,3229.3,3300.7166666666662
King Salmon,Southwest,thawing_index,2070-2099,delta_mult_cap3x,mean,4879.754628037039,3229.3,3300.7166666666662
King Salmon,Southwest,thawing_index,2070-2099,delta_mult_cap3x,max,8197.423801076462,3229.3,3300.7166666666662
King Salmon,Southwest,thawing_index,2070-2099,delta_mult_cap2x,min,2954.013179670809,3229.3,3300.7166666666662
King Salmon,Southwest,thawing_index,2070-2099,delta_mult_cap2x,mean,4835.556714219773,3229.3,3300.7166666666662
King Salmon,Southwest,thawing_index,2070-2099,delta_mult_cap2x,max,6458.6,3229.3,3300.7166666666662
King Salmon,Southwest,thawing_index,2070-2099,delta_mult_cap1.5x,min,2954.013179670809,3229.3,3300.7166666666662
King Salmon,Southwest,thawing_index,2070-2099,delta_mult_cap1.5x,mean,4485.217282943605,3229.3,3300.7166666666662
King Salmon,Southwest,thawing_index,2070-2099,delta_mult_cap1.5x,max,4843.950000000001,3229.3,3300.7166666666662
King Salmon,Southwest,heating_degree_days,2010-2039,current,min,6242.0,10629.8,10506.962962962964
King Salmon,Southwest,heating_degree_days,2010-2039,current,mean,9684.294444444444,10629.8,10506.962962962964
King Salmon,Southwest,heating_degree_days,2010-2039,current,max,13276.0,10629.8,10506.962962962964
King Salmon,Southwest,heating_degree_days,2010-2039,delta,min,6260.633333333333,10629.8,10506.962962962964
King Salmon,Southwest,heating_degree_days,2010-2039,delta,mean,9807.13148148148,10629.8,10506.962962962964
King Salmon,Southwest,heating_degree_days,2010-2039,delta,max,13304.199999999999,10629.8,10506.962962962964
King Salmon,Southwest,heating_degree_days,2010-2039,delta_mult_uncapped,min,6252.9610253349465,10629.8,10506.962962962964
King Salmon,Southwest,heating_degree_days,2010-2039,delta_mult_uncapped,mean,9797.575674196512,10629.8,10506.962962962964
King Salmon,Southwest,heating_degree_days,2010-2039,delta_mult_uncapped,max,13311.313839420463,10629.8,10506.962962962964
King Salmon,Southwest,heating_degree_days,2010-2039,delta_mult_cap3x,min,6252.9610253349465,10629.8,10506.962962962964
King Salmon,Southwest,heating_degree_days,2010-2039,delta_mult_cap3x,mean,9797.575674196512,10629.8,10506.962962962964
King Salmon,Southwest,heating_degree_days,2010-2039,delta_mult_cap3x,max,13311.313839420463,10629.8,10506.962962962964
King Salmon,Southwest,heating_degree_days,2010-2039,delta_mult_cap2x,min,6252.9610253349465,10629.8,10506.962962962964
King Salmon,Southwest,heating_degree_days,2010-2039,delta_mult_cap2x,mean,9797.575674196512,10629.8,10506.962962962964
King Salmon,Southwest,heating_degree_days,2010-2039,delta_mult_cap2x,max,13311.313839420463,10629.8,10506.962962962964
King Salmon,Southwest,heating_degree_days,2010-2039,delta_mult_cap1.5x,min,6252.9610253349465,10629.8,10506.962962962964
King Salmon,Southwest,heating_degree_days,2010-2039,delta_mult_cap1.5x,mean,9797.575674196512,10629.8,10506.962962962964
King Salmon,Southwest,heating_degree_days,2010-2039,delta_mult_cap1.5x,max,13311.313839420463,10629.8,10506.962962962964
King Salmon,Southwest,heating_degree_days,2040-2069,current,min,4977.0,10629.8,10506.962962962964
King Salmon,Southwest,heating_degree_days,2040-2069,current,mean,8729.22037037037,10629.8,10506.962962962964
King Salmon,Southwest,heating_degree_days,2040-2069,current,max,11987.0,10629.8,10506.962962962964
King Salmon,Southwest,heating_degree_days,2040-2069,delta,min,4995.633333333333,10629.8,10506.962962962964
King Salmon,Southwest,heating_degree_days,2040-2069,delta,mean,8852.057407407407,10629.8,10506.962962962964
King Salmon,Southwest,heating_degree_days,2040-2069,delta,max,12198.533333333333,10629.8,10506.962962962964
King Salmon,Southwest,heating_degree_days,2040-2069,delta_mult_uncapped,min,4985.73967047293,10629.8,10506.962962962964
King Salmon,Southwest,heating_degree_days,2040-2069,delta_mult_uncapped,mean,8828.28970047385,10629.8,10506.962962962964
King Salmon,Southwest,heating_degree_days,2040-2069,delta_mult_uncapped,max,12230.38502246055,10629.8,10506.962962962964
King Salmon,Southwest,heating_degree_days,2040-2069,delta_mult_cap3x,min,4985.73967047293,10629.8,10506.962962962964
King Salmon,Southwest,heating_degree_days,2040-2069,delta_mult_cap3x,mean,8828.28970047385,10629.8,10506.962962962964
King Salmon,Southwest,heating_degree_days,2040-2069,delta_mult_cap3x,max,12230.38502246055,10629.8,10506.962962962964
King Salmon,Southwest,heating_degree_days,2040-2069,delta_mult_cap2x,min,4985.73967047293,10629.8,10506.962962962964
King Salmon,Southwest,heating_degree_days,2040-2069,delta_mult_cap2x,mean,8828.28970047385,10629.8,10506.962962962964
King Salmon,Southwest,heating_degree_days,2040-2069,delta_mult_cap2x,max,12230.38502246055,10629.8,10506.962962962964
King Salmon,Southwest,heating_degree_days,2040-2069,delta_mult_cap1.5x,min,4985.73967047293,10629.8,10506.962962962964
King Salmon,Southwest,heating_degree_days,2040-2069,delta_mult_cap1.5x,mean,8828.28970047385,10629.8,10506.962962962964
King Salmon,Southwest,heating_degree_days,2040-2069,delta_mult_cap1.5x,max,12230.38502246055,10629.8,10506.962962962964
King Salmon,Southwest,heating_degree_days,2070-2099,current,min,4041.0,10629.8,10506.962962962964
King Salmon,Southwest,heating_degree_days,2070-2099,current,mean,7910.831481481481,10629.8,10506.962962962964
King Salmon,Southwest,heating_degree_days,2070-2099,current,max,11469.0,10629.8,10506.962962962964
King Salmon,Southwest,heating_degree_days,2070-2099,delta,min,4059.633333333333,10629.8,10506.962962962964
King Salmon,Southwest,heating_degree_days,2070-2099,delta,mean,8033.668518518519,10629.8,10506.962962962964
King Salmon,Southwest,heating_degree_days,2070-2099,delta,max,11449.533333333333,10629.8,10506.962962962964
King Salmon,Southwest,heating_degree_days,2070-2099,delta_mult_uncapped,min,4048.096043476212,10629.8,10506.962962962964
King Salmon,Southwest,heating_degree_days,2070-2099,delta_mult_uncapped,mean,7998.780880731175,10629.8,10506.962962962964
King Salmon,Southwest,heating_degree_days,2070-2099,delta_mult_uncapped,max,11466.177265572009,10629.8,10506.962962962964
King Salmon,Southwest,heating_degree_days,2070-2099,delta_mult_cap3x,min,4048.096043476212,10629.8,10506.962962962964
King Salmon,Southwest,heating_degree_days,2070-2099,delta_mult_cap3x,mean,7998.780880731175,10629.8,10506.962962962964
King Salmon,Southwest,heating_degree_days,2070-2099,delta_mult_cap3x,max,11466.177265572009,10629.8,10506.962962962964
King Salmon,Southwest,heating_degree_days,2070-2099,delta_mult_cap2x,min,4048.096043476212,10629.8,10506.962962962964
King Salmon,Southwest,heating_degree_days,2070-2099,delta_mult_cap2x,mean,7998.780880731175,10629.8,10506.962962962964
King Salmon,Southwest,heating_degree_days,2070-2099,delta_mult_cap2x,max,11466.177265572009,10629.8,10506.962962962964
King Salmon,Southwest,heating_degree_days,2070-2099,delta_mult_cap1.5x,min,4048.096043476212,10629.8,10506.962962962964
King Salmon,Southwest,heating_degree_days,2070-2099,delta_mult_cap1.5x,mean,7998.780880731175,10629.8,10506.962962962964
King Salmon,Southwest,heating_degree_days,2070-2099,delta_mult_cap1.5x,max,11466.177265572009,10629.8,10506.962962962964
Kodiak,Southcentral,freezing_index,2010-2039,current,min,32.0,601.3666666666667,553.5333333333333
Kodiak,Southcentral,freezing_index,2010-2039,current,mean,392.44444444444446,601.3666666666667,553.5333333333333
Kodiak,Southcentral,freezing_index,2010-2039,current,max,1420.0,601.3666666666667,553.5333333333333
Kodiak,Southcentral,freezing_index,2010-2039,delta,min,31.66666666666663,601.3666666666667,553.5333333333333
Kodiak,Southcentral,freezing_index,2010-2039,delta,mean,440.27777777777777,601.3666666666667,553.5333333333333
Kodiak,Southcentral,freezing_index,2010-2039,delta,max,1489.8333333333335,601.3666666666667,553.5333333333333
Kodiak,Southcentral,freezing_index,2010-2039,delta_mult_uncapped,min,35.95391418073115,601.3666666666667,553.5333333333333
Kodiak,Southcentral,freezing_index,2010-2039,delta_mult_uncapped,mean,425.90503155030683,601.3666666666667,553.5333333333333
Kodiak,Southcentral,freezing_index,2010-2039,delta_mult_uncapped,max,1606.5608930139222,601.3666666666667,553.5333333333333
Kodiak,Southcentral,freezing_index,2010-2039,delta_mult_cap3x,min,35.95391418073115,601.3666666666667,553.5333333333333
Kodiak,Southcentral,freezing_index,2010-2039,delta_mult_cap3x,mean,425.90503155030683,601.3666666666667,553.5333333333333
Kodiak,Southcentral,freezing_index,2010-2039,delta_mult_cap3x,max,1606.5608930139222,601.3666666666667,553.5333333333333
Kodiak,Southcentral,freezing_index,2010-2039,delta_mult_cap2x,min,35.95391418073115,601.3666666666667,553.5333333333333
Kodiak,Southcentral,freezing_index,2010-2039,delta_mult_cap2x,mean,424.08410311757365,601.3666666666667,553.5333333333333
Kodiak,Southcentral,freezing_index,2010-2039,delta_mult_cap2x,max,1202.7333333333333,601.3666666666667,553.5333333333333
Kodiak,Southcentral,freezing_index,2010-2039,delta_mult_cap1.5x,min,35.95391418073115,601.3666666666667,553.5333333333333
Kodiak,Southcentral,freezing_index,2010-2039,delta_mult_cap1.5x,mean,414.9533354438195,601.3666666666667,553.5333333333333
Kodiak,Southcentral,freezing_index,2010-2039,delta_mult_cap1.5x,max,902.05,601.3666666666667,553.5333333333333
Kodiak,Southcentral,freezing_index,2040-2069,current,min,9.0,601.3666666666667,553.5333333333333
Kodiak,Southcentral,freezing_index,2040-2069,current,mean,250.66666666666666,601.3666666666667,553.5333333333333
Kodiak,Southcentral,freezing_index,2040-2069,current,max,1171.0,601.3666666666667,553.5333333333333
Kodiak,Southcentral,freezing_index,2040-2069,delta,min,22.66666666666663,601.3666666666667,553.5333333333333
Kodiak,Southcentral,freezing_index,2040-2069,delta,mean,298.49999999999994,601.3666666666667,553.5333333333333
Kodiak,Southcentral,freezing_index,2040-2069,delta,max,1209.9,601.3666666666667,553.5333333333333
Kodiak,Southcentral,freezing_index,2040-2069,delta_mult_uncapped,min,9.643582585971371,601.3666666666667,553.5333333333333
Kodiak,Southcentral,freezing_index,2040-2069,delta_mult_uncapped,mean,270.5562371877886,601.3666666666667,553.5333333333333
Kodiak,Southcentral,freezing_index,2040-2069,delta_mult_uncapped,max,1251.985954723243,601.3666666666667,553.5333333333333
Kodiak,Southcentral,freezing_index,2040-2069,delta_mult_cap3x,min,9.643582585971371,601.3666666666667,553.5333333333333
Kodiak,Southcentral,freezing_index,2040-2069,delta_mult_cap3x,mean,270.5562371877886,601.3666666666667,553.5333333333333
Kodiak,Southcentral,freezing_index,2040-2069,delta_mult_cap3x,max,1251.985954723243,601.3666666666667,553.5333333333333
Kodiak,Southcentral,freezing_index,2040-2069,delta_mult_cap2x,min,9.643582585971371,601.3666666666667,553.5333333333333
Kodiak,Southcentral,freezing_index,2040-2069,delta_mult_cap2x,mean,270.4650286296592,601.3666666666667,553.5333333333333
Kodiak,Southcentral,freezing_index,2040-2069,delta_mult_cap2x,max,1202.7333333333333,601.3666666666667,553.5333333333333
Kodiak,Southcentral,freezing_index,2040-2069,delta_mult_cap1.5x,min,9.643582585971371,601.3666666666667,553.5333333333333
Kodiak,Southcentral,freezing_index,2040-2069,delta_mult_cap1.5x,mean,267.26038886268435,601.3666666666667,553.5333333333333
Kodiak,Southcentral,freezing_index,2040-2069,delta_mult_cap1.5x,max,902.05,601.3666666666667,553.5333333333333
Kodiak,Southcentral,freezing_index,2070-2099,current,min,0.0,601.3666666666667,553.5333333333333
Kodiak,Southcentral,freezing_index,2070-2099,current,mean,167.75,601.3666666666667,553.5333333333333
Kodiak,Southcentral,freezing_index,2070-2099,current,max,934.0,601.3666666666667,553.5333333333333
Kodiak,Southcentral,freezing_index,2070-2099,delta,min,40.5333333333333,601.3666666666667,553.5333333333333
Kodiak,Southcentral,freezing_index,2070-2099,delta,mean,215.58333333333334,601.3666666666667,553.5333333333333
Kodiak,Southcentral,freezing_index,2070-2099,delta,max,904.6666666666666,601.3666666666667,553.5333333333333
Kodiak,Southcentral,freezing_index,2070-2099,delta_mult_uncapped,min,0.0,601.3666666666667,553.5333333333333
Kodiak,Southcentral,freezing_index,2070-2099,delta_mult_uncapped,mean,180.15866419343544,601.3666666666667,553.5333333333333
Kodiak,Southcentral,freezing_index,2070-2099,delta_mult_uncapped,max,897.7242947001307,601.3666666666667,553.5333333333333
Kodiak,Southcentral,freezing_index,2070-2099,delta_mult_cap3x,min,0.0,601.3666666666667,553.5333333333333
Kodiak,Southcentral,freezing_index,2070-2099,delta_mult_cap3x,mean,180.15866419343544,601.3666666666667,553.5333333333333
Kodiak,Southcentral,freezing_index,2070-2099,delta_mult_cap3x,max,897.7242947001307,601.3666666666667,553.5333333333333
Kodiak,Southcentral,freezing_index,2070-2099,delta_mult_cap2x,min,0.0,601.3666666666667,553.5333333333333
Kodiak,Southcentral,freezing_index,2070-2099,delta_mult_cap2x,mean,180.15866419343544,601.3666666666667,553.5333333333333
Kodiak,Southcentral,freezing_index,2070-2099,delta_mult_cap2x,max,897.7242947001307,601.3666666666667,553.5333333333333
Kodiak,Southcentral,freezing_index,2070-2099,delta_mult_cap1.5x,min,0.0,601.3666666666667,553.5333333333333
Kodiak,Southcentral,freezing_index,2070-2099,delta_mult_cap1.5x,mean,180.15866419343544,601.3666666666667,553.5333333333333
Kodiak,Southcentral,freezing_index,2070-2099,delta_mult_cap1.5x,max,897.7242947001307,601.3666666666667,553.5333333333333
Kodiak,Southcentral,thawing_index,2010-2039,current,min,2041.0,3202.5666666666666,3214.851851851852
Kodiak,Southcentral,thawing_index,2010-2039,current,mean,3695.016666666667,3202.5666666666666,3214.851851851852
Kodiak,Southcentral,thawing_index,2010-2039,current,max,5594.0,3202.5666666666666,3214.851851851852
Kodiak,Southcentral,thawing_index,2010-2039,delta,min,2140.4333333333334,3202.5666666666666,3214.851851851852
Kodiak,Southcentral,thawing_index,2010-2039,delta,mean,3682.7314814814813,3202.5666666666666,3214.851851851852
Kodiak,Southcentral,thawing_index,2010-2039,delta,max,5574.633333333333,3202.5666666666666,3214.851851851852
Kodiak,Southcentral,thawing_index,2010-2039,delta_mult_uncapped,min,2106.3995209143445,3202.5666666666666,3214.851851851852
Kodiak,Southcentral,thawing_index,2010-2039,delta_mult_uncapped,mean,3680.3872223458047,3202.5666666666666,3214.851851851852
Kodiak,Southcentral,thawing_index,2010-2039,delta_mult_uncapped,max,5560.375116389745,3202.5666666666666,3214.851851851852
Kodiak,Southcentral,thawing_index,2010-2039,delta_mult_cap3x,min,2106.3995209143445,3202.5666666666666,3214.851851851852
Kodiak,Southcentral,thawing_index,2010-2039,delta_mult_cap3x,mean,3680.3872223458047,3202.5666666666666,3214.851851851852
Kodiak,Southcentral,thawing_index,2010-2039,delta_mult_cap3x,max,5560.375116389745,3202.5666666666666,3214.851851851852
Kodiak,Southcentral,thawing_index,2010-2039,delta_mult_cap2x,min,2106.3995209143445,3202.5666666666666,3214.851851851852
Kodiak,Southcentral,thawing_index,2010-2039,delta_mult_cap2x,mean,3680.3872223458047,3202.5666666666666,3214.851851851852
Kodiak,Southcentral,thawing_index,2010-2039,delta_mult_cap2x,max,5560.375116389745,3202.5666666666666,3214.851851851852
Kodiak,Southcentral,thawing_index,2010-2039,delta_mult_cap1.5x,min,2106.3995209143445,3202.5666666666666,3214.851851851852
Kodiak,Southcentral,thawing_index,2010-2039,delta_mult_cap1.5x,mean,3677.8012658408516,3202.5666666666666,3214.851851851852
Kodiak,Southcentral,thawing_index,2010-2039,delta_mult_cap1.5x,max,4803.85,3202.5666666666666,3214.851851851852
Kodiak,Southcentral,thawing_index,2040-2069,current,min,2510.0,3202.5666666666666,3214.851851851852
Kodiak,Southcentral,thawing_index,2040-2069,current,mean,4338.8388888888885,3202.5666666666666,3214.851851851852
Kodiak,Southcentral,thawing_index,2040-2069,current,max,6223.0,3202.5666666666666,3214.851851851852
Kodiak,Southcentral,thawing_index,2040-2069,delta,min,2528.3333333333335,3202.5666666666666,3214.851851851852
Kodiak,Southcentral,thawing_index,2040-2069,delta,mean,4326.553703703704,3202.5666666666666,3214.851851851852
Kodiak,Southcentral,thawing_index,2040-2069,delta,max,6203.633333333333,3202.5666666666666,3214.851851851852
Kodiak,Southcentral,thawing_index,2040-2069,delta_mult_uncapped,min,2524.4514116427817,3202.5666666666666,3214.851851851852
Kodiak,Southcentral,thawing_index,2040-2069,delta_mult_uncapped,mean,4319.726678506313,3202.5666666666666,3214.851851851852
Kodiak,Southcentral,thawing_index,2040-2069,delta_mult_uncapped,max,6185.5942705208045,3202.5666666666666,3214.851851851852
Kodiak,Southcentral,thawing_index,2040-2069,delta_mult_cap3x,min,2524.4514116427817,3202.5666666666666,3214.851851851852
Kodiak,Southcentral,thawing_index,2040-2069,delta_mult_cap3x,mean,4319.726678506313,3202.5666666666666,3214.851851851852
Kodiak,Southcentral,thawing_index,2040-2069,delta_mult_cap3x,max,6185.5942705208045,3202.5666666666666,3214.851851851852
Kodiak,Southcentral,thawing_index,2040-2069,delta_mult_cap2x,min,2524.4514116427817,3202.5666666666666,3214.851851851852
Kodiak,Southcentral,thawing_index,2040-2069,delta_mult_cap2x,mean,4319.726678506313,3202.5666666666666,3214.851851851852
Kodiak,Southcentral,thawing_index,2040-2069,delta_mult_cap2x,max,6185.5942705208045,3202.5666666666666,3214.851851851852
Kodiak,Southcentral,thawing_index,2040-2069,delta_mult_cap1.5x,min,2524.4514116427817,3202.5666666666666,3214.851851851852
Kodiak,Southcentral,thawing_index,2040-2069,delta_mult_cap1.5x,mean,4232.0724829256715,3202.5666666666666,3214.851851851852
Kodiak,Southcentral,thawing_index,2040-2069,delta_mult_cap1.5x,max,4803.85,3202.5666666666666,3214.851851851852
Kodiak,Southcentral,thawing_index,2070-2099,current,min,2949.0,3202.5666666666666,3214.851851851852
Kodiak,Southcentral,thawing_index,2070-2099,current,mean,4939.457407407407,3202.5666666666666,3214.851851851852
Kodiak,Southcentral,thawing_index,2070-2099,current,max,7528.0,3202.5666666666666,3214.851851851852
Kodiak,Southcentral,thawing_index,2070-2099,delta,min,2896.2,3202.5666666666666,3214.851851851852
Kodiak,Southcentral,thawing_index,2070-2099,delta,mean,4927.172222222222,3202.5666666666666,3214.851851851852
Kodiak,Southcentral,thawing_index,2070-2099,delta,max,7508.633333333333,3202.5666666666666,3214.851851851852
Kodiak,Southcentral,thawing_index,2070-2099,delta_mult_uncapped,min,2901.1690746562085,3202.5666666666666,3214.851851851852
Kodiak,Southcentral,thawing_index,2070-2099,delta_mult_uncapped,mean,4915.481541016441,3202.5666666666666,3214.851851851852
Kodiak,Southcentral,thawing_index,2070-2099,delta_mult_uncapped,max,7482.750067247409,3202.5666666666666,3214.851851851852
Kodiak,Southcentral,thawing_index,2070-2099,delta_mult_cap3x,min,2901.1690746562085,3202.5666666666666,3214.851851851852
Kodiak,Southcentral,thawing_index,2070-2099,delta_mult_cap3x,mean,4915.481541016441,3202.5666666666666,3214.851851851852
Kodiak,Southcentral,thawing_index,2070-2099,delta_mult_cap3x,max,7482.750067247409,3202.5666666666666,3214.851851851852
Kodiak,Southcentral,thawing_index,2070-2099,delta_mult_cap2x,min,2901.1690746562085,3202.5666666666666,3214.851851851852
Kodiak,Southcentral,thawing_index,2070-2099,delta_mult_cap2x,mean,4885.891775648574,3202.5666666666666,3214.851851851852
Kodiak,Southcentral,thawing_index,2070-2099,delta_mult_cap2x,max,6405.133333333333,3202.5666666666666,3214.851851851852
Kodiak,Southcentral,thawing_index,2070-2099,delta_mult_cap1.5x,min,2901.1690746562085,3202.5666666666666,3214.851851851852
Kodiak,Southcentral,thawing_index,2070-2099,delta_mult_cap1.5x,mean,4502.742997451608,3202.5666666666666,3214.851851851852
Kodiak,Southcentral,thawing_index,2070-2099,delta_mult_cap1.5x,max,4803.85,3202.5666666666666,3214.851851851852
Kodiak,Southcentral,heating_degree_days,2010-2039,current,min,6527.0,9453.466666666667,9392.662962962966
Kodiak,Southcentral,heating_degree_days,2010-2039,current,mean,8750.627777777778,9453.466666666667,9392.662962962966
Kodiak,Southcentral,heating_degree_days,2010-2039,current,max,11275.0,9453.466666666667,9392.662962962966
Kodiak,Southcentral,heating_degree_days,2010-2039,delta,min,6587.133333333333,9453.466666666667,9392.662962962966
Kodiak,Southcentral,heating_degree_days,2010-2039,delta,mean,8811.431481481482,9453.466666666667,9392.662962962966
Kodiak,Southcentral,heating_degree_days,2010-2039,delta,max,11185.866666666667,9453.466666666667,9392.662962962966
Kodiak,Southcentral,heating_degree_days,2010-2039,delta_mult_uncapped,min,6568.783917672108,9453.466666666667,9392.662962962966
Kodiak,Southcentral,heating_degree_days,2010-2039,delta_mult_uncapped,mean,8806.780353032967,9453.466666666667,9392.662962962966
Kodiak,Southcentral,heating_degree_days,2010-2039,delta_mult_uncapped,max,11169.68506137391,9453.466666666667,9392.662962962966
Kodiak,Southcentral,heating_degree_days,2010-2039,delta_mult_cap3x,min,6568.783917672108,9453.466666666667,9392.662962962966
Kodiak,Southcentral,heating_degree_days,2010-2039,delta_mult_cap3x,mean,8806.780353032967,9453.466666666667,9392.662962962966
Kodiak,Southcentral,heating_degree_days,2010-2039,delta_mult_cap3x,max,11169.68506137391,9453.466666666667,9392.662962962966
Kodiak,Southcentral,heating_degree_days,2010-2039,delta_mult_cap2x,min,6568.783917672108,9453.466666666667,9392.662962962966
Kodiak,Southcentral,heating_degree_days,2010-2039,delta_mult_cap2x,mean,8806.780353032967,9453.466666666667,9392.662962962966
Kodiak,Southcentral,heating_degree_days,2010-2039,delta_mult_cap2x,max,11169.68506137391,9453.466666666667,9392.662962962966
Kodiak,Southcentral,heating_degree_days,2010-2039,delta_mult_cap1.5x,min,6568.783917672108,9453.466666666667,9392.662962962966
Kodiak,Southcentral,heating_degree_days,2010-2039,delta_mult_cap1.5x,mean,8806.780353032967,9453.466666666667,9392.662962962966
Kodiak,Southcentral,heating_degree_days,2010-2039,delta_mult_cap1.5x,max,11169.68506137391,9453.466666666667,9392.662962962966
Kodiak,Southcentral,heating_degree_days,2040-2069,current,min,5893.0,9453.466666666667,9392.662962962966
Kodiak,Southcentral,heating_degree_days,2040-2069,current,mean,7968.57037037037,9453.466666666667,9392.662962962966
Kodiak,Southcentral,heating_degree_days,2040-2069,current,max,10296.0,9453.466666666667,9392.662962962966
Kodiak,Southcentral,heating_degree_days,2040-2069,delta,min,5953.133333333333,9453.466666666667,9392.662962962966
Kodiak,Southcentral,heating_degree_days,2040-2069,delta,mean,8029.374074074076,9453.466666666667,9392.662962962966
Kodiak,Southcentral,heating_degree_days,2040-2069,delta,max,10309.266666666666,9453.466666666667,9392.662962962966
Kodiak,Southcentral,heating_degree_days,2040-2069,delta_mult_uncapped,min,5930.725237757274,9453.466666666667,9392.662962962966
Kodiak,Southcentral,heating_degree_days,2040-2069,delta_mult_uncapped,mean,8018.288724789423,9453.466666666667,9392.662962962966
Kodiak,Southcentral,heating_degree_days,2040-2069,delta_mult_uncapped,max,10310.469354462828,9453.466666666667,9392.662962962966
Kodiak,Southcentral,heating_degree_days,2040-2069,delta_mult_cap3x,min,5930.725237757274,9453.466666666667,9392.662962962966
Kodiak,Southcentral,heating_degree_days,2040-2069,delta_mult_cap3x,mean,8018.288724789423,9453.466666666667,9392.662962962966
Kodiak,Southcentral,heating_degree_days,2040-2069,delta_mult_cap3x,max,10310.469354462828,9453.466666666667,9392.662962962966
Kodiak,Southcentral,heating_degree_days,2040-2069,delta_mult_cap2x,min,5930.725237757274,9453.466666666667,9392.662962962966
Kodiak,Southcentral,heating_degree_days,2040-2069,delta_mult_cap2x,mean,8018.288724789423,9453.466666666667,9392.662962962966
Kodiak,Southcentral,heating_degree_days,2040-2069,delta_mult_cap2x,max,10310.469354462828,9453.466666666667,9392.662962962966
Kodiak,Southcentral,heating_degree_days,2040-2069,delta_mult_cap1.5x,min,5930.725237757274,9453.466666666667,9392.662962962966
Kodiak,Southcentral,heating_degree_days,2040-2069,delta_mult_cap1.5x,mean,8018.288724789423,9453.466666666667,9392.662962962966
Kodiak,Southcentral,heating_degree_days,2040-2069,delta_mult_cap1.5x,max,10310.469354462828,9453.466666666667,9392.662962962966
Kodiak,Southcentral,heating_degree_days,2070-2099,current,min,4661.0,9453.466666666667,9392.662962962966
Kodiak,Southcentral,heating_degree_days,2070-2099,current,mean,7292.157407407408,9453.466666666667,9392.662962962966
Kodiak,Southcentral,heating_degree_days,2070-2099,current,max,9870.0,9453.466666666667,9392.662962962966
Kodiak,Southcentral,heating_degree_days,2070-2099,delta,min,4721.133333333333,9453.466666666667,9392.662962962966
Kodiak,Southcentral,heating_degree_days,2070-2099,delta,mean,7352.961111111112,9453.466666666667,9392.662962962966
Kodiak,Southcentral,heating_degree_days,2070-2099,delta,max,9822.800000000001,9453.466666666667,9392.662962962966
Kodiak,Southcentral,heating_degree_days,2070-2099,delta_mult_uncapped,min,4690.8383392476935,9453.466666666667,9392.662962962966
Kodiak,Southcentral,heating_degree_days,2070-2099,delta_mult_uncapped,mean,7336.093861112152,9453.466666666667,9392.662962962966
Kodiak,Southcentral,heating_degree_days,2070-2099,delta_mult_uncapped,max,9827.540487839722,9453.466666666667,9392.662962962966
Kodiak,Southcentral,heating_degree_days,2070-2099,delta_mult_cap3x,min,4690.8383392476935,9453.466666666667,9392.662962962966
Kodiak,Southcentral,heating_degree_days,2070-2099,delta_mult_cap3x,mean,7336.093861112152,9453.466666666667,9392.662962962966
Kodiak,Southcentral,heating_degree_days,2070-2099,delta_mult_cap3x,max,9827.540487839722,9453.466666666667,9392.662962962966
Kodiak,Southcentral,heating_degree_days,2070-2099,delta_mult_cap2x,min,4690.8383392476935,9453.466666666667,9392.662962962966
Kodiak,Southcentral,heating_degree_days,2070-2099,delta_mult_cap2x,mean,7336.093861112152,9453.466666666667,9392.662962962966
Kodiak,Southcentral,heating_degree_days,2070-2099,delta_mult_cap2x,max,9827.540487839722,9453.466666666667,9392.662962962966
Kodiak,Southcentral,heating_degree_days,2070-2099,delta_mult_cap1.5x,min,4690.8383392476935,9453.466666666667,9392.662962962966
Kodiak,Southcentral,heating_degree_days,2070-2099,delta_mult_cap1.5x,mean,7336.093861112152,9453.466666666667,9392.662962962966
Kodiak,Southcentral,heating_degree_days,2070-2099,delta_mult_cap1.5x,max,9827.540487839722,9453.466666666667,9392.662962962966
Kotzebue,Northwest,freezing_index,2010-2039,current,min,1790.0,5496.666666666667,5305.15
Kotzebue,Northwest,freezing_index,2010-2039,current,mean,4583.475925925926,5496.666666666667,5305.15
Kotzebue,Northwest,freezing_index,2010-2039,current,max,7609.0,5496.666666666667,5305.15
Kotzebue,Northwest,freezing_index,2010-2039,delta,min,1913.6000000000004,5496.666666666667,5305.15
Kotzebue,Northwest,freezing_index,2010-2039,delta,mean,4774.992592592593,5496.666666666667,5305.15
Kotzebue,Northwest,freezing_index,2010-2039,delta,max,7798.700000000001,5496.666666666667,5305.15
Kotzebue,Northwest,freezing_index,2010-2039,delta_mult_uncapped,min,1831.176485185369,5496.666666666667,5305.15
Kotzebue,Northwest,freezing_index,2010-2039,delta_mult_uncapped,mean,4746.716371281681,5496.666666666667,5305.15
Kotzebue,Northwest,freezing_index,2010-2039,delta_mult_uncapped,max,7898.638943551909,5496.666666666667,5305.15
Kotzebue,Northwest,freezing_index,2010-2039,delta_mult_cap3x,min,1831.176485185369,5496.666666666667,5305.15
Kotzebue,Northwest,freezing_index,2010-2039,delta_mult_cap3x,mean,4746.716371281681,5496.666666666667,5305.15
Kotzebue,Northwest,freezing_index,2010-2039,delta_mult_cap3x,max,7898.638943551909,5496.666666666667,5305.15
Kotzebue,Northwest,freezing_index,2010-2039,delta_mult_cap2x,min,1831.176485185369,5496.666666666667,5305.15
Kotzebue,Northwest,freezing_index,2010-2039,delta_mult_cap2x,mean,4746.716371281681,5496.666666666667,5305.15
Kotzebue,Northwest,freezing_index,2010-2039,delta_mult_cap2x,max,7898.638943551909,5496.666666666667,5305.15
Kotzebue,Northwest,freezing_index,2010-2039,delta_mult_cap1.5x,min,1831.176485185369,5496.666666666667,5305.15
Kotzebue,Northwest,freezing_index,2010-2039,delta_mult_cap1.5x,mean,4746.716371281681,5496.666666666667,5305.15
Kotzebue,Northwest,freezing_index,2010-2039,delta_mult_cap1.5x,max,7898.638943551909,5496.666666666667,5305.15
Kotzebue,Northwest,freezing_index,2040-2069,current,min,932.0,5496.666666666667,5305.15
Kotzebue,Northwest,freezing_index,2040-2069,current,mean,3640.3333333333335,5496.666666666667,5305.15
Kotzebue,Northwest,freezing_index,2040-2069,current,max,6635.0,5496.666666666667,5305.15
Kotzebue,Northwest,freezing_index,2040-2069,delta,min,990.5333333333338,5496.666666666667,5305.15
Kotzebue,Northwest,freezing_index,2040-2069,delta,mean,3831.8500000000004,5496.666666666667,5305.15
Kotzebue,Northwest,freezing_index,2040-2069,delta,max,7051.833333333334,5496.666666666667,5305.15
Kotzebue,Northwest,freezing_index,2040-2069,delta_mult_uncapped,min,942.0315794635416,5496.666666666667,5305.15
Kotzebue,Northwest,freezing_index,2040-2069,delta_mult_uncapped,mean,3768.0585643165787,5496.666666666667,5305.15
Kotzebue,Northwest,freezing_index,2040-2069,delta_mult_uncapped,max,7179.44486367663,5496.666666666667,5305.15
Kotzebue,Northwest,freezing_index,2040-2069,delta_mult_cap3x,min,942.0315794635416,5496.666666666667,5305.15
Kotzebue,Northwest,freezing_index,2040-2069,delta_mult_cap3x,mean,3768.0585643165787,5496.666666666667,5305.15
Kotzebue,Northwest,freezing_index,2040-2069,delta_mult_cap3x,max,7179.44486367663,5496.666666666667,5305.15
Kotzebue,Northwest,freezing_index,2040-2069,delta_mult_cap2x,min,942.0315794635416,5496.666666666667,5305.15
Kotzebue,Northwest,freezing_index,2040-2069,delta_mult_cap2x,mean,3768.0585643165787,5496.666666666667,5305.15
Kotzebue,Northwest,freezing_index,2040-2069,delta_mult_cap2x,max,7179.44486367663,5496.666666666667,5305.15
Kotzebue,Northwest,freezing_index,2040-2069,delta_mult_cap1.5x,min,942.0315794635416,5496.666666666667,5305.15
Kotzebue,Northwest,freezing_index,2040-2069,delta_mult_cap1.5x,mean,3768.0585643165787,5496.666666666667,5305.15
Kotzebue,Northwest,freezing_index,2040-2069,delta_mult_cap1.5x,max,7179.44486367663,5496.666666666667,5305.15
Kotzebue,Northwest,freezing_index,2070-2099,current,min,473.0,5496.666666666667,5305.15
Kotzebue,Northwest,freezing_index,2070-2099,current,mean,2940.3888888888887,5496.666666666667,5305.15
Kotzebue,Northwest,freezing_index,2070-2099,current,max,6308.0,5496.666666666667,5305.15
Kotzebue,Northwest,freezing_index,2070-2099,delta,min,596.6000000000004,5496.666666666667,5305.15
Kotzebue,Northwest,freezing_index,2070-2099,delta,mean,3131.905555555556,5496.666666666667,5305.15
Kotzebue,Northwest,freezing_index,2070-2099,delta,max,6724.833333333334,5496.666666666667,5305.15
Kotzebue,Northwest,freezing_index,2070-2099,delta_mult_uncapped,min,483.88071368306123,5496.666666666667,5305.15
Kotzebue,Northwest,freezing_index,2070-2099,delta_mult_uncapped,mean,3040.9736673541606,5496.666666666667,5305.15
Kotzebue,Northwest,freezing_index,2070-2099,delta_mult_uncapped,max,6825.612388857902,5496.666666666667,5305.15
Kotzebue,Northwest,freezing_index,2070-2099,delta_mult_cap3x,min,483.88071368306123,5496.666666666667,5305.15
Kotzebue,Northwest,freezing_index,2070-2099,delta_mult_cap3x,mean,3040.9736673541606,5496.666666666667,5305.15
Kotzebue,Northwest,freezing_index,2070-2099,delta_mult_cap3x,max,6825.612388857902,5496.666666666667,5305.15
Kotzebue,Northwest,freezing_index,2070-2099,delta_mult_cap2x,min,483.88071368306123,5496.666666666667,5305.15
Kotzebue,Northwest,freezing_index,2070-2099,delta_mult_cap2x,mean,3040.9736673541606,5496.666666666667,5305.15
Kotzebue,Northwest,freezing_index,2070-2099,delta_mult_cap2x,max,6825.612388857902,5496.666666666667,5305.15
Kotzebue,Northwest,freezing_index,2070-2099,delta_mult_cap1.5x,min,483.88071368306123,5496.666666666667,5305.15
Kotzebue,Northwest,freezing_index,2070-2099,delta_mult_cap1.5x,mean,3040.9736673541606,5496.666666666667,5305.15
Kotzebue,Northwest,freezing_index,2070-2099,delta_mult_cap1.5x,max,6825.612388857902,5496.666666666667,5305.15
Kotzebue,Northwest,thawing_index,2010-2039,current,min,1652.0,2226.8,2309.753703703703
Kotzebue,Northwest,thawing_index,2010-2039,current,mean,2602.177777777778,2226.8,2309.753703703703
Kotzebue,Northwest,thawing_index,2010-2039,current,max,4242.0,2226.8,2309.753703703703
Kotzebue,Northwest,thawing_index,2010-2039,delta,min,1599.666666666667,2226.8,2309.753703703703
Kotzebue,Northwest,thawing_index,2010-2039,delta,mean,2519.2240740740745,2226.8,2309.753703703703
Kotzebue,Northwest,thawing_index,2010-2039,delta,max,4083.166666666667,2226.8,2309.753703703703
Kotzebue,Northwest,thawing_index,2010-2039,delta_mult_uncapped,min,1614.0668675227428,2226.8,2309.753703703703
Kotzebue,Northwest,thawing_index,2010-2039,delta_mult_uncapped,mean,2508.764115851988,2226.8,2309.753703703703
Kotzebue,Northwest,thawing_index,2010-2039,delta_mult_uncapped,max,3959.571434559656,2226.8,2309.753703703703
Kotzebue,Northwest,thawing_index,2010-2039,delta_mult_cap3x,min,1614.0668675227428,2226.8,2309.753703703703
Kotzebue,Northwest,thawing_index,2010-2039,delta_mult_cap3x,mean,2508.764115851988,2226.8,2309.753703703703
Kotzebue,Northwest,thawing_index,2010-2039,delta_mult_cap3x,max,3959.571434559656,2226.8,2309.753703703703
Kotzebue,Northwest,thawing_index,2010-2039,delta_mult_cap2x,min,1614.0668675227428,2226.8,2309.753703703703
Kotzebue,Northwest,thawing_index,2010-2039,delta_mult_cap2x,mean,2508.764115851988,2226.8,2309.753703703703
Kotzebue,Northwest,thawing_index,2010-2039,delta_mult_cap2x,max,3959.571434559656,2226.8,2309.753703703703
Kotzebue,Northwest,thawing_index,2010-2039,delta_mult_cap1.5x,min,1614.0668675227428,2226.8,2309.753703703703
Kotzebue,Northwest,thawing_index,2010-2039,delta_mult_cap1.5x,mean,2506.1546191235043,2226.8,2309.753703703703
Kotzebue,Northwest,thawing_index,2010-2039,delta_mult_cap1.5x,max,3340.2000000000003,2226.8,2309.753703703703
Kotzebue,Northwest,thawing_index,2040-2069,current,min,1859.0,2226.8,2309.753703703703
Kotzebue,Northwest,thawing_index,2040-2069,current,mean,3003.614814814815,2226.8,2309.753703703703
Kotzebue,Northwest,thawing_index,2040-2069,current,max,5015.0,2226.8,2309.753703703703
Kotzebue,Northwest,thawing_index,2040-2069,delta,min,1775.4,2226.8,2309.753703703703
Kotzebue,Northwest,thawing_index,2040-2069,delta,mean,2920.661111111111,2226.8,2309.753703703703
Kotzebue,Northwest,thawing_index,2040-2069,delta,max,4893.333333333334,2226.8,2309.753703703703
Kotzebue,Northwest,thawing_index,2040-2069,delta_mult_uncapped,min,1791.733552631579,2226.8,2309.753703703703
Kotzebue,Northwest,thawing_index,2040-2069,delta_mult_uncapped,mean,2894.186935511819,2226.8,2309.753703703703
Kotzebue,Northwest,thawing_index,2040-2069,delta_mult_uncapped,max,4755.188633718455,2226.8,2309.753703703703
Kotzebue,Northwest,thawing_index,2040-2069,delta_mult_cap3x,min,1791.733552631579,2226.8,2309.753703703703
Kotzebue,Northwest,thawing_index,2040-2069,delta_mult_cap3x,mean,2894.186935511819,2226.8,2309.753703703703
Kotzebue,Northwest,thawing_index,2040-2069,delta_mult_cap3x,max,4755.188633718455,2226.8,2309.753703703703
Kotzebue,Northwest,thawing_index,2040-2069,delta_mult_cap2x,min,1791.733552631579,2226.8,2309.753703703703
Kotzebue,Northwest,thawing_index,2040-2069,delta_mult_cap2x,mean,2893.065850288013,2226.8,2309.753703703703
Kotzebue,Northwest,thawing_index,2040-2069,delta_mult_cap2x,max,4453.6,2226.8,2309.753703703703
Kotzebue,Northwest,thawing_index,2040-2069,delta_mult_cap1.5x,min,1791.733552631579,2226.8,2309.753703703703
Kotzebue,Northwest,thawing_index,2040-2069,delta_mult_cap1.5x,mean,2831.561364313758,2226.8,2309.753703703703
Kotzebue,Northwest,thawing_index,2040-2069,delta_mult_cap1.5x,max,3340.2000000000003,2226.8,2309.753703703703
Kotzebue,Northwest,thawing_index,2070-2099,current,min,1710.0,2226.8,2309.753703703703
Kotzebue,Northwest,thawing_index,2070-2099,current,mean,3497.2703703703705,2226.8,2309.753703703703
Kotzebue,Northwest,thawing_index,2070-2099,current,max,6706.0,2226.8,2309.753703703703
Kotzebue,Northwest,thawing_index,2070-2099,delta,min,1626.4,2226.8,2309.753703703703
Kotzebue,Northwest,thawing_index,2070-2099,delta,mean,3414.3166666666666,2226.8,2309.753703703703
Kotzebue,Northwest,thawing_index,2070-2099,delta,max,6584.333333333333,2226.8,2309.753703703703
Kotzebue,Northwest,thawing_index,2070-2099,delta_mult_uncapped,min,1648.125,2226.8,2309.753703703703
Kotzebue,Northwest,thawing_index,2070-2099,delta_mult_uncapped,mean,3366.8077124054917,2226.8,2309.753703703703
Kotzebue,Northwest,thawing_index,2070-2099,delta_mult_uncapped,max,6358.583245805775,2226.8,2309.753703703703
Kotzebue,Northwest,thawing_index,2070-2099,delta_mult_cap3x,min,1648.125,2226.8,2309.753703703703
Kotzebue,Northwest,thawing_index,2070-2099,delta_mult_cap3x,mean,3366.8077124054917,2226.8,2309.753703703703
Kotzebue,Northwest,thawing_index,2070-2099,delta_mult_cap3x,max,6358.583245805775,2226.8,2309.753703703703
Kotzebue,Northwest,thawing_index,2070-2099,delta_mult_cap2x,min,1648.125,2226.8,2309.753703703703
Kotzebue,Northwest,thawing_index,2070-2099,delta_mult_cap2x,mean,3317.3080865997313,2226.8,2309.753703703703
Kotzebue,Northwest,thawing_index,2070-2099,delta_mult_cap2x,max,4453.6,2226.8,2309.753703703703
Kotzebue,Northwest,thawing_index,2070-2099,delta_mult_cap1.5x,min,1648.125,2226.8,2309.753703703703
Kotzebue,Northwest,thawing_index,2070-2099,delta_mult_cap1.5x,mean,3057.973067189071,2226.8,2309.753703703703
Kotzebue,Northwest,thawing_index,2070-2099,delta_mult_cap1.5x,max,3340.2000000000003,2226.8,2309.753703703703
Kotzebue,Northwest,heating_degree_days,2010-2039,current,min,9628.0,15326.266666666666,15051.18148148148
Kotzebue,Northwest,heating_degree_days,2010-2039,current,mean,14038.544444444444,15326.266666666666,15051.18148148148
Kotzebue,Northwest,heating_degree_days,2010-2039,current,max,18002.0,15326.266666666666,15051.18148148148
Kotzebue,Northwest,heating_degree_days,2010-2039,delta,min,9905.966666666667,15326.266666666666,15051.18148148148
Kotzebue,Northwest,heating_degree_days,2010-2039,delta,mean,14313.629629629631,15326.266666666666,15051.18148148148
Kotzebue,Northwest,heating_degree_days,2010-2039,delta,max,18108.63333333333,15326.266666666666,15051.18148148148
Kotzebue,Northwest,heating_degree_days,2010-2039,delta_mult_uncapped,min,9805.844877272959,15326.266666666666,15051.18148148148
Kotzebue,Northwest,heating_degree_days,2010-2039,delta_mult_uncapped,mean,14294.254286422394,15326.266666666666,15051.18148148148
Kotzebue,Northwest,heating_degree_days,2010-2039,delta_mult_uncapped,max,18128.127431891702,15326.266666666666,15051.18148148148
Kotzebue,Northwest,heating_degree_days,2010-2039,delta_mult_cap3x,min,9805.844877272959,15326.266666666666,15051.18148148148
Kotzebue,Northwest,heating_degree_days,2010-2039,delta_mult_cap3x,mean,14294.254286422394,15326.266666666666,15051.18148148148
Kotzebue,Northwest,heating_degree_days,2010-2039,delta_mult_cap3x,max,18128.127431891702,15326.266666666666,15051.18148148148
Kotzebue,Northwest,heating_degree_days,2010-2039,delta_mult_cap2x,min,9805.844877272959,15326.266666666666,15051.18148148148
Kotzebue,Northwest,heating_degree_days,2010-2039,delta_mult_cap2x,mean,14294.254286422394,15326.266666666666,15051.18148148148
Kotzebue,Northwest,heating_degree_days,2010-2039,delta_mult_cap2x,max,18128.127431891702,15326.266666666666,15051.18148148148
Kotzebue,Northwest,heating_degree_days,2010-2039,delta_mult_cap1.5x,min,9805.844877272959,15326.266666666666,15051.18148148148
Kotzebue,Northwest,heating_degree_days,2010-2039,delta_mult_cap1.5x,mean,14294.254286422394,15326.266666666666,15051.18148148148
Kotzebue,Northwest,heating_degree_days,2010-2039,delta_mult_cap1.5x,max,18128.127431891702,15326.266666666666,15051.18148148148
Kotzebue,Northwest,heating_degree_days,2040-2069,current,min,8369.0,15326.266666666666,15051.18148148148
Kotzebue,Northwest,heating_degree_days,2040-2069,current,mean,12703.751851851852,15326.266666666666,15051.18148148148
Kotzebue,Northwest,heating_degree_days,2040-2069,current,max,16599.0,15326.266666666666,15051.18148148148
Kotzebue,Northwest,heating_degree_days,2040-2069,delta,min,8815.633333333333,15326.266666666666,15051.18148148148
Kotzebue,Northwest,heating_degree_days,2040-2069,delta,mean,12978.83703703704,15326.266666666666,15051.18148148148
Kotzebue,Northwest,heating_degree_days,2040-2069,delta,max,17101.433333333334,15326.266666666666,15051.18148148148
Kotzebue,Northwest,heating_degree_days,2040-2069,delta_mult_uncapped,min,8620.207424466105,15326.266666666666,15051.18148148148
Kotzebue,Northwest,heating_degree_days,2040-2069,delta_mult_uncapped,mean,12933.410830031879,15326.266666666666,15051.18148148148
Kotzebue,Northwest,heating_degree_days,2040-2069,delta_mult_uncapped,max,17161.600152906918,15326.266666666666,15051.18148148148
Kotzebue,Northwest,heating_degree_days,2040-2069,delta_mult_cap3x,min,8620.207424466105,15326.266666666666,15051.18148148148
Kotzebue,Northwest,heating_degree_days,2040-2069,delta_mult_cap3x,mean,12933.410830031879,15326.266666666666,15051.18148148148
Kotzebue,Northwest,heating_degree_days,2040-2069,delta_mult_cap3x,max,17161.600152906918,15326.266666666666,15051.18148148148
Kotzebue,Northwest,heating_degree_days,2040-2069,delta_mult_cap2x,min,8620.207424466105,15326.266666666666,15051.18148148148
Kotzebue,Northwest,heating_degree_days,2040-2069,delta_mult_cap2x,mean,12933.410830031879,15326.266666666666,15051.18148148148
Kotzebue,Northwest,heating_degree_days,2040-2069,delta_mult_cap2x,max,17161.600152906918,15326.266666666666,15051.18148148148
Kotzebue,Northwest,heating_degree_days,2040-2069,delta_mult_cap1.5x,min,8620.207424466105,15326.266666666666,15051.18148148148
Kotzebue,Northwest,heating_degree_days,2040-2069,delta_mult_cap1.5x,mean,12933.410830031879,15326.266666666666,15051.18148148148
Kotzebue,Northwest,heating_degree_days,2040-2069,delta_mult_cap1.5x,max,17161.600152906918,15326.266666666666,15051.18148148148
Kotzebue,Northwest,heating_degree_days,2070-2099,current,min,6349.0,15326.266666666666,15051.18148148148
Kotzebue,Northwest,heating_degree_days,2070-2099,current,mean,11537.894444444444,15326.266666666666,15051.18148148148
Kotzebue,Northwest,heating_degree_days,2070-2099,current,max,16245.0,15326.266666666666,15051.18148148148
Kotzebue,Northwest,heating_degree_days,2070-2099,delta,min,6795.633333333333,15326.266666666666,15051.18148148148
Kotzebue,Northwest,heating_degree_days,2070-2099,delta,mean,11812.979629629632,15326.266666666666,15051.18148148148
Kotzebue,Northwest,heating_degree_days,2070-2099,delta,max,16747.433333333334,15326.266666666666,15051.18148148148
Kotzebue,Northwest,heating_degree_days,2070-2099,delta_mult_uncapped,min,6539.57425474194,15326.266666666666,15051.18148148148
Kotzebue,Northwest,heating_degree_days,2070-2099,delta_mult_uncapped,mean,11744.130972827104,15326.266666666666,15051.18148148148
Kotzebue,Northwest,heating_degree_days,2070-2099,delta_mult_uncapped,max,16795.601812396704,15326.266666666666,15051.18148148148
Kotzebue,Northwest,heating_degree_days,2070-2099,delta_mult_cap3x,min,6539.57425474194,15326.266666666666,15051.18148148148
Kotzebue,Northwest,heating_degree_days,2070-2099,delta_mult_cap3x,mean,11744.130972827104,15326.266666666666,15051.18148148148
Kotzebue,Northwest,heating_degree_days,2070-2099,delta_mult_cap3x,max,16795.601812396704,15326.266666666666,15051.18148148148
Kotzebue,Northwest,heating_degree_days,2070-2099,delta_mult_cap2x,min,6539.57425474194,15326.266666666666,15051.18148148148
Kotzebue,Northwest,heating_degree_days,2070-2099,delta_mult_cap2x,mean,11744.130972827104,15326.266666666666,15051.18148148148
Kotzebue,Northwest,heating_degree_days,2070-2099,delta_mult_cap2x,max,16795.601812396704,15326.266666666666,15051.18148148148
Kotzebue,Northwest,heating_degree_days,2070-2099,delta_mult_cap1.5x,min,6539.57425474194,15326.266666666666,15051.18148148148
Kotzebue,Northwest,heating_degree_days,2070-2099,delta_mult_cap1.5x,mean,11744.130972827104,15326.266666666666,15051.18148148148
Kotzebue,Northwest,heating_degree_days,2070-2099,delta_mult_cap1.5x,max,16795.601812396704,15326.266666666666,15051.18148148148
McGrath,Interior,freezing_index,2010-2039,current,min,1649.0,4465.133333333333,4353.275925925926
McGrath,Interior,freezing_index,2010-2039,current,mean,3812.9240740740743,4465.133333333333,4353.275925925926
McGrath,Interior,freezing_index,2010-2039,current,max,6500.0,4465.133333333333,4353.275925925926
McGrath,Interior,freezing_index,2010-2039,delta,min,1679.7333333333336,4465.133333333333,4353.275925925926
McGrath,Interior,freezing_index,2010-2039,delta,mean,3924.7814814814815,4465.133333333333,4353.275925925926
McGrath,Interior,freezing_index,2010-2039,delta,max,6678.366666666667,4465.133333333333,4353.275925925926
McGrath,Interior,freezing_index,2010-2039,delta_mult_uncapped,min,1660.4286637801433,4465.133333333333,4353.275925925926
McGrath,Interior,freezing_index,2010-2039,delta_mult_uncapped,mean,3912.0859286756963,4465.133333333333,4353.275925925926
McGrath,Interior,freezing_index,2010-2039,delta_mult_uncapped,max,6770.456365714641,4465.133333333333,4353.275925925926
McGrath,Interior,freezing_index,2010-2039,delta_mult_cap3x,min,1660.4286637801433,4465.133333333333,4353.275925925926
McGrath,Interior,freezing_index,2010-2039,delta_mult_cap3x,mean,3912.0859286756963,4465.133333333333,4353.275925925926
McGrath,Interior,freezing_index,2010-2039,delta_mult_cap3x,max,6770.456365714641,4465.133333333333,4353.275925925926
McGrath,Interior,freezing_index,2010-2039,delta_mult_cap2x,min,1660.4286637801433,4465.133333333333,4353.275925925926
McGrath,Interior,freezing_index,2010-2039,delta_mult_cap2x,mean,3912.0859286756963,4465.133333333333,4353.275925925926
McGrath,Interior,freezing_index,2010-2039,delta_mult_cap2x,max,6770.456365714641,4465.133333333333,4353.275925925926
McGrath,Interior,freezing_index,2010-2039,delta_mult_cap1.5x,min,1660.4286637801433,4465.133333333333,4353.275925925926
McGrath,Interior,freezing_index,2010-2039,delta_mult_cap1.5x,mean,3911.9511946651137,4465.133333333333,4353.275925925926
McGrath,Interior,freezing_index,2010-2039,delta_mult_cap1.5x,max,6697.7,4465.133333333333,4353.275925925926
McGrath,Interior,freezing_index,2040-2069,current,min,1248.0,4465.133333333333,4353.275925925926
McGrath,Interior,freezing_index,2040-2069,current,mean,3177.196296296296,4465.133333333333,4353.275925925926
McGrath,Interior,freezing_index,2040-2069,current,max,5938.0,4465.133333333333,4353.275925925926
McGrath,Interior,freezing_index,2040-2069,delta,min,1278.7333333333336,4465.133333333333,4353.275925925926
McGrath,Interior,freezing_index,2040-2069,delta,mean,3289.053703703704,4465.133333333333,4353.275925925926
McGrath,Interior,freezing_index,2040-2069,delta,max,6019.933333333333,4465.133333333333,4353.275925925926
McGrath,Interior,freezing_index,2040-2069,delta_mult_uncapped,min,1256.6494677972216,4465.133333333333,4353.275925925926
McGrath,Interior,freezing_index,2040-2069,delta_mult_uncapped,mean,3259.454512312888,4465.133333333333,4353.275925925926
McGrath,Interior,freezing_index,2040-2069,delta_mult_uncapped,max,6048.996562633084,4465.133333333333,4353.275925925926
McGrath,Interior,freezing_index,2040-2069,delta_mult_cap3x,min,1256.6494677972216,4465.133333333333,4353.275925925926
McGrath,Interior,freezing_index,2040-2069,delta_mult_cap3x,mean,3259.454512312888,4465.133333333333,4353.275925925926
McGrath,Interior,freezing_index,2040-2069,delta_mult_cap3x,max,6048.996562633084,4465.133333333333,4353.275925925926
McGrath,Interior,freezing_index,2040-2069,delta_mult_cap2x,min,1256.6494677972216,4465.133333333333,4353.275925925926
McGrath,Interior,freezing_index,2040-2069,delta_mult_cap2x,mean,3259.454512312888,4465.133333333333,4353.275925925926
McGrath,Interior,freezing_index,2040-2069,delta_mult_cap2x,max,6048.996562633084,4465.133333333333,4353.275925925926
McGrath,Interior,freezing_index,2040-2069,delta_mult_cap1.5x,min,1256.6494677972216,4465.133333333333,4353.275925925926
McGrath,Interior,freezing_index,2040-2069,delta_mult_cap1.5x,mean,3259.454512312888,4465.133333333333,4353.275925925926
McGrath,Interior,freezing_index,2040-2069,delta_mult_cap1.5x,max,6048.996562633084,4465.133333333333,4353.275925925926
McGrath,Interior,freezing_index,2070-2099,current,min,437.0,4465.133333333333,4353.275925925926
McGrath,Interior,freezing_index,2070-2099,current,mean,2666.225925925926,4465.133333333333,4353.275925925926
McGrath,Interior,freezing_index,2070-2099,current,max,5232.0,4465.133333333333,4353.275925925926
McGrath,Interior,freezing_index,2070-2099,delta,min,467.7333333333336,4465.133333333333,4353.275925925926
McGrath,Interior,freezing_index,2070-2099,delta,mean,2778.0833333333335,4465.133333333333,4353.275925925926
McGrath,Interior,freezing_index,2070-2099,delta,max,5507.266666666666,4465.133333333333,4353.275925925926
McGrath,Interior,freezing_index,2070-2099,delta_mult_uncapped,min,440.02869986168747,4465.133333333333,4353.275925925926
McGrath,Interior,freezing_index,2070-2099,delta_mult_uncapped,mean,2733.747285661554,4465.133333333333,4353.275925925926
McGrath,Interior,freezing_index,2070-2099,delta_mult_uncapped,max,5576.26333216594,4465.133333333333,4353.275925925926
McGrath,Interior,freezing_index,2070-2099,delta_mult_cap3x,min,440.02869986168747,4465.133333333333,4353.275925925926
McGrath,Interior,freezing_index,2070-2099,delta_mult_cap3x,mean,2733.747285661554,4465.133333333333,4353.275925925926
McGrath,Interior,freezing_index,2070-2099,delta_mult_cap3x,max,5576.26333216594,4465.133333333333,4353.275925925926
McGrath,Interior,freezing_index,2070-2099,delta_mult_cap2x,min,440.02869986168747,4465.133333333333,4353.275925925926
McGrath,Interior,freezing_index,2070-2099,delta_mult_cap2x,mean,2733.747285661554,4465.133333333333,4353.275925925926
McGrath,Interior,freezing_index,2070-2099,delta_mult_cap2x,max,5576.26333216594,4465.133333333333,4353.275925925926
McGrath,Interior,freezing_index,2070-2099,delta_mult_cap1.5x,min,440.02869986168747,4465.133333333333,4353.275925925926
McGrath,Interior,freezing_index,2070-2099,delta_mult_cap1.5x,mean,2733.747285661554,4465.133333333333,4353.275925925926
McGrath,Interior,freezing_index,2070-2099,delta_mult_cap1.5x,max,5576.26333216594,4465.133333333333,4353.275925925926
McGrath,Interior,thawing_index,2010-2039,current,min,2180.0,3206.4666666666667,3257.0129629629632
McGrath,Interior,thawing_index,2010-2039,current,mean,3593.237037037037,3206.4666666666667,3257.0129629629632
McGrath,Interior,thawing_index,2010-2039,current,max,5126.0,3206.4666666666667,3257.0129629629632
McGrath,Interior,thawing_index,2010-2039,delta,min,2192.133333333333,3206.4666666666667,3257.0129629629632
McGrath,Interior,thawing_index,2010-2039,delta,mean,3542.6907407407407,3206.4666666666667,3257.0129629629632
McGrath,Interior,thawing_index,2010-2039,delta,max,5033.666666666666,3206.4666666666667,3257.0129629629632
McGrath,Interior,thawing_index,2010-2039,delta_mult_uncapped,min,2188.280496712929,3206.4666666666667,3257.0129629629632
McGrath,Interior,thawing_index,2010-2039,delta_mult_uncapped,mean,3537.5645066294064,3206.4666666666667,3257.0129629629632
McGrath,Interior,thawing_index,2010-2039,delta_mult_uncapped,max,4982.523382240006,3206.4666666666667,3257.0129629629632
McGrath,Interior,thawing_index,2010-2039,delta_mult_cap3x,min,2188.280496712929,3206.4666666666667,3257.0129629629632
McGrath,Interior,thawing_index,2010-2039,delta_mult_cap3x,mean,3537.5645066294064,3206.4666666666667,3257.0129629629632
McGrath,Interior,thawing_index,2010-2039,delta_mult_cap3x,max,4982.523382240006,3206.4666666666667,3257.0129629629632
McGrath,Interior,thawing_index,2010-2039,delta_mult_cap2x,min,2188.280496712929,3206.4666666666667,3257.0129629629632
McGrath,Interior,thawing_index,2010-2039,delta_mult_cap2x,mean,3537.5645066294064,3206.4666666666667,3257.0129629629632
McGrath,Interior,thawing_index,2010-2039,delta_mult_cap2x,max,4982.523382240006,3206.4666666666667,3257.0129629629632
McGrath,Interior,thawing_index,2010-2039,delta_mult_cap1.5x,min,2188.280496712929,3206.4666666666667,3257.0129629629632
McGrath,Interior,thawing_index,2010-2039,delta_mult_cap1.5x,mean,3537.244463328962,3206.4666666666667,3257.0129629629632
McGrath,Interior,thawing_index,2010-2039,delta_mult_cap1.5x,max,4809.7,3206.4666666666667,3257.0129629629632
McGrath,Interior,thawing_index,2040-2069,current,min,2891.0,3206.4666666666667,3257.0129629629632
McGrath,Interior,thawing_index,2040-2069,current,mean,4034.1,3206.4666666666667,3257.0129629629632
McGrath,Interior,thawing_index,2040-2069,current,max,6186.0,3206.4666666666667,3257.0129629629632
McGrath,Interior,thawing_index,2040-2069,delta,min,2811.6,3206.4666666666667,3257.0129629629632
McGrath,Interior,thawing_index,2040-2069,delta,mean,3983.553703703704,3206.4666666666667,3257.0129629629632
McGrath,Interior,thawing_index,2040-2069,delta,max,6093.666666666666,3206.4666666666667,3257.0129629629632
McGrath,Interior,thawing_index,2040-2069,delta_mult_uncapped,min,2823.124881416143,3206.4666666666667,3257.0129629629632
McGrath,Interior,thawing_index,2040-2069,delta_mult_uncapped,mean,3970.363495336881,3206.4666666666667,3257.0129629629632
McGrath,Interior,thawing_index,2040-2069,delta_mult_uncapped,max,6012.854007517885,3206.4666666666667,3257.0129629629632
McGrath,Interior,thawing_index,2040-2069,delta_mult_cap3x,min,2823.124881416143,3206.4666666666667,3257.0129629629632
McGrath,Interior,thawing_index,2040-2069,delta_mult_cap3x,mean,3970.363495336881,3206.4666666666667,3257.0129629629632
McGrath,Interior,thawing_index,2040-2069,delta_mult_cap3x,max,6012.854007517885,3206.4666666666667,3257.0129629629632
McGrath,Interior,thawing_index,2040-2069,delta_mult_cap2x,min,2823.124881416143,3206.4666666666667,3257.0129629629632
McGrath,Interior,thawing_index,2040-2069,delta_mult_cap2x,mean,3970.363495336881,3206.4666666666667,3257.0129629629632
McGrath,Interior,thawing_index,2040-2069,delta_mult_cap2x,max,6012.854007517885,3206.4666666666667,3257.0129629629632
McGrath,Interior,thawing_index,2040-2069,delta_mult_cap1.5x,min,2823.124881416143,3206.4666666666667,3257.0129629629632
McGrath,Interior,thawing_index,2040-2069,delta_mult_cap1.5x,mean,3957.2259736324772,3206.4666666666667,3257.0129629629632
McGrath,Interior,thawing_index,2040-2069,delta_mult_cap1.5x,max,4809.7,3206.4666666666667,3257.0129629629632
McGrath,Interior,thawing_index,2070-2099,current,min,2572.0,3206.4666666666667,3257.0129629629632
McGrath,Interior,thawing_index,2070-2099,current,mean,4505.998148148148,3206.4666666666667,3257.0129629629632
McGrath,Interior,thawing_index,2070-2099,current,max,7012.0,3206.4666666666667,3257.0129629629632
McGrath,Interior,thawing_index,2070-2099,delta,min,2495.6666666666665,3206.4666666666667,3257.0129629629632
McGrath,Interior,thawing_index,2070-2099,delta,mean,4455.451851851852,3206.4666666666667,3257.0129629629632
McGrath,Interior,thawing_index,2070-2099,delta,max,6902.2,3206.4666666666667,3257.0129629629632
McGrath,Interior,thawing_index,2070-2099,delta_mult_uncapped,min,2512.194549368425,3206.4666666666667,3257.0129629629632
McGrath,Interior,thawing_index,2070-2099,delta_mult_uncapped,mean,4432.863742788991,3206.4666666666667,3257.0129629629632
McGrath,Interior,thawing_index,2070-2099,delta_mult_uncapped,max,6779.8360405275,3206.4666666666667,3257.0129629629632
McGrath,Interior,thawing_index,2070-2099,delta_mult_cap3x,min,2512.194549368425,3206.4666666666667,3257.0129629629632
McGrath,Interior,thawing_index,2070-2099,delta_mult_cap3x,mean,4432.863742788991,3206.4666666666667,3257.0129629629632
McGrath,Interior,thawing_index,2070-2099,delta_mult_cap3x,max,6779.8360405275,3206.4666666666667,3257.0129629629632
McGrath,Interior,thawing_index,2070-2099,delta_mult_cap2x,min,2512.194549368425,3206.4666666666667,3257.0129629629632
McGrath,Interior,thawing_index,2070-2099,delta_mult_cap2x,mean,4429.919869979372,3206.4666666666667,3257.0129629629632
McGrath,Interior,thawing_index,2070-2099,delta_mult_cap2x,max,6412.933333333333,3206.4666666666667,3257.0129629629632
McGrath,Interior,thawing_index,2070-2099,delta_mult_cap1.5x,min,2512.194549368425,3206.4666666666667,3257.0129629629632
McGrath,Interior,thawing_index,2070-2099,delta_mult_cap1.5x,mean,4280.248366806465,3206.4666666666667,3257.0129629629632
McGrath,Interior,thawing_index,2070-2099,delta_mult_cap1.5x,max,4809.7,3206.4666666666667,3257.0129629629632
McGrath,Interior,heating_degree_days,2010-2039,current,min,8691.0,13325.033333333333,13162.314814814816
McGrath,Interior,heating_degree_days,2010-2039,current,mean,12297.051851851851,13325.033333333333,13162.314814814816
McGrath,Interior,heating_degree_days,2010-2039,current,max,15974.0,13325.033333333333,13162.314814814816
McGrath,Interior,heating_degree_days,2010-2039,delta,min,8810.199999999999,13325.033333333333,13162.314814814816
McGrath,Interior,heating_degree_days,2010-2039,delta,mean,12459.77037037037,13325.033333333333,13162.314814814816
McGrath,Interior,heating_degree_days,2010-2039,delta,max,16041.3,13325.033333333333,13162.314814814816
McGrath,Interior,heating_degree_days,2010-2039,delta_mult_uncapped,min,8769.447696093897,13325.033333333333,13162.314814814816
McGrath,Interior,heating_degree_days,2010-2039,delta_mult_uncapped,mean,12449.703577297481,13325.033333333333,13162.314814814816
McGrath,Interior,heating_degree_days,2010-2039,delta_mult_uncapped,max,16055.088537004816,13325.033333333333,13162.314814814816
McGrath,Interior,heating_degree_days,2010-2039,delta_mult_cap3x,min,8769.447696093897,13325.033333333333,13162.314814814816
McGrath,Interior,heating_degree_days,2010-2039,delta_mult_cap3x,mean,12449.703577297481,13325.033333333333,13162.314814814816
McGrath,Interior,heating_degree_days,2010-2039,delta_mult_cap3x,max,16055.088537004816,13325.033333333333,13162.314814814816
McGrath,Interior,heating_degree_days,2010-2039,delta_mult_cap2x,min,8769.447696093897,13325.033333333333,13162.314814814816
McGrath,Interior,heating_degree_days,2010-2039,delta_mult_cap2x,mean,12449.703577297481,13325.033333333333,13162.314814814816
McGrath,Interior,heating_degree_days,2010-2039,delta_mult_cap2x,max,16055.088537004816,13325.033333333333,13162.314814814816
McGrath,Interior,heating_degree_days,2010-2039,delta_mult_cap1.5x,min,8769.447696093897,13325.033333333333,13162.314814814816
McGrath,Interior,heating_degree_days,2010-2039,delta_mult_cap1.5x,mean,12449.703577297481,13325.033333333333,13162.314814814816
McGrath,Interior,heating_degree_days,2010-2039,delta_mult_cap1.5x,max,16055.088537004816,13325.033333333333,13162.314814814816
McGrath,Interior,heating_degree_days,2040-2069,current,min,7360.0,13325.033333333333,13162.314814814816
McGrath,Interior,heating_degree_days,2040-2069,current,mean,11254.18888888889,13325.033333333333,13162.314814814816
McGrath,Interior,heating_degree_days,2040-2069,current,max,14612.0,13325.033333333333,13162.314814814816
McGrath,Interior,heating_degree_days,2040-2069,delta,min,7479.199999999999,13325.033333333333,13162.314814814816
McGrath,Interior,heating_degree_days,2040-2069,delta,mean,11416.907407407407,13325.033333333333,13162.314814814816
McGrath,Interior,heating_degree_days,2040-2069,delta,max,14966.066666666666,13325.033333333333,13162.314814814816
McGrath,Interior,heating_degree_days,2040-2069,delta_mult_uncapped,min,7426.433671988389,13325.033333333333,13162.314814814816
McGrath,Interior,heating_degree_days,2040-2069,delta_mult_uncapped,mean,11393.002294990323,13325.033333333333,13162.314814814816
McGrath,Interior,heating_degree_days,2040-2069,delta_mult_uncapped,max,15010.86172451809,13325.033333333333,13162.314814814816
McGrath,Interior,heating_degree_days,2040-2069,delta_mult_cap3x,min,7426.433671988389,13325.033333333333,13162.314814814816
McGrath,Interior,heating_degree_days,2040-2069,delta_mult_cap3x,mean,11393.002294990323,13325.033333333333,13162.314814814816
McGrath,Interior,heating_degree_days,2040-2069,delta_mult_cap3x,max,15010.86172451809,13325.033333333333,13162.314814814816
McGrath,Interior,heating_degree_days,2040-2069,delta_mult_cap2x,min,7426.433671988389,13325.033333333333,13162.314814814816
McGrath,Interior,heating_degree_days,2040-2069,delta_mult_cap2x,mean,11393.002294990323,13325.033333333333,13162.314814814816
McGrath,Interior,heating_degree_days,2040-2069,delta_mult_cap2x,max,15010.86172451809,13325.033333333333,13162.314814814816
McGrath,Interior,heating_degree_days,2040-2069,delta_mult_cap1.5x,min,7426.433671988389,13325.033333333333,13162.314814814816
McGrath,Interior,heating_degree_days,2040-2069,delta_mult_cap1.5x,mean,11393.002294990323,13325.033333333333,13162.314814814816
McGrath,Interior,heating_degree_days,2040-2069,delta_mult_cap1.5x,max,15010.86172451809,13325.033333333333,13162.314814814816
McGrath,Interior,heating_degree_days,2070-2099,current,min,6138.0,13325.033333333333,13162.314814814816
McGrath,Interior,heating_degree_days,2070-2099,current,mean,10337.248148148148,13325.033333333333,13162.314814814816
McGrath,Interior,heating_degree_days,2070-2099,current,max,13779.0,13325.033333333333,13162.314814814816
McGrath,Interior,heating_degree_days,2070-2099,delta,min,6257.199999999999,13325.033333333333,13162.314814814816
McGrath,Interior,heating_degree_days,2070-2099,delta,mean,10499.966666666667,13325.033333333333,13162.314814814816
McGrath,Interior,heating_degree_days,2070-2099,delta,max,14133.066666666666,13325.033333333333,13162.314814814816
McGrath,Interior,heating_degree_days,2070-2099,delta_mult_uncapped,min,6193.403516122925,13325.033333333333,13162.314814814816
McGrath,Interior,heating_degree_days,2070-2099,delta_mult_uncapped,mean,10463.04562251832,13325.033333333333,13162.314814814816
McGrath,Interior,heating_degree_days,2070-2099,delta_mult_uncapped,max,14155.12343978475,13325.033333333333,13162.314814814816
McGrath,Interior,heating_degree_days,2070-2099,delta_mult_cap3x,min,6193.403516122925,13325.033333333333,13162.314814814816
McGrath,Interior,heating_degree_days,2070-2099,delta_mult_cap3x,mean,10463.04562251832,13325.033333333333,13162.314814814816
McGrath,Interior,heating_degree_days,2070-2099,delta_mult_cap3x,max,14155.12343978475,13325.033333333333,13162.314814814816
McGrath,Interior,heating_degree_days,2070-2099,delta_mult_cap2x,min,6193.403516122925,13325.033333333333,13162.314814814816
McGrath,Interior,heating_degree_days,2070-2099,delta_mult_cap2x,mean,10463.04562251832,13325.033333333333,13162.314814814816
McGrath,Interior,heating_degree_days,2070-2099,delta_mult_cap2x,max,14155.12343978475,13325.033333333333,13162.314814814816
McGrath,Interior,heating_degree_days,2070-2099,delta_mult_cap1.5x,min,6193.403516122925,13325.033333333333,13162.314814814816
McGrath,Interior,heating_degree_days,2070-2099,delta_mult_cap1.5x,mean,10463.04562251832,13325.033333333333,13162.314814814816
McGrath,Interior,heating_degree_days,2070-2099,delta_mult_cap1.5x,max,14155.12343978475,13325.033333333333,13162.314814814816
Nome,Northwest,freezing_index,2010-2039,current,min,1166.0,4216.866666666667,4059.768518518519
Nome,Northwest,freezing_index,2010-2039,current,mean,3423.8722222222223,4216.866666666667,4059.768518518519
Nome,Northwest,freezing_index,2010-2039,current,max,6351.0,4216.866666666667,4059.768518518519
Nome,Northwest,freezing_index,2010-2039,delta,min,1255.1000000000004,4216.866666666667,4059.768518518519
Nome,Northwest,freezing_index,2010-2039,delta,mean,3580.9703703703703,4216.866666666667,4059.768518518519
Nome,Northwest,freezing_index,2010-2039,delta,max,6391.566666666667,4216.866666666667,4059.768518518519
Nome,Northwest,freezing_index,2010-2039,delta_mult_uncapped,min,1191.1687191620974,4216.866666666667,4059.768518518519
Nome,Northwest,freezing_index,2010-2039,delta_mult_uncapped,mean,3551.2547876260796,4216.866666666667,4059.768518518519
Nome,Northwest,freezing_index,2010-2039,delta_mult_uncapped,max,6474.311941510967,4216.866666666667,4059.768518518519
Nome,Northwest,freezing_index,2010-2039,delta_mult_cap3x,min,1191.1687191620974,4216.866666666667,4059.768518518519
Nome,Northwest,freezing_index,2010-2039,delta_mult_cap3x,mean,3551.2547876260796,4216.866666666667,4059.768518518519
Nome,Northwest,freezing_index,2010-2039,delta_mult_cap3x,max,6474.311941510967,4216.866666666667,4059.768518518519
Nome,Northwest,freezing_index,2010-2039,delta_mult_cap2x,min,1191.1687191620974,4216.866666666667,4059.768518518519
Nome,Northwest,freezing_index,2010-2039,delta_mult_cap2x,mean,3551.2547876260796,4216.866666666667,4059.768518518519
Nome,Northwest,freezing_index,2010-2039,delta_mult_cap2x,max,6474.311941510967,4216.866666666667,4059.768518518519
Nome,Northwest,freezing_index,2010-2039,delta_mult_cap1.5x,min,1191.1687191620974,4216.866666666667,4059.768518518519
Nome,Northwest,freezing_index,2010-2039,delta_mult_cap1.5x,mean,3550.9523131107817,4216.866666666667,4059.768518518519
Nome,Northwest,freezing_index,2010-2039,delta_mult_cap1.5x,max,6325.3,4216.866666666667,4059.768518518519
Nome,Northwest,freezing_index,2040-2069,current,min,390.0,4216.866666666667,4059.768518518519
Nome,Northwest,freezing_index,2040-2069,current,mean,2588.140740740741,4216.866666666667,4059.768518518519
Nome,Northwest,freezing_index,2040-2069,current,max,5368.0,4216.866666666667,4059.768518518519
Nome,Northwest,freezing_index,2040-2069,delta,min,417.3000000000002,4216.866666666667,4059.768518518519
Nome,Northwest,freezing_index,2040-2069,delta,mean,2745.238888888889,4216.866666666667,4059.768518518519
Nome,Northwest,freezing_index,2040-2069,delta,max,5619.4,4216.866666666667,4059.768518518519
Nome,Northwest,freezing_index,2040-2069,delta_mult_uncapped,min,393.4539163358973,4216.866666666667,4059.768518518519
Nome,Northwest,freezing_index,2040-2069,delta_mult_uncapped,mean,2682.801580321206,4216.866666666667,4059.768518518519
Nome,Northwest,freezing_index,2040-2069,delta_mult_uncapped,max,5758.06469545881,4216.866666666667,4059.768518518519
Nome,Northwest,freezing_index,2040-2069,delta_mult_cap3x,min,393.4539163358973,4216.866666666667,4059.768518518519
Nome,Northwest,freezing_index,2040-2069,delta_mult_cap3x,mean,2682.801580321206,4216.866666666667,4059.768518518519
Nome,Northwest,freezing_index,2040-2069,delta_mult_cap3x,max,5758.06469545881,4216.866666666667,4059.768518518519
Nome,Northwest,freezing_index,2040-2069,delta_mult_cap2x,min,393.4539163358973,4216.866666666667,4059.768518518519
Nome,Northwest,freezing_index,2040-2069,delta_mult_cap2x,mean,2682.801580321206,4216.866666666667,4059.768518518519
Nome,Northwest,freezing_index,2040-2069,delta_mult_cap2x,max,5758.06469545881,4216.866666666667,4059.768518518519
Nome,Northwest,freezing_index,2040-2069,delta_mult_cap1.5x,min,393.4539163358973,4216.866666666667,4059.768518518519
Nome,Northwest,freezing_index,2040-2069,delta_mult_cap1.5x,mean,2682.801580321206,4216.866666666667,4059.768518518519
Nome,Northwest,freezing_index,2040-2069,delta_mult_cap1.5x,max,5758.06469545881,4216.866666666667,4059.768518518519
Nome,Northwest,freezing_index,2070-2099,current,min,117.0,4216.866666666667,4059.768518518519
Nome,Northwest,freezing_index,2070-2099,current,mean,2019.0518518518518,4216.866666666667,4059.768518518519
Nome,Northwest,freezing_index,2070-2099,current,max,5083.0,4216.866666666667,4059.768518518519
Nome,Northwest,freezing_index,2070-2099,delta,min,298.10000000000036,4216.866666666667,4059.768518518519
Nome,Northwest,freezing_index,2070-2099,delta,mean,2176.1500000000005,4216.866666666667,4059.768518518519
Nome,Northwest,freezing_index,2070-2099,delta,max,5462.4,4216.866666666667,4059.768518518519
Nome,Northwest,freezing_index,2070-2099,delta_mult_uncapped,min,126.13836595904245,4216.866666666667,4059.768518518519
Nome,Northwest,freezing_index,2070-2099,delta_mult_uncapped,mean,2089.7334489460386,4216.866666666667,4059.768518518519
Nome,Northwest,freezing_index,2070-2099,delta_mult_uncapped,max,5585.542528056704,4216.866666666667,4059.768518518519
Nome,Northwest,freezing_index,2070-2099,delta_mult_cap3x,min,126.13836595904245,4216.866666666667,4059.768518518519
Nome,Northwest,freezing_index,2070-2099,delta_mult_cap3x,mean,2089.7334489460386,4216.866666666667,4059.768518518519
Nome,Northwest,freezing_index,2070-2099,delta_mult_cap3x,max,5585.542528056704,4216.866666666667,4059.768518518519
Nome,Northwest,freezing_index,2070-2099,delta_mult_cap2x,min,126.13836595904245,4216.866666666667,4059.768518518519
Nome,Northwest,freezing_index,2070-2099,delta_mult_cap2x,mean,2089.7334489460386,4216.866666666667,4059.768518518519
Nome,Northwest,freezing_index,2070-2099,delta_mult_cap2x,max,5585.542528056704,4216.866666666667,4059.768518518519
Nome,Northwest,freezing_index,2070-2099,delta_mult_cap1.5x,min,126.13836595904245,4216.866666666667,4059.768518518519
Nome,Northwest,freezing_index,2070-2099,delta_mult_cap1.5x,mean,2089.7334489460386,4216.866666666667,4059.768518518519
Nome,Northwest,freezing_index,2070-2099,delta_mult_cap1.5x,max,5585.542528056704,4216.866666666667,4059.768518518519
Nome,Northwest,thawing_index,2010-2039,current,min,1324.0,2165.4333333333334,2235.024074074074
Nome,Northwest,thawing_index,2010-2039,current,mean,2555.0685185185184,2165.4333333333334,2235.024074074074
Nome,Northwest,thawing_index,2010-2039,current,max,4389.0,2165.4333333333334,2235.024074074074
Nome,Northwest,thawing_index,2010-2039,delta,min,1280.0,2165.4333333333334,2235.024074074074
Nome,Northwest,thawing_index,2010-2039,delta,mean,2485.4777777777776,2165.4333333333334,2235.024074074074
Nome,Northwest,thawing_index,2010-2039,delta,max,4244.633333333333,2165.4333333333334,2235.024074074074
Nome,Northwest,thawing_index,2010-2039,delta_mult_uncapped,min,1297.63305825023,2165.4333333333334,2235.024074074074
Nome,Northwest,thawing_index,2010-2039,delta_mult_uncapped,mean,2474.9644710255557,2165.4333333333334,2235.024074074074
Nome,Northwest,thawing_index,2010-2039,delta_mult_uncapped,max,4114.679582647848,2165.4333333333334,2235.024074074074
Nome,Northwest,thawing_index,2010-2039,delta_mult_cap3x,min,1297.63305825023,2165.4333333333334,2235.024074074074
Nome,Northwest,thawing_index,2010-2039,delta_mult_cap3x,mean,2474.9644710255557,2165.4333333333334,2235.024074074074
Nome,Northwest,thawing_index,2010-2039,delta_mult_cap3x,max,4114.679582647848,2165.4333333333334,2235.024074074074
Nome,Northwest,thawing_index,2010-2039,delta_mult_cap2x,min,1297.63305825023,2165.4333333333334,2235.024074074074
Nome,Northwest,thawing_index,2010-2039,delta_mult_cap2x,mean,2474.9644710255557,2165.4333333333334,2235.024074074074
Nome,Northwest,thawing_index,2010-2039,delta_mult_cap2x,max,4114.679582647848,2165.4333333333334,2235.024074074074
Nome,Northwest,thawing_index,2010-2039,delta_mult_cap1.5x,min,1297.63305825023,2165.4333333333334,2235.024074074074
Nome,Northwest,thawing_index,2010-2039,delta_mult_cap1.5x,mean,2469.1410092998794,2165.4333333333334,2235.024074074074
Nome,Northwest,thawing_index,2010-2039,delta_mult_cap1.5x,max,3248.15,2165.4333333333334,2235.024074074074
Nome,Northwest,thawing_index,2040-2069,current,min,1667.0,2165.4333333333334,2235.024074074074
Nome,Northwest,thawing_index,2040-2069,current,mean,3031.053703703704,2165.4333333333334,2235.024074074074
Nome,Northwest,thawing_index,2040-2069,current,max,5561.0,2165.4333333333334,2235.024074074074
Nome,Northwest,thawing_index,2040-2069,delta,min,1553.9333333333334,2165.4333333333334,2235.024074074074
Nome,Northwest,thawing_index,2040-2069,delta,mean,2961.462962962963,2165.4333333333334,2235.024074074074
Nome,Northwest,thawing_index,2040-2069,delta,max,5437.0,2165.4333333333334,2235.024074074074
Nome,Northwest,thawing_index,2040-2069,delta_mult_uncapped,min,1584.2779752761319,2165.4333333333334,2235.024074074074
Nome,Northwest,thawing_index,2040-2069,delta_mult_uncapped,mean,2933.9368120891636,2165.4333333333334,2235.024074074074
Nome,Northwest,thawing_index,2040-2069,delta_mult_uncapped,max,5259.805818033575,2165.4333333333334,2235.024074074074
Nome,Northwest,thawing_index,2040-2069,delta_mult_cap3x,min,1584.2779752761319,2165.4333333333334,2235.024074074074
Nome,Northwest,thawing_index,2040-2069,delta_mult_cap3x,mean,2933.9368120891636,2165.4333333333334,2235.024074074074
Nome,Northwest,thawing_index,2040-2069,delta_mult_cap3x,max,5259.805818033575,2165.4333333333334,2235.024074074074
Nome,Northwest,thawing_index,2040-2069,delta_mult_cap2x,min,1584.2779752761319,2165.4333333333334,2235.024074074074
Nome,Northwest,thawing_index,2040-2069,delta_mult_cap2x,mean,2926.146000980469,2165.4333333333334,2235.024074074074
Nome,Northwest,thawing_index,2040-2069,delta_mult_cap2x,max,4330.866666666667,2165.4333333333334,2235.024074074074
Nome,Northwest,thawing_index,2040-2069,delta_mult_cap1.5x,min,1584.2779752761319,2165.4333333333334,2235.024074074074
Nome,Northwest,thawing_index,2040-2069,delta_mult_cap1.5x,mean,2800.197804518904,2165.4333333333334,2235.024074074074
Nome,Northwest,thawing_index,2040-2069,delta_mult_cap1.5x,max,3248.15,2165.4333333333334,2235.024074074074
Nome,Northwest,thawing_index,2070-2099,current,min,1697.0,2165.4333333333334,2235.024074074074
Nome,Northwest,thawing_index,2070-2099,current,mean,3581.0851851851853,2165.4333333333334,2235.024074074074
Nome,Northwest,thawing_index,2070-2099,current,max,7172.0,2165.4333333333334,2235.024074074074
Nome,Northwest,thawing_index,2070-2099,delta,min,1603.2333333333336,2165.4333333333334,2235.024074074074
Nome,Northwest,thawing_index,2070-2099,delta,mean,3511.4944444444445,2165.4333333333334,2235.024074074074
Nome,Northwest,thawing_index,2070-2099,delta,max,7048.0,2165.4333333333334,2235.024074074074
Nome,Northwest,thawing_index,2070-2099,delta_mult_uncapped,min,1626.5670886449482,2165.4333333333334,2235.024074074074
Nome,Northwest,thawing_index,2070-2099,delta_mult_uncapped,mean,3463.4094487531843,2165.4333333333334,2235.024074074074
Nome,Northwest,thawing_index,2070-2099,delta_mult_uncapped,max,6783.551038830569,2165.4333333333334,2235.024074074074
Nome,Northwest,thawing_index,2070-2099,delta_mult_cap3x,min,1626.5670886449482,2165.4333333333334,2235.024074074074
Nome,Northwest,thawing_index,2070-2099,delta_mult_cap3x,mean,3462.87750238498,2165.4333333333334,2235.024074074074
Nome,Northwest,thawing_index,2070-2099,delta_mult_cap3x,max,6496.3,2165.4333333333334,2235.024074074074
Nome,Northwest,thawing_index,2070-2099,delta_mult_cap2x,min,1626.5670886449482,2165.4333333333334,2235.024074074074
Nome,Northwest,thawing_index,2070-2099,delta_mult_cap2x,mean,3351.112809800874,2165.4333333333334,2235.024074074074
Nome,Northwest,thawing_index,2070-2099,delta_mult_cap2x,max,4330.866666666667,2165.4333333333334,2235.024074074074
Nome,Northwest,thawing_index,2070-2099,delta_mult_cap1.5x,min,1626.5670886449482,2165.4333333333334,2235.024074074074
Nome,Northwest,thawing_index,2070-2099,delta_mult_cap1.5x,mean,3011.306200970694,2165.4333333333334,2235.024074074074
Nome,Northwest,thawing_index,2070-2099,delta_mult_cap1.5x,max,3248.15,2165.4333333333334,2235.024074074074
Nome,Northwest,heating_degree_days,2010-2039,current,min,8850.0,14106.1,13878.985185185184
Nome,Northwest,heating_degree_days,2010-2039,current,mean,12922.77037037037,14106.1,13878.985185185184
Nome,Northwest,heating_degree_days,2010-2039,current,max,17071.0,14106.1,13878.985185185184
Nome,Northwest,heating_degree_days,2010-2039,delta,min,9082.766666666666,14106.1,13878.985185185184
Nome,Northwest,heating_degree_days,2010-2039,delta,mean,13149.885185185185,14106.1,13878.985185185184
Nome,Northwest,heating_degree_days,2010-2039,delta,max,17107.933333333334,14106.1,13878.985185185184
Nome,Northwest,heating_degree_days,2010-2039,delta_mult_uncapped,min,8998.485223450263,14106.1,13878.985185185184
Nome,Northwest,heating_degree_days,2010-2039,delta_mult_uncapped,mean,13132.183790777903,14106.1,13878.985185185184
Nome,Northwest,heating_degree_days,2010-2039,delta_mult_uncapped,max,17115.81352366286,14106.1,13878.985185185184
Nome,Northwest,heating_degree_days,2010-2039,delta_mult_cap3x,min,8998.485223450263,14106.1,13878.985185185184
Nome,Northwest,heating_degree_days,2010-2039,delta_mult_cap3x,mean,13132.183790777903,14106.1,13878.985185185184
Nome,Northwest,heating_degree_days,2010-2039,delta_mult_cap3x,max,17115.81352366286,14106.1,13878.985185185184
Nome,Northwest,heating_degree_days,2010-2039,delta_mult_cap2x,min,8998.485223450263,14106.1,13878.985185185184
Nome,Northwest,heating_degree_days,2010-2039,delta_mult_cap2x,mean,13132.183790777903,14106.1,13878.985185185184
Nome,Northwest,heating_degree_days,2010-2039,delta_mult_cap2x,max,17115.81352366286,14106.1,13878.985185185184
Nome,Northwest,heating_degree_days,2010-2039,delta_mult_cap1.5x,min,8998.485223450263,14106.1,13878.985185185184
Nome,Northwest,heating_degree_days,2010-2039,delta_mult_cap1.5x,mean,13132.183790777903,14106.1,13878.985185185184
Nome,Northwest,heating_degree_days,2010-2039,delta_mult_cap1.5x,max,17115.81352366286,14106.1,13878.985185185184
Nome,Northwest,heating_degree_days,2040-2069,current,min,7170.0,14106.1,13878.985185185184
Nome,Northwest,heating_degree_days,2040-2069,current,mean,11616.118518518519,14106.1,13878.985185185184
Nome,Northwest,heating_degree_days,2040-2069,current,max,15493.0,14106.1,13878.985185185184
Nome,Northwest,heating_degree_days,2040-2069,delta,min,7599.833333333334,14106.1,13878.985185185184
Nome,Northwest,heating_degree_days,2040-2069,delta,mean,11843.233333333334,14106.1,13878.985185185184
Nome,Northwest,heating_degree_days,2040-2069,delta,max,15967.033333333333,14106.1,13878.985185185184
Nome,Northwest,heating_degree_days,2040-2069,delta_mult_uncapped,min,7395.346951409741,14106.1,13878.985185185184
Nome,Northwest,heating_degree_days,2040-2069,delta_mult_uncapped,mean,11802.580822573855,14106.1,13878.985185185184
Nome,Northwest,heating_degree_days,2040-2069,delta_mult_uncapped,max,16031.744316097827,14106.1,13878.985185185184
Nome,Northwest,heating_degree_days,2040-2069,delta_mult_cap3x,min,7395.346951409741,14106.1,13878.985185185184
Nome,Northwest,heating_degree_days,2040-2069,delta_mult_cap3x,mean,11802.580822573855,14106.1,13878.985185185184
Nome,Northwest,heating_degree_days,2040-2069,delta_mult_cap3x,max,16031.744316097827,14106.1,13878.985185185184
Nome,Northwest,heating_degree_days,2040-2069,delta_mult_cap2x,min,7395.346951409741,14106.1,13878.985185185184
Nome,Northwest,heating_degree_days,2040-2069,delta_mult_cap2x,mean,11802.580822573855,14106.1,13878.985185185184
Nome,Northwest,heating_degree_days,2040-2069,delta_mult_cap2x,max,16031.744316097827,14106.1,13878.985185185184
Nome,Northwest,heating_degree_days,2040-2069,delta_mult_cap1.5x,min,7395.346951409741,14106.1,13878.985185185184
Nome,Northwest,heating_degree_days,2040-2069,delta_mult_cap1.5x,mean,11802.580822573855,14106.1,13878.985185185184
Nome,Northwest,heating_degree_days,2040-2069,delta_mult_cap1.5x,max,16031.744316097827,14106.1,13878.985185185184
Nome,Northwest,heating_degree_days,2070-2099,current,min,5519.0,14106.1,13878.985185185184
Nome,Northwest,heating_degree_days,2070-2099,current,mean,10511.774074074074,14106.1,13878.985185185184
Nome,Northwest,heating_degree_days,2070-2099,current,max,15117.0,14106.1,13878.985185185184
Nome,Northwest,heating_degree_days,2070-2099,delta,min,5948.833333333334,14106.1,13878.985185185184
Nome,Northwest,heating_degree_days,2070-2099,delta,mean,10738.888888888889,14106.1,13878.985185185184
Nome,Northwest,heating_degree_days,2070-2099,delta,max,15591.033333333333,14106.1,13878.985185185184
Nome,Northwest,heating_degree_days,2070-2099,delta_mult_uncapped,min,5692.4574372148345,14106.1,13878.985185185184
Nome,Northwest,heating_degree_days,2070-2099,delta_mult_uncapped,mean,10678.194952296983,14106.1,13878.985185185184
Nome,Northwest,heating_degree_days,2070-2099,delta_mult_uncapped,max,15642.669516972235,14106.1,13878.985185185184
Nome,Northwest,heating_degree_days,2070-2099,delta_mult_cap3x,min,5692.4574372148345,14106.1,13878.985185185184
Nome,Northwest,heating_degree_days,2070-2099,delta_mult_cap3x,mean,10678.194952296983,14106.1,13878.985185185184
Nome,Northwest,heating_degree_days,2070-2099,delta_mult_cap3x,max,15642.669516972235,14106.1,13878.985185185184
Nome,Northwest,heating_degree_days,2070-2099,delta_mult_cap2x,min,5692.4574372148345,14106.1,13878.985185185184
Nome,Northwest,heating_degree_days,2070-2099,delta_mult_cap2x,mean,10678.194952296983,14106.1,13878.985185185184
Nome,Northwest,heating_degree_days,2070-2099,delta_mult_cap2x,max,15642.669516972235,14106.1,13878.985185185184
Nome,Northwest,heating_degree_days,2070-2099,delta_mult_cap1.5x,min,5692.4574372148345,14106.1,13878.985185185184
Nome,Northwest,heating_degree_days,2070-2099,delta_mult_cap1.5x,mean,10678.194952296983,14106.1,13878.985185185184
Nome,Northwest,heating_degree_days,2070-2099,delta_mult_cap1.5x,max,15642.669516972235,14106.1,13878.985185185184
Talkeetna,Southcentral,freezing_index,2010-2039,current,min,673.0,2557.1666666666665,2483.2814814814815
Talkeetna,Southcentral,freezing_index,2010-2039,current,mean,2072.9574074074076,2557.1666666666665,2483.2814814814815
Talkeetna,Southcentral,freezing_index,2010-2039,current,max,4161.0,2557.1666666666665,2483.2814814814815
Talkeetna,Southcentral,freezing_index,2010-2039,delta,min,736.9666666666667,2557.1666666666665,2483.2814814814815
Talkeetna,Southcentral,freezing_index,2010-2039,delta,mean,2146.8425925925926,2557.1666666666665,2483.2814814814815
Talkeetna,Southcentral,freezing_index,2010-2039,delta,max,4265.033333333333,2557.1666666666665,2483.2814814814815
Talkeetna,Southcentral,freezing_index,2010-2039,delta_mult_uncapped,min,716.8397780589382,2557.1666666666665,2483.2814814814815
Talkeetna,Southcentral,freezing_index,2010-2039,delta_mult_uncapped,mean,2135.5493235597137,2557.1666666666665,2483.2814814814815
Talkeetna,Southcentral,freezing_index,2010-2039,delta_mult_uncapped,max,4337.461138136261,2557.1666666666665,2483.2814814814815
Talkeetna,Southcentral,freezing_index,2010-2039,delta_mult_cap3x,min,716.8397780589382,2557.1666666666665,2483.2814814814815
Talkeetna,Southcentral,freezing_index,2010-2039,delta_mult_cap3x,mean,2135.5493235597137,2557.1666666666665,2483.2814814814815
Talkeetna,Southcentral,freezing_index,2010-2039,delta_mult_cap3x,max,4337.461138136261,2557.1666666666665,2483.2814814814815
Talkeetna,Southcentral,freezing_index,2010-2039,delta_mult_cap2x,min,716.8397780589382,2557.1666666666665,2483.2814814814815
Talkeetna,Southcentral,freezing_index,2010-2039,delta_mult_cap2x,mean,2135.5493235597137,2557.1666666666665,2483.2814814814815
Talkeetna,Southcentral,freezing_index,2010-2039,delta_mult_cap2x,max,4337.461138136261,2557.1666666666665,2483.2814814814815
Talkeetna,Southcentral,freezing_index,2010-2039,delta_mult_cap1.5x,min,716.8397780589382,2557.1666666666665,2483.2814814814815
Talkeetna,Southcentral,freezing_index,2010-2039,delta_mult_cap1.5x,mean,2134.3168488447095,2557.1666666666665,2483.2814814814815
Talkeetna,Southcentral,freezing_index,2010-2039,delta_mult_cap1.5x,max,3835.75,2557.1666666666665,2483.2814814814815
Talkeetna,Southcentral,freezing_index,2040-2069,current,min,224.0,2557.1666666666665,2483.2814814814815
Talkeetna,Southcentral,freezing_index,2040-2069,current,mean,1637.0,2557.1666666666665,2483.2814814814815
Talkeetna,Southcentral,freezing_index,2040-2069,current,max,3843.0,2557.1666666666665,2483.2814814814815
Talkeetna,Southcentral,freezing_index,2040-2069,delta,min,251.9666666666667,2557.1666666666665,2483.2814814814815
Talkeetna,Southcentral,freezing_index,2040-2069,delta,mean,1710.8851851851853,2557.1666666666665,2483.2814814814815
Talkeetna,Southcentral,freezing_index,2040-2069,delta,max,3899.5666666666666,2557.1666666666665,2483.2814814814815
Talkeetna,Southcentral,freezing_index,2040-2069,delta_mult_uncapped,min,226.4768833359692,2557.1666666666665,2483.2814814814815
Talkeetna,Southcentral,freezing_index,2040-2069,delta_mult_uncapped,mean,1685.2229305302078,2557.1666666666665,2483.2814814814815
Talkeetna,Southcentral,freezing_index,2040-2069,delta_mult_uncapped,max,3929.9334159801647,2557.1666666666665,2483.2814814814815
Talkeetna,Southcentral,freezing_index,2040-2069,delta_mult_cap3x,min,226.4768833359692,2557.1666666666665,2483.2814814814815
Talkeetna,Southcentral,freezing_index,2040-2069,delta_mult_cap3x,mean,1685.2229305302078,2557.1666666666665,2483.2814814814815
Talkeetna,Southcentral,freezing_index,2040-2069,delta_mult_cap3x,max,3929.9334159801647,2557.1666666666665,2483.2814814814815
Talkeetna,Southcentral,freezing_index,2040-2069,delta_mult_cap2x,min,226.4768833359692,2557.1666666666665,2483.2814814814815
Talkeetna,Southcentral,freezing_index,2040-2069,delta_mult_cap2x,mean,1685.2229305302078,2557.1666666666665,2483.2814814814815
Talkeetna,Southcentral,freezing_index,2040-2069,delta_mult_cap2x,max,3929.9334159801647,2557.1666666666665,2483.2814814814815
Talkeetna,Southcentral,freezing_index,2040-2069,delta_mult_cap1.5x,min,226.4768833359692,2557.1666666666665,2483.2814814814815
Talkeetna,Southcentral,freezing_index,2040-2069,delta_mult_cap1.5x,mean,1685.048516796911,2557.1666666666665,2483.2814814814815
Talkeetna,Southcentral,freezing_index,2040-2069,delta_mult_cap1.5x,max,3835.75,2557.1666666666665,2483.2814814814815
Talkeetna,Southcentral,freezing_index,2070-2099,current,min,96.0,2557.1666666666665,2483.2814814814815
Talkeetna,Southcentral,freezing_index,2070-2099,current,mean,1304.8018518518518,2557.1666666666665,2483.2814814814815
Talkeetna,Southcentral,freezing_index,2070-2099,current,max,3289.0,2557.1666666666665,2483.2814814814815
Talkeetna,Southcentral,freezing_index,2070-2099,delta,min,123.9666666666667,2557.1666666666665,2483.2814814814815
Talkeetna,Southcentral,freezing_index,2070-2099,delta,mean,1378.687037037037,2557.1666666666665,2483.2814814814815
Talkeetna,Southcentral,freezing_index,2070-2099,delta,max,3458.133333333333,2557.1666666666665,2483.2814814814815
Talkeetna,Southcentral,freezing_index,2070-2099,delta_mult_uncapped,min,97.0615214297011,2557.1666666666665,2483.2814814814815
Talkeetna,Southcentral,freezing_index,2070-2099,delta_mult_uncapped,mean,1342.4084057975354,2557.1666666666665,2483.2814814814815
Talkeetna,Southcentral,freezing_index,2070-2099,delta_mult_uncapped,max,3521.9446266802524,2557.1666666666665,2483.2814814814815
Talkeetna,Southcentral,freezing_index,2070-2099,delta_mult_cap3x,min,97.0615214297011,2557.1666666666665,2483.2814814814815
Talkeetna,Southcentral,freezing_index,2070-2099,delta_mult_cap3x,mean,1342.4084057975354,2557.1666666666665,2483.2814814814815
Talkeetna,Southcentral,freezing_index,2070-2099,delta_mult_cap3x,max,3521.9446266802524,2557.1666666666665,2483.2814814814815
Talkeetna,Southcentral,freezing_index,2070-2099,delta_mult_cap2x,min,97.0615214297011,2557.1666666666665,2483.2814814814815
Talkeetna,Southcentral,freezing_index,2070-2099,delta_mult_cap2x,mean,1342.4084057975354,2557.1666666666665,2483.2814814814815
Talkeetna,Southcentral,freezing_index,2070-2099,delta_mult_cap2x,max,3521.9446266802524,2557.1666666666665,2483.2814814814815
Talkeetna,Southcentral,freezing_index,2070-2099,delta_mult_cap1.5x,min,97.0615214297011,2557.1666666666665,2483.2814814814815
Talkeetna,Southcentral,freezing_index,2070-2099,delta_mult_cap1.5x,mean,1342.4084057975354,2557.1666666666665,2483.2814814814815
Talkeetna,Southcentral,freezing_index,2070-2099,delta_mult_cap1.5x,max,3521.9446266802524,2557.1666666666665,2483.2814814814815
Talkeetna,Southcentral,thawing_index,2010-2039,current,min,2468.0,3467.9,3529.314814814815
Talkeetna,Southcentral,thawing_index,2010-2039,current,mean,3939.5777777777776,3467.9,3529.314814814815
Talkeetna,Southcentral,thawing_index,2010-2039,current,max,5355.0,3467.9,3529.314814814815
Talkeetna,Southcentral,thawing_index,2010-2039,delta,min,2450.666666666667,3467.9,3529.314814814815
Talkeetna,Southcentral,thawing_index,2010-2039,delta,mean,3878.1629629629624,3467.9,3529.314814814815
Talkeetna,Southcentral,thawing_index,2010-2039,delta,max,5359.533333333333,3467.9,3529.314814814815
Talkeetna,Southcentral,thawing_index,2010-2039,delta_mult_uncapped,min,2455.725738114139,3467.9,3529.314814814815
Talkeetna,Southcentral,thawing_index,2010-2039,delta_mult_uncapped,mean,3871.5564262620123,3467.9,3529.314814814815
Talkeetna,Southcentral,thawing_index,2010-2039,delta_mult_uncapped,max,5362.0093646836895,3467.9,3529.314814814815
Talkeetna,Southcentral,thawing_index,2010-2039,delta_mult_cap3x,min,2455.725738114139,3467.9,3529.314814814815
Talkeetna,Southcentral,thawing_index,2010-2039,delta_mult_cap3x,mean,3871.5564262620123,3467.9,3529.314814814815
Talkeetna,Southcentral,thawing_index,2010-2039,delta_mult_cap3x,max,5362.0093646836895,3467.9,3529.314814814815
Talkeetna,Southcentral,thawing_index,2010-2039,delta_mult_cap2x,min,2455.725738114139,3467.9,3529.314814814815
Talkeetna,Southcentral,thawing_index,2010-2039,delta_mult_cap2x,mean,3871.5564262620123,3467.9,3529.314814814815
Talkeetna,Southcentral,thawing_index,2010-2039,delta_mult_cap2x,max,5362.0093646836895,3467.9,3529.314814814815
Talkeetna,Southcentral,thawing_index,2010-2039,delta_mult_cap1.5x,min,2455.725738114139,3467.9,3529.314814814815
Talkeetna,Southcentral,thawing_index,2010-2039,delta_mult_cap1.5x,mean,3871.259834845931,3467.9,3529.314814814815
Talkeetna,Southcentral,thawing_index,2010-2039,delta_mult_cap1.5x,max,5201.85,3467.9,3529.314814814815
Talkeetna,Southcentral,thawing_index,2040-2069,current,min,3172.0,3467.9,3529.314814814815
Talkeetna,Southcentral,thawing_index,2040-2069,current,mean,4476.081481481481,3467.9,3529.314814814815
Talkeetna,Southcentral,thawing_index,2040-2069,current,max,6900.0,3467.9,3529.314814814815
Talkeetna,Southcentral,thawing_index,2040-2069,delta,min,3111.4666666666667,3467.9,3529.314814814815
Talkeetna,Southcentral,thawing_index,2040-2069,delta,mean,4414.666666666667,3467.9,3529.314814814815
Talkeetna,Southcentral,thawing_index,2040-2069,delta,max,6794.833333333334,3467.9,3529.314814814815
Talkeetna,Southcentral,thawing_index,2040-2069,delta_mult_uncapped,min,3117.5815895628843,3467.9,3529.314814814815
Talkeetna,Southcentral,thawing_index,2040-2069,delta_mult_uncapped,mean,4397.096077701151,3467.9,3529.314814814815
Talkeetna,Southcentral,thawing_index,2040-2069,delta_mult_uncapped,max,6696.911150085827,3467.9,3529.314814814815
Talkeetna,Southcentral,thawing_index,2040-2069,delta_mult_cap3x,min,3117.5815895628843,3467.9,3529.314814814815
Talkeetna,Southcentral,thawing_index,2040-2069,delta_mult_cap3x,mean,4397.096077701151,3467.9,3529.314814814815
Talkeetna,Southcentral,thawing_index,2040-2069,delta_mult_cap3x,max,6696.911150085827,3467.9,3529.314814814815
Talkeetna,Southcentral,thawing_index,2040-2069,delta_mult_cap2x,min,3117.5815895628843,3467.9,3529.314814814815
Talkeetna,Southcentral,thawing_index,2040-2069,delta_mult_cap2x,mean,4397.096077701151,3467.9,3529.314814814815
Talkeetna,Southcentral,thawing_index,2040-2069,delta_mult_cap2x,max,6696.911150085827,3467.9,3529.314814814815
Talkeetna,Southcentral,thawing_index,2040-2069,delta_mult_cap1.5x,min,3117.5815895628843,3467.9,3529.314814814815
Talkeetna,Southcentral,thawing_index,2040-2069,delta_mult_cap1.5x,mean,4374.309305649175,3467.9,3529.314814814815
Talkeetna,Southcentral,thawing_index,2040-2069,delta_mult_cap1.5x,max,5201.85,3467.9,3529.314814814815
Talkeetna,Southcentral,thawing_index,2070-2099,current,min,3089.0,3467.9,3529.314814814815
Talkeetna,Southcentral,thawing_index,2070-2099,current,mean,5077.3388888888885,3467.9,3529.314814814815
Talkeetna,Southcentral,thawing_index,2070-2099,current,max,8126.0,3467.9,3529.314814814815
Talkeetna,Southcentral,thawing_index,2070-2099,delta,min,3028.4666666666667,3467.9,3529.314814814815
Talkeetna,Southcentral,thawing_index,2070-2099,delta,mean,5015.924074074074,3467.9,3529.314814814815
Talkeetna,Southcentral,thawing_index,2070-2099,delta,max,8020.833333333334,3467.9,3529.314814814815
Talkeetna,Southcentral,thawing_index,2070-2099,delta_mult_uncapped,min,3036.0055265320775,3467.9,3529.314814814815
Talkeetna,Southcentral,thawing_index,2070-2099,delta_mult_uncapped,mean,4985.993756845271,3467.9,3529.314814814815
Talkeetna,Southcentral,thawing_index,2070-2099,delta_mult_uncapped,max,7886.826087767745,3467.9,3529.314814814815
Talkeetna,Southcentral,thawing_index,2070-2099,delta_mult_cap3x,min,3036.0055265320775,3467.9,3529.314814814815
Talkeetna,Southcentral,thawing_index,2070-2099,delta_mult_cap3x,mean,4985.993756845271,3467.9,3529.314814814815
Talkeetna,Southcentral,thawing_index,2070-2099,delta_mult_cap3x,max,7886.826087767745,3467.9,3529.314814814815
Talkeetna,Southcentral,thawing_index,2070-2099,delta_mult_cap2x,min,3036.0055265320775,3467.9,3529.314814814815
Talkeetna,Southcentral,thawing_index,2070-2099,delta_mult_cap2x,mean,4976.700598835828,3467.9,3529.314814814815
Talkeetna,Southcentral,thawing_index,2070-2099,delta_mult_cap2x,max,6935.8,3467.9,3529.314814814815
Talkeetna,Southcentral,thawing_index,2070-2099,delta_mult_cap1.5x,min,3036.0055265320775,3467.9,3529.314814814815
Talkeetna,Southcentral,thawing_index,2070-2099,delta_mult_cap1.5x,mean,4735.301809001995,3467.9,3529.314814814815
Talkeetna,Southcentral,thawing_index,2070-2099,delta_mult_cap1.5x,max,5201.85,3467.9,3529.314814814815
Talkeetna,Southcentral,heating_degree_days,2010-2039,current,min,7501.0,11151.033333333333,11020.166666666666
Talkeetna,Southcentral,heating_degree_days,2010-2039,current,mean,10211.190740740742,11151.033333333333,11020.166666666666
Talkeetna,Southcentral,heating_degree_days,2010-2039,current,max,13067.0,11151.033333333333,11020.166666666666
Talkeetna,Southcentral,heating_degree_days,2010-2039,delta,min,7624.466666666665,11151.033333333333,11020.166666666666
Talkeetna,Southcentral,heating_degree_days,2010-2039,delta,mean,10342.057407407407,11151.033333333333,11020.166666666666
Talkeetna,Southcentral,heating_degree_days,2010-2039,delta,max,13143.466666666665,11151.033333333333,11020.166666666666
Talkeetna,Southcentral,heating_degree_days,2010-2039,delta_mult_uncapped,min,7584.9825769964355,11151.033333333333,11020.166666666666
Talkeetna,Southcentral,heating_degree_days,2010-2039,delta_mult_uncapped,mean,10333.199995792429,11151.033333333333,11020.166666666666
Talkeetna,Southcentral,heating_degree_days,2010-2039,delta_mult_uncapped,max,13157.22384021045,11151.033333333333,11020.166666666666
Talkeetna,Southcentral,heating_degree_days,2010-2039,delta_mult_cap3x,min,7584.9825769964355,11151.033333333333,11020.166666666666
Talkeetna,Southcentral,heating_degree_days,2010-2039,delta_mult_cap3x,mean,10333.199995792429,11151.033333333333,11020.166666666666
Talkeetna,Southcentral,heating_degree_days,2010-2039,delta_mult_cap3x,max,13157.22384021045,11151.033333333333,11020.166666666666
Talkeetna,Southcentral,heating_degree_days,2010-2039,delta_mult_cap2x,min,7584.9825769964355,11151.033333333333,11020.166666666666
Talkeetna,Southcentral,heating_degree_days,2010-2039,delta_mult_cap2x,mean,10333.199995792429,11151.033333333333,11020.166666666666
Talkeetna,Southcentral,heating_degree_days,2010-2039,delta_mult_cap2x,max,13157.22384021045,11151.033333333333,11020.166666666666
Talkeetna,Southcentral,heating_degree_days,2010-2039,delta_mult_cap1.5x,min,7584.9825769964355,11151.033333333333,11020.166666666666
Talkeetna,Southcentral,heating_degree_days,2010-2039,delta_mult_cap1.5x,mean,10333.199995792429,11151.033333333333,11020.166666666666
Talkeetna,Southcentral,heating_degree_days,2010-2039,delta_mult_cap1.5x,max,13157.22384021045,11151.033333333333,11020.166666666666
Talkeetna,Southcentral,heating_degree_days,2040-2069,current,min,5613.0,11151.033333333333,11020.166666666666
Talkeetna,Southcentral,heating_degree_days,2040-2069,current,mean,9278.440740740742,11151.033333333333,11020.166666666666
Talkeetna,Southcentral,heating_degree_days,2040-2069,current,max,12124.0,11151.033333333333,11020.166666666666
Talkeetna,Southcentral,heating_degree_days,2040-2069,delta,min,5736.466666666665,11151.033333333333,11020.166666666666
Talkeetna,Southcentral,heating_degree_days,2040-2069,delta,mean,9409.307407407407,11151.033333333333,11020.166666666666
Talkeetna,Southcentral,heating_degree_days,2040-2069,delta,max,12280.6,11151.033333333333,11020.166666666666
Talkeetna,Southcentral,heating_degree_days,2040-2069,delta_mult_uncapped,min,5675.844181399946,11151.033333333333,11020.166666666666
Talkeetna,Southcentral,heating_degree_days,2040-2069,delta_mult_uncapped,mean,9387.882810456424,11151.033333333333,11020.166666666666
Talkeetna,Southcentral,heating_degree_days,2040-2069,delta_mult_uncapped,max,12304.241155053973,11151.033333333333,11020.166666666666
Talkeetna,Southcentral,heating_degree_days,2040-2069,delta_mult_cap3x,min,5675.844181399946,11151.033333333333,11020.166666666666
Talkeetna,Southcentral,heating_degree_days,2040-2069,delta_mult_cap3x,mean,9387.882810456424,11151.033333333333,11020.166666666666
Talkeetna,Southcentral,heating_degree_days,2040-2069,delta_mult_cap3x,max,12304.241155053973,11151.033333333333,11020.166666666666
Talkeetna,Southcentral,heating_degree_days,2040-2069,delta_mult_cap2x,min,5675.844181399946,11151.033333333333,11020.166666666666
Talkeetna,Southcentral,heating_degree_days,2040-2069,delta_mult_cap2x,mean,9387.882810456424,11151.033333333333,11020.166666666666
Talkeetna,Southcentral,heating_degree_days,2040-2069,delta_mult_cap2x,max,12304.241155053973,11151.033333333333,11020.166666666666
Talkeetna,Southcentral,heating_degree_days,2040-2069,delta_mult_cap1.5x,min,5675.844181399946,11151.033333333333,11020.166666666666
Talkeetna,Southcentral,heating_degree_days,2040-2069,delta_mult_cap1.5x,mean,9387.882810456424,11151.033333333333,11020.166666666666
Talkeetna,Southcentral,heating_degree_days,2040-2069,delta_mult_cap1.5x,max,12304.241155053973,11151.033333333333,11020.166666666666
Talkeetna,Southcentral,heating_degree_days,2070-2099,current,min,4573.0,11151.033333333333,11020.166666666666
Talkeetna,Southcentral,heating_degree_days,2070-2099,current,mean,8421.787037037036,11151.033333333333,11020.166666666666
Talkeetna,Southcentral,heating_degree_days,2070-2099,current,max,11646.0,11151.033333333333,11020.166666666666
Talkeetna,Southcentral,heating_degree_days,2070-2099,delta,min,4696.466666666665,11151.033333333333,11020.166666666666
Talkeetna,Southcentral,heating_degree_days,2070-2099,delta,mean,8552.653703703703,11151.033333333333,11020.166666666666
Talkeetna,Southcentral,heating_degree_days,2070-2099,delta,max,11874.6,11151.033333333333,11020.166666666666
Talkeetna,Southcentral,heating_degree_days,2070-2099,delta_mult_uncapped,min,4624.200149927303,11151.033333333333,11020.166666666666
Talkeetna,Southcentral,heating_degree_days,2070-2099,delta_mult_uncapped,mean,8519.93069752318,11151.033333333333,11020.166666666666
Talkeetna,Southcentral,heating_degree_days,2070-2099,delta_mult_uncapped,max,11889.743817769546,11151.033333333333,11020.166666666666
Talkeetna,Southcentral,heating_degree_days,2070-2099,delta_mult_cap3x,min,4624.200149927303,11151.033333333333,11020.166666666666
Talkeetna,Southcentral,heating_degree_days,2070-2099,delta_mult_cap3x,mean,8519.93069752318,11151.033333333333,11020.166666666666
Talkeetna,Southcentral,heating_degree_days,2070-2099,delta_mult_cap3x,max,11889.743817769546,11151.033333333333,11020.166666666666
Talkeetna,Southcentral,heating_degree_days,2070-2099,delta_mult_cap2x,min,4624.200149927303,11151.033333333333,11020.166666666666
Talkeetna,Southcentral,heating_degree_days,2070-2099,delta_mult_cap2x,mean,8519.93069752318,11151.033333333333,11020.166666666666
Talkeetna,Southcentral,heating_degree_days,2070-2099,delta_mult_cap2x,max,11889.743817769546,11151.033333333333,11020.166666666666
Talkeetna,Southcentral,heating_degree_days,2070-2099,delta_mult_cap1.5x,min,4624.200149927303,11151.033333333333,11020.166666666666
Talkeetna,Southcentral,heating_degree_days,2070-2099,delta_mult_cap1.5x,mean,8519.93069752318,11151.033333333333,11020.166666666666
Talkeetna,Southcentral,heating_degree_days,2070-2099,delta_mult_cap1.5x,max,11889.743817769546,11151.033333333333,11020.166666666666
Tok,Interior,freezing_index,2010-2039,current,min,2556.0,5378.6,5326.998148148148
Tok,Interior,freezing_index,2010-2039,current,mean,4817.498148148148,5378.6,5326.998148148148
Tok,Interior,freezing_index,2010-2039,current,max,6741.0,5378.6,5326.998148148148
Tok,Interior,freezing_index,2010-2039,delta,min,2662.9000000000005,5378.6,5326.998148148148
Tok,Interior,freezing_index,2010-2039,delta,mean,4869.1,5378.6,5326.998148148148
Tok,Interior,freezing_index,2010-2039,delta,max,6844.366666666667,5378.6,5326.998148148148
Tok,Interior,freezing_index,2010-2039,delta_mult_uncapped,min,2607.8307946203317,5378.6,5326.998148148148
Tok,Interior,freezing_index,2010-2039,delta_mult_uncapped,mean,4865.382080815627,5378.6,5326.998148148148
Tok,Interior,freezing_index,2010-2039,delta_mult_uncapped,max,6873.087939238075,5378.6,5326.998148148148
Tok,Interior,freezing_index,2010-2039,delta_mult_cap3x,min,2607.8307946203317,5378.6,5326.998148148148
Tok,Interior,freezing_index,2010-2039,delta_mult_cap3x,mean,4865.382080815627,5378.6,5326.998148148148
Tok,Interior,freezing_index,2010-2039,delta_mult_cap3x,max,6873.087939238075,5378.6,5326.998148148148
Tok,Interior,freezing_index,2010-2039,delta_mult_cap2x,min,2607.8307946203317,5378.6,5326.998148148148
Tok,Interior,freezing_index,2010-2039,delta_mult_cap2x,mean,4865.382080815627,5378.6,5326.998148148148
Tok,Interior,freezing_index,2010-2039,delta_mult_cap2x,max,6873.087939238075,5378.6,5326.998148148148
Tok,Interior,freezing_index,2010-2039,delta_mult_cap1.5x,min,2607.8307946203317,5378.6,5326.998148148148
Tok,Interior,freezing_index,2010-2039,delta_mult_cap1.5x,mean,4865.382080815627,5378.6,5326.998148148148
Tok,Interior,freezing_index,2010-2039,delta_mult_cap1.5x,max,6873.087939238075,5378.6,5326.998148148148
Tok,Interior,freezing_index,2040-2069,current,min,2617.0,5378.6,5326.998148148148
Tok,Interior,freezing_index,2040-2069,current,mean,4291.881481481481,5378.6,5326.998148148148
Tok,Interior,freezing_index,2040-2069,current,max,7035.0,5378.6,5326.998148148148
Tok,Interior,freezing_index,2040-2069,delta,min,2554.5333333333338,5378.6,5326.998148148148
Tok,Interior,freezing_index,2040-2069,delta,mean,4343.483333333334,5378.6,5326.998148148148
Tok,Interior,freezing_index,2040-2069,delta,max,7141.900000000001,5378.6,5326.998148148148
Tok,Interior,freezing_index,2040-2069,delta_mult_uncapped,min,2601.755420409258,5378.6,5326.998148148148
Tok,Interior,freezing_index,2040-2069,delta_mult_uncapped,mean,4333.402602307421,5378.6,5326.998148148148
Tok,Interior,freezing_index,2040-2069,delta_mult_uncapped,max,7177.656353737884,5378.6,5326.998148148148
Tok,Interior,freezing_index,2040-2069,delta_mult_cap3x,min,2601.755420409258,5378.6,5326.998148148148
Tok,Interior,freezing_index,2040-2069,delta_mult_cap3x,mean,4333.402602307421,5378.6,5326.998148148148
Tok,Interior,freezing_index,2040-2069,delta_mult_cap3x,max,7177.656353737884,5378.6,5326.998148148148
Tok,Interior,freezing_index,2040-2069,delta_mult_cap2x,min,2601.755420409258,5378.6,5326.998148148148
Tok,Interior,freezing_index,2040-2069,delta_mult_cap2x,mean,4333.402602307421,5378.6,5326.998148148148
Tok,Interior,freezing_index,2040-2069,delta_mult_cap2x,max,7177.656353737884,5378.6,5326.998148148148
Tok,Interior,freezing_index,2040-2069,delta_mult_cap1.5x,min,2601.755420409258,5378.6,5326.998148148148
Tok,Interior,freezing_index,2040-2069,delta_mult_cap1.5x,mean,4333.402602307421,5378.6,5326.998148148148
Tok,Interior,freezing_index,2040-2069,delta_mult_cap1.5x,max,7177.656353737884,5378.6,5326.998148148148
Tok,Interior,freezing_index,2070-2099,current,min,1539.0,5378.6,5326.998148148148
Tok,Interior,freezing_index,2070-2099,current,mean,3835.262962962963,5378.6,5326.998148148148
Tok,Interior,freezing_index,2070-2099,current,max,6288.0,5378.6,5326.998148148148
Tok,Interior,freezing_index,2070-2099,delta,min,1579.9333333333334,5378.6,5326.998148148148
Tok,Interior,freezing_index,2070-2099,delta,mean,3886.864814814815,5378.6,5326.998148148148
Tok,Interior,freezing_index,2070-2099,delta,max,6389.366666666667,5378.6,5326.998148148148
Tok,Interior,freezing_index,2070-2099,delta_mult_uncapped,min,1550.8022356835072,5378.6,5326.998148148148
Tok,Interior,freezing_index,2070-2099,delta_mult_uncapped,mean,3871.3975385000494,5378.6,5326.998148148148
Tok,Interior,freezing_index,2070-2099,delta_mult_uncapped,max,6408.781773277665,5378.6,5326.998148148148
Tok,Interior,freezing_index,2070-2099,delta_mult_cap3x,min,1550.8022356835072,5378.6,5326.998148148148
Tok,Interior,freezing_index,2070-2099,delta_mult_cap3x,mean,3871.3975385000494,5378.6,5326.998148148148
Tok,Interior,freezing_index,2070-2099,delta_mult_cap3x,max,6408.781773277665,5378.6,5326.998148148148
Tok,Interior,freezing_index,2070-2099,delta_mult_cap2x,min,1550.8022356835072,5378.6,5326.998148148148
Tok,Interior,freezing_index,2070-2099,delta_mult_cap2x,mean,3871.3975385000494,5378.6,5326.998148148148
Tok,Interior,freezing_index,2070-2099,delta_mult_cap2x,max,6408.781773277665,5378.6,5326.998148148148
Tok,Interior,freezing_index,2070-2099,delta_mult_cap1.5x,min,1550.8022356835072,5378.6,5326.998148148148
Tok,Interior,freezing_index,2070-2099,delta_mult_cap1.5x,mean,3871.3975385000494,5378.6,5326.998148148148
Tok,Interior,freezing_index,2070-2099,delta_mult_cap1.5x,max,6408.781773277665,5378.6,5326.998148148148
Tok,Interior,thawing_index,2010-2039,current,min,2324.0,3155.8333333333335,3194.6814814814816
Tok,Interior,thawing_index,2010-2039,current,mean,3490.5925925925926,3155.8333333333335,3194.6814814814816
Tok,Interior,thawing_index,2010-2039,current,max,4674.0,3155.8333333333335,3194.6814814814816
Tok,Interior,thawing_index,2010-2039,delta,min,2274.7000000000003,3155.8333333333335,3194.6814814814816
Tok,Interior,thawing_index,2010-2039,delta,mean,3451.744444444445,3155.8333333333335,3194.6814814814816
Tok,Interior,thawing_index,2010-2039,delta,max,4632.666666666667,3155.8333333333335,3194.6814814814816
Tok,Interior,thawing_index,2010-2039,delta_mult_uncapped,min,2288.25321879485,3155.8333333333335,3194.6814814814816
Tok,Interior,thawing_index,2010-2039,delta_mult_uncapped,mean,3448.532933025234,3155.8333333333335,3194.6814814814816
Tok,Interior,thawing_index,2010-2039,delta_mult_uncapped,max,4613.573997810562,3155.8333333333335,3194.6814814814816
Tok,Interior,thawing_index,2010-2039,delta_mult_cap3x,min,2288.25321879485,3155.8333333333335,3194.6814814814816
Tok,Interior,thawing_index,2010-2039,delta_mult_cap3x,mean,3448.532933025234,3155.8333333333335,3194.6814814814816
Tok,Interior,thawing_index,2010-2039,delta_mult_cap3x,max,4613.573997810562,3155.8333333333335,3194.6814814814816
Tok,Interior,thawing_index,2010-2039,delta_mult_cap2x,min,2288.25321879485,3155.8333333333335,3194.6814814814816
Tok,Interior,thawing_index,2010-2039,delta_mult_cap2x,mean,3448.532933025234,3155.8333333333335,3194.6814814814816
Tok,Interior,thawing_index,2010-2039,delta_mult_cap2x,max,4613.573997810562,3155.8333333333335,3194.6814814814816
Tok,Interior,thawing_index,2010-2039,delta_mult_cap1.5x,min,2288.25321879485,3155.8333333333335,3194.6814814814816
Tok,Interior,thawing_index,2010-2039,delta_mult_cap1.5x,mean,3448.532933025234,3155.8333333333335,3194.6814814814816
Tok,Interior,thawing_index,2010-2039,delta_mult_cap1.5x,max,4613.573997810562,3155.8333333333335,3194.6814814814816
Tok,Interior,thawing_index,2040-2069,current,min,2687.0,3155.8333333333335,3194.6814814814816
Tok,Interior,thawing_index,2040-2069,current,mean,3874.2703703703705,3155.8333333333335,3194.6814814814816
Tok,Interior,thawing_index,2040-2069,current,max,5758.0,3155.8333333333335,3194.6814814814816
Tok,Interior,thawing_index,2040-2069,delta,min,2647.4666666666667,3155.8333333333335,3194.6814814814816
Tok,Interior,thawing_index,2040-2069,delta,mean,3835.4222222222224,3155.8333333333335,3194.6814814814816
Tok,Interior,thawing_index,2040-2069,delta,max,5698.866666666667,3155.8333333333335,3194.6814814814816
Tok,Interior,thawing_index,2040-2069,delta_mult_uncapped,min,2653.7562199434597,3155.8333333333335,3194.6814814814816
Tok,Interior,thawing_index,2040-2069,delta_mult_uncapped,mean,3826.69625836327,3155.8333333333335,3194.6814814814816
Tok,Interior,thawing_index,2040-2069,delta_mult_uncapped,max,5652.092297483645,3155.8333333333335,3194.6814814814816
Tok,Interior,thawing_index,2040-2069,delta_mult_cap3x,min,2653.7562199434597,3155.8333333333335,3194.6814814814816
Tok,Interior,thawing_index,2040-2069,delta_mult_cap3x,mean,3826.69625836327,3155.8333333333335,3194.6814814814816
Tok,Interior,thawing_index,2040-2069,delta_mult_cap3x,max,5652.092297483645,3155.8333333333335,3194.6814814814816
Tok,Interior,thawing_index,2040-2069,delta_mult_cap2x,min,2653.7562199434597,3155.8333333333335,3194.6814814814816
Tok,Interior,thawing_index,2040-2069,delta_mult_cap2x,mean,3826.69625836327,3155.8333333333335,3194.6814814814816
Tok,Interior,thawing_index,2040-2069,delta_mult_cap2x,max,5652.092297483645,3155.8333333333335,3194.6814814814816
Tok,Interior,thawing_index,2040-2069,delta_mult_cap1.5x,min,2653.7562199434597,3155.8333333333335,3194.6814814814816
Tok,Interior,thawing_index,2040-2069,delta_mult_cap1.5x,mean,3820.3759667860336,3155.8333333333335,3194.6814814814816
Tok,Interior,thawing_index,2040-2069,delta_mult_cap1.5x,max,4733.75,3155.8333333333335,3194.6814814814816
Tok,Interior,thawing_index,2070-2099,current,min,2357.0,3155.8333333333335,3194.6814814814816
Tok,Interior,thawing_index,2070-2099,current,mean,4284.940740740741,3155.8333333333335,3194.6814814814816
Tok,Interior,thawing_index,2070-2099,current,max,6176.0,3155.8333333333335,3194.6814814814816
Tok,Interior,thawing_index,2070-2099,delta,min,2317.4666666666667,3155.8333333333335,3194.6814814814816
Tok,Interior,thawing_index,2070-2099,delta,mean,4246.092592592592,3155.8333333333335,3194.6814814814816
Tok,Interior,thawing_index,2070-2099,delta,max,6118.0,3155.8333333333335,3194.6814814814816
Tok,Interior,thawing_index,2070-2099,delta_mult_uncapped,min,2327.8390064781297,3155.8333333333335,3194.6814814814816
Tok,Interior,thawing_index,2070-2099,delta_mult_uncapped,mean,4231.026677109163,3155.8333333333335,3194.6814814814816
Tok,Interior,thawing_index,2070-2099,delta_mult_uncapped,max,6064.541824404916,3155.8333333333335,3194.6814814814816
Tok,Interior,thawing_index,2070-2099,delta_mult_cap3x,min,2327.8390064781297,3155.8333333333335,3194.6814814814816
Tok,Interior,thawing_index,2070-2099,delta_mult_cap3x,mean,4231.026677109163,3155.8333333333335,3194.6814814814816
Tok,Interior,thawing_index,2070-2099,delta_mult_cap3x,max,6064.541824404916,3155.8333333333335,3194.6814814814816
Tok,Interior,thawing_index,2070-2099,delta_mult_cap2x,min,2327.8390064781297,3155.8333333333335,3194.6814814814816
Tok,Interior,thawing_index,2070-2099,delta_mult_cap2x,mean,4231.026677109163,3155.8333333333335,3194.6814814814816
Tok,Interior,thawing_index,2070-2099,delta_mult_cap2x,max,6064.541824404916,3155.8333333333335,3194.6814814814816
Tok,Interior,thawing_index,2070-2099,delta_mult_cap1.5x,min,2327.8390064781297,3155.8333333333335,3194.6814814814816
Tok,Interior,thawing_index,2070-2099,delta_mult_cap1.5x,mean,4146.463953793589,3155.8333333333335,3194.6814814814816
Tok,Interior,thawing_index,2070-2099,delta_mult_cap1.5x,max,4733.75,3155.8333333333335,3194.6814814814816
Tok,Interior,heating_degree_days,2010-2039,current,min,10616.0,14290.366666666667,14198.981481481482
Tok,Interior,heating_degree_days,2010-2039,current,mean,13407.212962962964,14290.366666666667,14198.981481481482
Tok,Interior,heating_degree_days,2010-2039,current,max,15962.0,14290.366666666667,14198.981481481482
Tok,Interior,heating_degree_days,2010-2039,delta,min,10738.133333333333,14290.366666666667,14198.981481481482
Tok,Interior,heating_degree_days,2010-2039,delta,mean,13498.598148148149,14290.366666666667,14198.981481481482
Tok,Interior,heating_degree_days,2010-2039,delta,max,16084.133333333333,14290.366666666667,14198.981481481482
Tok,Interior,heating_degree_days,2010-2039,delta_mult_uncapped,min,10707.512289229191,14290.366666666667,14198.981481481482
Tok,Interior,heating_degree_days,2010-2039,delta_mult_uncapped,mean,13494.309350424279,14290.366666666667,14198.981481481482
Tok,Interior,heating_degree_days,2010-2039,delta_mult_uncapped,max,16099.59600232445,14290.366666666667,14198.981481481482
Tok,Interior,heating_degree_days,2010-2039,delta_mult_cap3x,min,10707.512289229191,14290.366666666667,14198.981481481482
Tok,Interior,heating_degree_days,2010-2039,delta_mult_cap3x,mean,13494.309350424279,14290.366666666667,14198.981481481482
Tok,Interior,heating_degree_days,2010-2039,delta_mult_cap3x,max,16099.59600232445,14290.366666666667,14198.981481481482
Tok,Interior,heating_degree_days,2010-2039,delta_mult_cap2x,min,10707.512289229191,14290.366666666667,14198.981481481482
Tok,Interior,heating_degree_days,2010-2039,delta_mult_cap2x,mean,13494.309350424279,14290.366666666667,14198.981481481482
Tok,Interior,heating_degree_days,2010-2039,delta_mult_cap2x,max,16099.59600232445,14290.366666666667,14198.981481481482
Tok,Interior,heating_degree_days,2010-2039,delta_mult_cap1.5x,min,10707.512289229191,14290.366666666667,14198.981481481482
Tok,Interior,heating_degree_days,2010-2039,delta_mult_cap1.5x,mean,13494.309350424279,14290.366666666667,14198.981481481482
Tok,Interior,heating_degree_days,2010-2039,delta_mult_cap1.5x,max,16099.59600232445,14290.366666666667,14198.981481481482
Tok,Interior,heating_degree_days,2040-2069,current,min,9547.0,14290.366666666667,14198.981481481482
Tok,Interior,heating_degree_days,2040-2069,current,mean,12533.587037037038,14290.366666666667,14198.981481481482
Tok,Interior,heating_degree_days,2040-2069,current,max,15548.0,14290.366666666667,14198.981481481482
Tok,Interior,heating_degree_days,2040-2069,delta,min,9644.233333333334,14290.366666666667,14198.981481481482
Tok,Interior,heating_degree_days,2040-2069,delta,mean,12624.972222222223,14290.366666666667,14198.981481481482
Tok,Interior,heating_degree_days,2040-2069,delta,max,15670.133333333333,14290.366666666667,14198.981481481482
Tok,Interior,heating_degree_days,2040-2069,delta_mult_uncapped,min,9612.403925372364,14290.366666666667,14198.981481481482
Tok,Interior,heating_degree_days,2040-2069,delta_mult_uncapped,mean,12613.868359475979,14290.366666666667,14198.981481481482
Tok,Interior,heating_degree_days,2040-2069,delta_mult_uncapped,max,15682.027229929867,14290.366666666667,14198.981481481482
Tok,Interior,heating_degree_days,2040-2069,delta_mult_cap3x,min,9612.403925372364,14290.366666666667,14198.981481481482
Tok,Interior,heating_degree_days,2040-2069,delta_mult_cap3x,mean,12613.868359475979,14290.366666666667,14198.981481481482
Tok,Interior,heating_degree_days,2040-2069,delta_mult_cap3x,max,15682.027229929867,14290.366666666667,14198.981481481482
Tok,Interior,heating_degree_days,2040-2069,delta_mult_cap2x,min,9612.403925372364,14290.366666666667,14198.981481481482
Tok,Interior,heating_degree_days,2040-2069,delta_mult_cap2x,mean,12613.868359475979,14290.366666666667,14198.981481481482
Tok,Interior,heating_degree_days,2040-2069,delta_mult_cap2x,max,15682.027229929867,14290.366666666667,14198.981481481482
Tok,Interior,heating_degree_days,2040-2069,delta_mult_cap1.5x,min,9612.403925372364,14290.366666666667,14198.981481481482
Tok,Interior,heating_degree_days,2040-2069,delta_mult_cap1.5x,mean,12613.868359475979,14290.366666666667,14198.981481481482
Tok,Interior,heating_degree_days,2040-2069,delta_mult_cap1.5x,max,15682.027229929867,14290.366666666667,14198.981481481482
Tok,Interior,heating_degree_days,2070-2099,current,min,8105.0,14290.366666666667,14198.981481481482
Tok,Interior,heating_degree_days,2070-2099,current,mean,11736.937037037036,14290.366666666667,14198.981481481482
Tok,Interior,heating_degree_days,2070-2099,current,max,15386.0,14290.366666666667,14198.981481481482
Tok,Interior,heating_degree_days,2070-2099,delta,min,8202.233333333334,14290.366666666667,14198.981481481482
Tok,Interior,heating_degree_days,2070-2099,delta,mean,11828.322222222223,14290.366666666667,14198.981481481482
Tok,Interior,heating_degree_days,2070-2099,delta,max,15531.233333333334,14290.366666666667,14198.981481481482
Tok,Interior,heating_degree_days,2070-2099,delta_mult_uncapped,min,8160.52517179669,14290.366666666667,14198.981481481482
Tok,Interior,heating_degree_days,2070-2099,delta_mult_uncapped,mean,11810.944980046836,14290.366666666667,14198.981481481482
Tok,Interior,heating_degree_days,2070-2099,delta_mult_uncapped,max,15543.97377189799,14290.366666666667,14198.981481481482
Tok,Interior,heating_degree_days,2070-2099,delta_mult_cap3x,min,8160.52517179669,14290.366666666667,14198.981481481482
Tok,Interior,heating_degree_days,2070-2099,delta_mult_cap3x,mean,11810.944980046836,14290.366666666667,14198.981481481482
Tok,Interior,heating_degree_days,2070-2099,delta_mult_cap3x,max,15543.97377189799,14290.366666666667,14198.981481481482
Tok,Interior,heating_degree_days,2070-2099,delta_mult_cap2x,min,8160.52517179669,14290.366666666667,14198.981481481482
Tok,Interior,heating_degree_days,2070-2099,delta_mult_cap2x,mean,11810.944980046836,14290.366666666667,14198.981481481482
Tok,Interior,heating_degree_days,2070-2099,delta_mult_cap2x,max,15543.97377189799,14290.366666666667,14198.981481481482
Tok,Interior,heating_degree_days,2070-2099,delta_mult_cap1.5x,min,8160.52517179669,14290.366666666667,14198.981481481482
Tok,Interior,heating_degree_days,2070-2099,delta_mult_cap1.5x,mean,11810.944980046836,14290.366666666667,14198.981481481482
Tok,Interior,heating_degree_days,2070-2099,delta_mult_cap1.5x,max,15543.97377189799,14290.366666666667,14198.981481481482
Unalakleet,Northwest,freezing_index,2010-2039,current,min,1421.0,4249.0,4154.366666666666
Unalakleet,Northwest,freezing_index,2010-2039,current,mean,3565.5962962962963,4249.0,4154.366666666666
Unalakleet,Northwest,freezing_index,2010-2039,current,max,6449.0,4249.0,4154.366666666666
Unalakleet,Northwest,freezing_index,2010-2039,delta,min,1461.9666666666662,4249.0,4154.366666666666
Unalakleet,Northwest,freezing_index,2010-2039,delta,mean,3660.2296296296286,4249.0,4154.366666666666
Unalakleet,Northwest,freezing_index,2010-2039,delta,max,6578.4,4249.0,4154.366666666666
Unalakleet,Northwest,freezing_index,2010-2039,delta_mult_uncapped,min,1484.1126615871926,4249.0,4154.366666666666
Unalakleet,Northwest,freezing_index,2010-2039,delta_mult_uncapped,mean,3645.1325052491143,4249.0,4154.366666666666
Unalakleet,Northwest,freezing_index,2010-2039,delta_mult_uncapped,max,6651.568356151081,4249.0,4154.366666666666
Unalakleet,Northwest,freezing_index,2010-2039,delta_mult_cap3x,min,1484.1126615871926,4249.0,4154.366666666666
Unalakleet,Northwest,freezing_index,2010-2039,delta_mult_cap3x,mean,3645.1325052491143,4249.0,4154.366666666666
Unalakleet,Northwest,freezing_index,2010-2039,delta_mult_cap3x,max,6651.568356151081,4249.0,4154.366666666666
Unalakleet,Northwest,freezing_index,2010-2039,delta_mult_cap2x,min,1484.1126615871926,4249.0,4154.366666666666
Unalakleet,Northwest,freezing_index,2010-2039,delta_mult_cap2x,mean,3645.1325052491143,4249.0,4154.366666666666
Unalakleet,Northwest,freezing_index,2010-2039,delta_mult_cap2x,max,6651.568356151081,4249.0,4154.366666666666
Unalakleet,Northwest,freezing_index,2010-2039,delta_mult_cap1.5x,min,1484.1126615871926,4249.0,4154.366666666666
Unalakleet,Northwest,freezing_index,2010-2039,delta_mult_cap1.5x,mean,3644.617563848835,4249.0,4154.366666666666
Unalakleet,Northwest,freezing_index,2010-2039,delta_mult_cap1.5x,max,6373.5,4249.0,4154.366666666666
Unalakleet,Northwest,freezing_index,2040-2069,current,min,738.0,4249.0,4154.366666666666
Unalakleet,Northwest,freezing_index,2040-2069,current,mean,2829.2277777777776,4249.0,4154.366666666666
Unalakleet,Northwest,freezing_index,2040-2069,current,max,5693.0,4249.0,4154.366666666666
Unalakleet,Northwest,freezing_index,2040-2069,delta,min,825.6333333333332,4249.0,4154.366666666666
Unalakleet,Northwest,freezing_index,2040-2069,delta,mean,2923.861111111111,4249.0,4154.366666666666
Unalakleet,Northwest,freezing_index,2040-2069,delta,max,5794.566666666667,4249.0,4154.366666666666
Unalakleet,Northwest,freezing_index,2040-2069,delta_mult_uncapped,min,801.4385755665361,4249.0,4154.366666666666
Unalakleet,Northwest,freezing_index,2040-2069,delta_mult_uncapped,mean,2890.8685657566807,4249.0,4154.366666666666
Unalakleet,Northwest,freezing_index,2040-2069,delta_mult_uncapped,max,5910.116354561014,4249.0,4154.366666666666
Unalakleet,Northwest,freezing_index,2040-2069,delta_mult_cap3x,min,801.4385755665361,4249.0,4154.366666666666
Unalakleet,Northwest,freezing_index,2040-2069,delta_mult_cap3x,mean,2890.8685657566807,4249.0,4154.366666666666
Unalakleet,Northwest,freezing_index,2040-2069,delta_mult_cap3x,max,5910.116354561014,4249.0,4154.366666666666
Unalakleet,Northwest,freezing_index,2040-2069,delta_mult_cap2x,min,801.4385755665361,4249.0,4154.366666666666
Unalakleet,Northwest,freezing_index,2040-2069,delta_mult_cap2x,mean,2890.8685657566807,4249.0,4154.366666666666
Unalakleet,Northwest,freezing_index,2040-2069,delta_mult_cap2x,max,5910.116354561014,4249.0,4154.366666666666
Unalakleet,Northwest,freezing_index,2040-2069,delta_mult_cap1.5x,min,801.4385755665361,4249.0,4154.366666666666
Unalakleet,Northwest,freezing_index,2040-2069,delta_mult_cap1.5x,mean,2890.8685657566807,4249.0,4154.366666666666
Unalakleet,Northwest,freezing_index,2040-2069,delta_mult_cap1.5x,max,5910.116354561014,4249.0,4154.366666666666
Unalakleet,Northwest,freezing_index,2070-2099,current,min,288.0,4249.0,4154.366666666666
Unalakleet,Northwest,freezing_index,2070-2099,current,mean,2285.890740740741,4249.0,4154.366666666666
Unalakleet,Northwest,freezing_index,2070-2099,current,max,5028.0,4249.0,4154.366666666666
Unalakleet,Northwest,freezing_index,2070-2099,delta,min,253.96666666666624,4249.0,4154.366666666666
Unalakleet,Northwest,freezing_index,2070-2099,delta,mean,2380.524074074074,4249.0,4154.366666666666
Unalakleet,Northwest,freezing_index,2070-2099,delta,max,5323.566666666667,4249.0,4154.366666666666
Unalakleet,Northwest,freezing_index,2070-2099,delta_mult_uncapped,min,285.7115284338981,4249.0,4154.366666666666
Unalakleet,Northwest,freezing_index,2070-2099,delta_mult_uncapped,mean,2333.1064037900014,4249.0,4154.366666666666
Unalakleet,Northwest,freezing_index,2070-2099,delta_mult_uncapped,max,5403.903442577338,4249.0,4154.366666666666
Unalakleet,Northwest,freezing_index,2070-2099,delta_mult_cap3x,min,285.7115284338981,4249.0,4154.366666666666
Unalakleet,Northwest,freezing_index,2070-2099,delta_mult_cap3x,mean,2333.1064037900014,4249.0,4154.366666666666
Unalakleet,Northwest,freezing_index,2070-2099,delta_mult_cap3x,max,5403.903442577338,4249.0,4154.366666666666
Unalakleet,Northwest,freezing_index,2070-2099,delta_mult_cap2x,min,285.7115284338981,4249.0,4154.366666666666
Unalakleet,Northwest,freezing_index,2070-2099,delta_mult_cap2x,mean,2333.1064037900014,4249.0,4154.366666666666
Unalakleet,Northwest,freezing_index,2070-2099,delta_mult_cap2x,max,5403.903442577338,4249.0,4154.366666666666
Unalakleet,Northwest,freezing_index,2070-2099,delta_mult_cap1.5x,min,285.7115284338981,4249.0,4154.366666666666
Unalakleet,Northwest,freezing_index,2070-2099,delta_mult_cap1.5x,mean,2333.1064037900014,4249.0,4154.366666666666
Unalakleet,Northwest,freezing_index,2070-2099,delta_mult_cap1.5x,max,5403.903442577338,4249.0,4154.366666666666
Unalakleet,Northwest,thawing_index,2010-2039,current,min,1889.0,2814.9333333333334,2880.6111111111113
Unalakleet,Northwest,thawing_index,2010-2039,current,mean,3215.011111111111,2814.9333333333334,2880.6111111111113
Unalakleet,Northwest,thawing_index,2010-2039,current,max,4722.0,2814.9333333333334,2880.6111111111113
Unalakleet,Northwest,thawing_index,2010-2039,delta,min,1865.3666666666668,2814.9333333333334,2880.6111111111113
Unalakleet,Northwest,thawing_index,2010-2039,delta,mean,3149.3333333333335,2814.9333333333334,2880.6111111111113
Unalakleet,Northwest,thawing_index,2010-2039,delta,max,4595.3,2814.9333333333334,2880.6111111111113
Unalakleet,Northwest,thawing_index,2010-2039,delta_mult_uncapped,min,1873.2725671406931,2814.9333333333334,2880.6111111111113
Unalakleet,Northwest,thawing_index,2010-2039,delta_mult_uncapped,mean,3141.3431266812045,2814.9333333333334,2880.6111111111113
Unalakleet,Northwest,thawing_index,2010-2039,delta_mult_uncapped,max,4518.6172761164435,2814.9333333333334,2880.6111111111113
Unalakleet,Northwest,thawing_index,2010-2039,delta_mult_cap3x,min,1873.2725671406931,2814.9333333333334,2880.6111111111113
Unalakleet,Northwest,thawing_index,2010-2039,delta_mult_cap3x,mean,3141.3431266812045,2814.9333333333334,2880.6111111111113
Unalakleet,Northwest,thawing_index,2010-2039,delta_mult_cap3x,max,4518.6172761164435,2814.9333333333334,2880.6111111111113
Unalakleet,Northwest,thawing_index,2010-2039,delta_mult_cap2x,min,1873.2725671406931,2814.9333333333334,2880.6111111111113
Unalakleet,Northwest,thawing_index,2010-2039,delta_mult_cap2x,mean,3141.3431266812045,2814.9333333333334,2880.6111111111113
Unalakleet,Northwest,thawing_index,2010-2039,delta_mult_cap2x,max,4518.6172761164435,2814.9333333333334,2880.6111111111113
Unalakleet,Northwest,thawing_index,2010-2039,delta_mult_cap1.5x,min,1873.2725671406931,2814.9333333333334,2880.6111111111113
Unalakleet,Northwest,thawing_index,2010-2039,delta_mult_cap1.5x,mean,3140.794576169877,2814.9333333333334,2880.6111111111113
Unalakleet,Northwest,thawing_index,2010-2039,delta_mult_cap1.5x,max,4222.4,2814.9333333333334,2880.6111111111113
Unalakleet,Northwest,thawing_index,2040-2069,current,min,2348.0,2814.9333333333334,2880.6111111111113
Unalakleet,Northwest,thawing_index,2040-2069,current,mean,3663.3537037037036,2814.9333333333334,2880.6111111111113
Unalakleet,Northwest,thawing_index,2040-2069,current,max,5847.0,2814.9333333333334,2880.6111111111113
Unalakleet,Northwest,thawing_index,2040-2069,delta,min,2253.366666666667,2814.9333333333334,2880.6111111111113
Unalakleet,Northwest,thawing_index,2040-2069,delta,mean,3597.675925925926,2814.9333333333334,2880.6111111111113
Unalakleet,Northwest,thawing_index,2040-2069,delta,max,5720.3,2814.9333333333334,2880.6111111111113
Unalakleet,Northwest,thawing_index,2040-2069,delta_mult_uncapped,min,2271.63156025525,2814.9333333333334,2880.6111111111113
Unalakleet,Northwest,thawing_index,2040-2069,delta_mult_uncapped,mean,3577.4661944344507,2814.9333333333334,2880.6111111111113
Unalakleet,Northwest,thawing_index,2040-2069,delta_mult_uncapped,max,5595.1620528277945,2814.9333333333334,2880.6111111111113
Unalakleet,Northwest,thawing_index,2040-2069,delta_mult_cap3x,min,2271.63156025525,2814.9333333333334,2880.6111111111113
Unalakleet,Northwest,thawing_index,2040-2069,delta_mult_cap3x,mean,3577.4661944344507,2814.9333333333334,2880.6111111111113
Unalakleet,Northwest,thawing_index,2040-2069,delta_mult_cap3x,max,5595.1620528277945,2814.9333333333334,2880.6111111111113
Unalakleet,Northwest,thawing_index,2040-2069,delta_mult_cap2x,min,2271.63156025525,2814.9333333333334,2880.6111111111113
Unalakleet,Northwest,thawing_index,2040-2069,delta_mult_cap2x,mean,3577.4661944344507,2814.9333333333334,2880.6111111111113
Unalakleet,Northwest,thawing_index,2040-2069,delta_mult_cap2x,max,5595.1620528277945,2814.9333333333334,2880.6111111111113
Unalakleet,Northwest,thawing_index,2040-2069,delta_mult_cap1.5x,min,2271.63156025525,2814.9333333333334,2880.6111111111113
Unalakleet,Northwest,thawing_index,2040-2069,delta_mult_cap1.5x,mean,3535.8588890951464,2814.9333333333334,2880.6111111111113
Unalakleet,Northwest,thawing_index,2040-2069,delta_mult_cap1.5x,max,4222.4,2814.9333333333334,2880.6111111111113
Unalakleet,Northwest,thawing_index,2070-2099,current,min,2306.0,2814.9333333333334,2880.6111111111113
Unalakleet,Northwest,thawing_index,2070-2099,current,mean,4167.8,2814.9333333333334,2880.6111111111113
Unalakleet,Northwest,thawing_index,2070-2099,current,max,6989.0,2814.9333333333334,2880.6111111111113
Unalakleet,Northwest,thawing_index,2070-2099,delta,min,2211.366666666667,2814.9333333333334,2880.6111111111113
Unalakleet,Northwest,thawing_index,2070-2099,delta,mean,4102.122222222222,2814.9333333333334,2880.6111111111113
Unalakleet,Northwest,thawing_index,2070-2099,delta,max,6833.700000000001,2814.9333333333334,2880.6111111111113
Unalakleet,Northwest,thawing_index,2070-2099,delta_mult_uncapped,min,2230.9976055999173,2814.9333333333334,2880.6111111111113
Unalakleet,Northwest,thawing_index,2070-2099,delta_mult_uncapped,mean,4067.3691382834722,2814.9333333333334,2880.6111111111113
Unalakleet,Northwest,thawing_index,2070-2099,delta_mult_uncapped,max,6623.576958039212,2814.9333333333334,2880.6111111111113
Unalakleet,Northwest,thawing_index,2070-2099,delta_mult_cap3x,min,2230.9976055999173,2814.9333333333334,2880.6111111111113
Unalakleet,Northwest,thawing_index,2070-2099,delta_mult_cap3x,mean,4067.3691382834722,2814.9333333333334,2880.6111111111113
Unalakleet,Northwest,thawing_index,2070-2099,delta_mult_cap3x,max,6623.576958039212,2814.9333333333334,2880.6111111111113
Unalakleet,Northwest,thawing_index,2070-2099,delta_mult_cap2x,min,2230.9976055999173,2814.9333333333334,2880.6111111111113
Unalakleet,Northwest,thawing_index,2070-2099,delta_mult_cap2x,mean,4047.074151382867,2814.9333333333334,2880.6111111111113
Unalakleet,Northwest,thawing_index,2070-2099,delta_mult_cap2x,max,5629.866666666667,2814.9333333333334,2880.6111111111113
Unalakleet,Northwest,thawing_index,2070-2099,delta_mult_cap1.5x,min,2230.9976055999173,2814.9333333333334,2880.6111111111113
Unalakleet,Northwest,thawing_index,2070-2099,delta_mult_cap1.5x,mean,3819.5189696460634,2814.9333333333334,2880.6111111111113
Unalakleet,Northwest,thawing_index,2070-2099,delta_mult_cap1.5x,max,4222.4,2814.9333333333334,2880.6111111111113
Unalakleet,Northwest,heating_degree_days,2010-2039,current,min,8888.0,13491.466666666667,13331.046296296297
Unalakleet,Northwest,heating_degree_days,2010-2039,current,mean,12411.955555555556,13491.466666666667,13331.046296296297
Unalakleet,Northwest,heating_degree_days,2010-2039,current,max,16345.0,13491.466666666667,13331.046296296297
Unalakleet,Northwest,heating_degree_days,2010-2039,delta,min,8978.433333333334,13491.466666666667,13331.046296296297
Unalakleet,Northwest,heating_degree_days,2010-2039,delta,mean,12572.375925925926,13491.466666666667,13331.046296296297
Unalakleet,Northwest,heating_degree_days,2010-2039,delta,max,16385.0,13491.466666666667,13331.046296296297
Unalakleet,Northwest,heating_degree_days,2010-2039,delta_mult_uncapped,min,8947.978320079796,13491.466666666667,13331.046296296297
Unalakleet,Northwest,heating_degree_days,2010-2039,delta_mult_uncapped,mean,12560.410085187035,13491.466666666667,13331.046296296297
Unalakleet,Northwest,heating_degree_days,2010-2039,delta_mult_uncapped,max,16393.604365323237,13491.466666666667,13331.046296296297
Unalakleet,Northwest,heating_degree_days,2010-2039,delta_mult_cap3x,min,8947.978320079796,13491.466666666667,13331.046296296297
Unalakleet,Northwest,heating_degree_days,2010-2039,delta_mult_cap3x,mean,12560.410085187035,13491.466666666667,13331.046296296297
Unalakleet,Northwest,heating_degree_days,2010-2039,delta_mult_cap3x,max,16393.604365323237,13491.466666666667,13331.046296296297
Unalakleet,Northwest,heating_degree_days,2010-2039,delta_mult_cap2x,min,8947.978320079796,13491.466666666667,13331.046296296297
Unalakleet,Northwest,heating_degree_days,2010-2039,delta_mult_cap2x,mean,12560.410085187035,13491.466666666667,13331.046296296297
Unalakleet,Northwest,heating_degree_days,2010-2039,delta_mult_cap2x,max,16393.604365323237,13491.466666666667,13331.046296296297
Unalakleet,Northwest,heating_degree_days,2010-2039,delta_mult_cap1.5x,min,8947.978320079796,13491.466666666667,13331.046296296297
Unalakleet,Northwest,heating_degree_days,2010-2039,delta_mult_cap1.5x,mean,12560.410085187035,13491.466666666667,13331.046296296297
Unalakleet,Northwest,heating_degree_days,2010-2039,delta_mult_cap1.5x,max,16393.604365323237,13491.466666666667,13331.046296296297
Unalakleet,Northwest,heating_degree_days,2040-2069,current,min,7382.0,13491.466666666667,13331.046296296297
Unalakleet,Northwest,heating_degree_days,2040-2069,current,mean,11243.487037037037,13491.466666666667,13331.046296296297
Unalakleet,Northwest,heating_degree_days,2040-2069,current,max,15196.0,13491.466666666667,13331.046296296297
Unalakleet,Northwest,heating_degree_days,2040-2069,delta,min,7472.433333333334,13491.466666666667,13331.046296296297
Unalakleet,Northwest,heating_degree_days,2040-2069,delta,mean,11403.907407407407,13491.466666666667,13331.046296296297
Unalakleet,Northwest,heating_degree_days,2040-2069,delta,max,15587.166666666668,13491.466666666667,13331.046296296297
Unalakleet,Northwest,heating_degree_days,2040-2069,delta_mult_uncapped,min,7431.815476915959,13491.466666666667,13331.046296296297
Unalakleet,Northwest,heating_degree_days,2040-2069,delta_mult_uncapped,mean,11376.058873849119,13491.466666666667,13331.046296296297
Unalakleet,Northwest,heating_degree_days,2040-2069,delta_mult_uncapped,max,15649.74294227359,13491.466666666667,13331.046296296297
Unalakleet,Northwest,heating_degree_days,2040-2069,delta_mult_cap3x,min,7431.815476915959,13491.466666666667,13331.046296296297
Unalakleet,Northwest,heating_degree_days,2040-2069,delta_mult_cap3x,mean,11376.058873849119,13491.466666666667,13331.046296296297
Unalakleet,Northwest,heating_degree_days,2040-2069,delta_mult_cap3x,max,15649.74294227359,13491.466666666667,13331.046296296297
Unalakleet,Northwest,heating_degree_days,2040-2069,delta_mult_cap2x,min,7431.815476915959,13491.466666666667,13331.046296296297
Unalakleet,Northwest,heating_degree_days,2040-2069,delta_mult_cap2x,mean,11376.058873849119,13491.466666666667,13331.046296296297
Unalakleet,Northwest,heating_degree_days,2040-2069,delta_mult_cap2x,max,15649.74294227359,13491.466666666667,13331.046296296297
Unalakleet,Northwest,heating_degree_days,2040-2069,delta_mult_cap1.5x,min,7431.815476915959,13491.466666666667,13331.046296296297
Unalakleet,Northwest,heating_degree_days,2040-2069,delta_mult_cap1.5x,mean,11376.058873849119,13491.466666666667,13331.046296296297
Unalakleet,Northwest,heating_degree_days,2040-2069,delta_mult_cap1.5x,max,15649.74294227359,13491.466666666667,13331.046296296297
Unalakleet,Northwest,heating_degree_days,2070-2099,current,min,5977.0,13491.466666666667,13331.046296296297
Unalakleet,Northwest,heating_degree_days,2070-2099,current,mean,10236.14074074074,13491.466666666667,13331.046296296297
Unalakleet,Northwest,heating_degree_days,2070-2099,current,max,14019.0,13491.466666666667,13331.046296296297
Unalakleet,Northwest,heating_degree_days,2070-2099,delta,min,6091.433333333334,13491.466666666667,13331.046296296297
Unalakleet,Northwest,heating_degree_days,2070-2099,delta,mean,10396.56111111111,13491.466666666667,13331.046296296297
Unalakleet,Northwest,heating_degree_days,2070-2099,delta,max,14410.166666666668,13491.466666666667,13331.046296296297
Unalakleet,Northwest,heating_degree_days,2070-2099,delta_mult_uncapped,min,6041.496163231194,13491.466666666667,13331.046296296297
Unalakleet,Northwest,heating_degree_days,2070-2099,delta_mult_uncapped,mean,10354.604229191178,13491.466666666667,13331.046296296297
Unalakleet,Northwest,heating_degree_days,2070-2099,delta_mult_uncapped,max,14437.598467210677,13491.466666666667,13331.046296296297
Unalakleet,Northwest,heating_degree_days,2070-2099,delta_mult_cap3x,min,6041.496163231194,13491.466666666667,13331.046296296297
Unalakleet,Northwest,heating_degree_days,2070-2099,delta_mult_cap3x,mean,10354.604229191178,13491.466666666667,13331.046296296297
Unalakleet,Northwest,heating_degree_days,2070-2099,delta_mult_cap3x,max,14437.598467210677,13491.466666666667,13331.046296296297
Unalakleet,Northwest,heating_degree_days,2070-2099,delta_mult_cap2x,min,6041.496163231194,13491.466666666667,13331.046296296297
Unalakleet,Northwest,heating_degree_days,2070-2099,delta_mult_cap2x,mean,10354.604229191178,13491.466666666667,13331.046296296297
Unalakleet,Northwest,heating_degree_days,2070-2099,delta_mult_cap2x,max,14437.598467210677,13491.466666666667,13331.046296296297
Unalakleet,Northwest,heating_degree_days,2070-2099,delta_mult_cap1.5x,min,6041.496163231194,13491.466666666667,13331.046296296297
Unalakleet,Northwest,heating_degree_days,2070-2099,delta_mult_cap1.5x,mean,10354.604229191178,13491.466666666667,13331.046296296297
Unalakleet,Northwest,heating_degree_days,2070-2099,delta_mult_cap1.5x,max,14437.598467210677,13491.466666666667,13331.046296296297
Utqiagvik,North Slope,freezing_index,2010-2039,current,min,3963.0,8394.166666666666,8115.431481481482
Utqiagvik,North Slope,freezing_index,2010-2039,current,mean,7007.7555555555555,8394.166666666666,8115.431481481482
Utqiagvik,North Slope,freezing_index,2010-2039,current,max,10106.0,8394.166666666666,8115.431481481482
Utqiagvik,North Slope,freezing_index,2010-2039,delta,min,4309.599999999999,8394.166666666666,8115.431481481482
Utqiagvik,North Slope,freezing_index,2010-2039,delta,mean,7286.490740740741,8394.166666666666,8115.431481481482
Utqiagvik,North Slope,freezing_index,2010-2039,delta,max,10226.033333333333,8394.166666666666,8115.431481481482
Utqiagvik,North Slope,freezing_index,2010-2039,delta_mult_uncapped,min,4133.682127516806,8394.166666666666,8115.431481481482
Utqiagvik,North Slope,freezing_index,2010-2039,delta_mult_uncapped,mean,7244.495957743434,8394.166666666666,8115.431481481482
Utqiagvik,North Slope,freezing_index,2010-2039,delta_mult_uncapped,max,10252.608329573288,8394.166666666666,8115.431481481482
Utqiagvik,North Slope,freezing_index,2010-2039,delta_mult_cap3x,min,4133.682127516806,8394.166666666666,8115.431481481482
Utqiagvik,North Slope,freezing_index,2010-2039,delta_mult_cap3x,mean,7244.495957743434,8394.166666666666,8115.431481481482
Utqiagvik,North Slope,freezing_index,2010-2039,delta_mult_cap3x,max,10252.608329573288,8394.166666666666,8115.431481481482
Utqiagvik,North Slope,freezing_index,2010-2039,delta_mult_cap2x,min,4133.682127516806,8394.166666666666,8115.431481481482
Utqiagvik,North Slope,freezing_index,2010-2039,delta_mult_cap2x,mean,7244.495957743434,8394.166666666666,8115.431481481482
Utqiagvik,North Slope,freezing_index,2010-2039,delta_mult_cap2x,max,10252.608329573288,8394.166666666666,8115.431481481482
Utqiagvik,North Slope,freezing_index,2010-2039,delta_mult_cap1.5x,min,4133.682127516806,8394.166666666666,8115.431481481482
Utqiagvik,North Slope,freezing_index,2010-2039,delta_mult_cap1.5x,mean,7244.495957743434,8394.166666666666,8115.431481481482
Utqiagvik,North Slope,freezing_index,2010-2039,delta_mult_cap1.5x,max,10252.608329573288,8394.166666666666,8115.431481481482
Utqiagvik,North Slope,freezing_index,2040-2069,current,min,1092.0,8394.166666666666,8115.431481481482
Utqiagvik,North Slope,freezing_index,2040-2069,current,mean,5726.62962962963,8394.166666666666,8115.431481481482
Utqiagvik,North Slope,freezing_index,2040-2069,current,max,8957.0,8394.166666666666,8115.431481481482
Utqiagvik,North Slope,freezing_index,2040-2069,delta,min,1615.6999999999998,8394.166666666666,8115.431481481482
Utqiagvik,North Slope,freezing_index,2040-2069,delta,mean,6005.364814814815,8394.166666666666,8115.431481481482
Utqiagvik,North Slope,freezing_index,2040-2069,delta,max,9160.2,8394.166666666666,8115.431481481482
Utqiagvik,North Slope,freezing_index,2040-2069,delta_mult_uncapped,min,1164.66156178795,8394.166666666666,8115.431481481482
Utqiagvik,North Slope,freezing_index,2040-2069,delta_mult_uncapped,mean,5916.120287310053,8394.166666666666,8115.431481481482
Utqiagvik,North Slope,freezing_index,2040-2069,delta_mult_uncapped,max,9179.20361455099,8394.166666666666,8115.431481481482
Utqiagvik,North Slope,freezing_index,2040-2069,delta_mult_cap3x,min,1164.66156178795,8394.166666666666,8115.431481481482
Utqiagvik,North Slope,freezing_index,2040-2069,delta_mult_cap3x,mean,5916.120287310053,8394.166666666666,8115.431481481482
Utqiagvik,North Slope,freezing_index,2040-2069,delta_mult_cap3x,max,9179.20361455099,8394.166666666666,8115.431481481482
Utqiagvik,North Slope,freezing_index,2040-2069,delta_mult_cap2x,min,1164.66156178795,8394.166666666666,8115.431481481482
Utqiagvik,North Slope,freezing_index,2040-2069,delta_mult_cap2x,mean,5916.120287310053,8394.166666666666,8115.431481481482
Utqiagvik,North Slope,freezing_index,2040-2069,delta_mult_cap2x,max,9179.20361455099,8394.166666666666,8115.431481481482
Utqiagvik,North Slope,freezing_index,2040-2069,delta_mult_cap1.5x,min,1164.66156178795,8394.166666666666,8115.431481481482
Utqiagvik,North Slope,freezing_index,2040-2069,delta_mult_cap1.5x,mean,5916.120287310053,8394.166666666666,8115.431481481482
Utqiagvik,North Slope,freezing_index,2040-2069,delta_mult_cap1.5x,max,9179.20361455099,8394.166666666666,8115.431481481482
Utqiagvik,North Slope,freezing_index,2070-2099,current,min,559.0,8394.166666666666,8115.431481481482
Utqiagvik,North Slope,freezing_index,2070-2099,current,mean,4638.075925925926,8394.166666666666,8115.431481481482
Utqiagvik,North Slope,freezing_index,2070-2099,current,max,8767.0,8394.166666666666,8115.431481481482
Utqiagvik,North Slope,freezing_index,2070-2099,delta,min,1082.6999999999998,8394.166666666666,8115.431481481482
Utqiagvik,North Slope,freezing_index,2070-2099,delta,mean,4916.811111111111,8394.166666666666,8115.431481481482
Utqiagvik,North Slope,freezing_index,2070-2099,delta,max,9261.033333333333,8394.166666666666,8115.431481481482
Utqiagvik,North Slope,freezing_index,2070-2099,delta_mult_uncapped,min,596.1957994866887,8394.166666666666,8115.431481481482
Utqiagvik,North Slope,freezing_index,2070-2099,delta_mult_uncapped,mean,4789.0183387909365,8394.166666666666,8115.431481481482
Utqiagvik,North Slope,freezing_index,2070-2099,delta_mult_uncapped,max,9315.242675229108,8394.166666666666,8115.431481481482
Utqiagvik,North Slope,freezing_index,2070-2099,delta_mult_cap3x,min,596.1957994866887,8394.166666666666,8115.431481481482
Utqiagvik,North Slope,freezing_index,2070-2099,delta_mult_cap3x,mean,4789.0183387909365,8394.166666666666,8115.431481481482
Utqiagvik,North Slope,freezing_index,2070-2099,delta_mult_cap3x,max,9315.242675229108,8394.166666666666,8115.431481481482
Utqiagvik,North Slope,freezing_index,2070-2099,delta_mult_cap2x,min,596.1957994866887,8394.166666666666,8115.431481481482
Utqiagvik,North Slope,freezing_index,2070-2099,delta_mult_cap2x,mean,4789.0183387909365,8394.166666666666,8115.431481481482
Utqiagvik,North Slope,freezing_index,2070-2099,delta_mult_cap2x,max,9315.242675229108,8394.166666666666,8115.431481481482
Utqiagvik,North Slope,freezing_index,2070-2099,delta_mult_cap1.5x,min,596.1957994866887,8394.166666666666,8115.431481481482
Utqiagvik,North Slope,freezing_index,2070-2099,delta_mult_cap1.5x,mean,4789.0183387909365,8394.166666666666,8115.431481481482
Utqiagvik,North Slope,freezing_index,2070-2099,delta_mult_cap1.5x,max,9315.242675229108,8394.166666666666,8115.431481481482
Utqiagvik,North Slope,thawing_index,2010-2039,current,min,266.0,752.7666666666667,804.2759259259259
Utqiagvik,North Slope,thawing_index,2010-2039,current,mean,1015.662962962963,752.7666666666667,804.2759259259259
Utqiagvik,North Slope,thawing_index,2010-2039,current,max,1964.0,752.7666666666667,804.2759259259259
Utqiagvik,North Slope,thawing_index,2010-2039,delta,min,230.66666666666663,752.7666666666667,804.2759259259259
Utqiagvik,North Slope,thawing_index,2010-2039,delta,mean,964.1537037037036,752.7666666666667,804.2759259259259
Utqiagvik,North Slope,thawing_index,2010-2039,delta,max,1892.5666666666666,752.7666666666667,804.2759259259259
Utqiagvik,North Slope,thawing_index,2010-2039,delta_mult_uncapped,min,254.07427145455313,752.7666666666667,804.2759259259259
Utqiagvik,North Slope,thawing_index,2010-2039,delta_mult_uncapped,mean,949.6611518118987,752.7666666666667,804.2759259259259
Utqiagvik,North Slope,thawing_index,2010-2039,delta_mult_uncapped,max,1858.1563171004036,752.7666666666667,804.2759259259259
Utqiagvik,North Slope,thawing_index,2010-2039,delta_mult_cap3x,min,254.07427145455313,752.7666666666667,804.2759259259259
Utqiagvik,North Slope,thawing_index,2010-2039,delta_mult_cap3x,mean,949.6611518118987,752.7666666666667,804.2759259259259
Utqiagvik,North Slope,thawing_index,2010-2039,delta_mult_cap3x,max,1858.1563171004036,752.7666666666667,804.2759259259259
Utqiagvik,North Slope,thawing_index,2010-2039,delta_mult_cap2x,min,254.07427145455313,752.7666666666667,804.2759259259259
Utqiagvik,North Slope,thawing_index,2010-2039,delta_mult_cap2x,mean,943.2194750154447,752.7666666666667,804.2759259259259
Utqiagvik,North Slope,thawing_index,2010-2039,delta_mult_cap2x,max,1505.5333333333333,752.7666666666667,804.2759259259259
Utqiagvik,North Slope,thawing_index,2010-2039,delta_mult_cap1.5x,min,254.07427145455313,752.7666666666667,804.2759259259259
Utqiagvik,North Slope,thawing_index,2010-2039,delta_mult_cap1.5x,mean,896.0609657495442,752.7666666666667,804.2759259259259
Utqiagvik,North Slope,thawing_index,2010-2039,delta_mult_cap1.5x,max,1129.15,752.7666666666667,804.2759259259259
Utqiagvik,North Slope,thawing_index,2040-2069,current,min,401.0,752.7666666666667,804.2759259259259
Utqiagvik,North Slope,thawing_index,2040-2069,current,mean,1327.037037037037,752.7666666666667,804.2759259259259
Utqiagvik,North Slope,thawing_index,2040-2069,current,max,3251.0,752.7666666666667,804.2759259259259
Utqiagvik,North Slope,thawing_index,2040-2069,delta,min,368.8666666666667,752.7666666666667,804.2759259259259
Utqiagvik,North Slope,thawing_index,2040-2069,delta,mean,1275.5277777777778,752.7666666666667,804.2759259259259
Utqiagvik,North Slope,thawing_index,2040-2069,delta,max,3172.666666666667,752.7666666666667,804.2759259259259
Utqiagvik,North Slope,thawing_index,2040-2069,delta_mult_uncapped,min,384.5833014821421,752.7666666666667,804.2759259259259
Utqiagvik,North Slope,thawing_index,2040-2069,delta_mult_uncapped,mean,1240.3786595551617,752.7666666666667,804.2759259259259
Utqiagvik,North Slope,thawing_index,2040-2069,delta_mult_uncapped,max,2944.5848072835197,752.7666666666667,804.2759259259259
Utqiagvik,North Slope,thawing_index,2040-2069,delta_mult_cap3x,min,384.5833014821421,752.7666666666667,804.2759259259259
Utqiagvik,North Slope,thawing_index,2040-2069,delta_mult_cap3x,mean,1236.1583000254257,752.7666666666667,804.2759259259259
Utqiagvik,North Slope,thawing_index,2040-2069,delta_mult_cap3x,max,2258.3,752.7666666666667,804.2759259259259
Utqiagvik,North Slope,thawing_index,2040-2069,delta_mult_cap2x,min,384.5833014821421,752.7666666666667,804.2759259259259
Utqiagvik,North Slope,thawing_index,2040-2069,delta_mult_cap2x,mean,1166.485259633983,752.7666666666667,804.2759259259259
Utqiagvik,North Slope,thawing_index,2040-2069,delta_mult_cap2x,max,1505.5333333333333,752.7666666666667,804.2759259259259
Utqiagvik,North Slope,thawing_index,2040-2069,delta_mult_cap1.5x,min,384.5833014821421,752.7666666666667,804.2759259259259
Utqiagvik,North Slope,thawing_index,2040-2069,delta_mult_cap1.5x,mean,1026.689193173065,752.7666666666667,804.2759259259259
Utqiagvik,North Slope,thawing_index,2040-2069,delta_mult_cap1.5x,max,1129.15,752.7666666666667,804.2759259259259
Utqiagvik,North Slope,thawing_index,2070-2099,current,min,401.0,752.7666666666667,804.2759259259259
Utqiagvik,North Slope,thawing_index,2070-2099,current,mean,1699.2351851851852,752.7666666666667,804.2759259259259
Utqiagvik,North Slope,thawing_index,2070-2099,current,max,4547.0,752.7666666666667,804.2759259259259
Utqiagvik,North Slope,thawing_index,2070-2099,delta,min,327.3666666666667,752.7666666666667,804.2759259259259
Utqiagvik,North Slope,thawing_index,2070-2099,delta,mean,1647.7259259259258,752.7666666666667,804.2759259259259
Utqiagvik,North Slope,thawing_index,2070-2099,delta,max,4468.666666666667,752.7666666666667,804.2759259259259
Utqiagvik,North Slope,thawing_index,2070-2099,delta_mult_uncapped,min,365.2703694740239,752.7666666666667,804.2759259259259
Utqiagvik,North Slope,thawing_index,2070-2099,delta_mult_uncapped,mean,1588.3320746528084,752.7666666666667,804.2759259259259
Utqiagvik,North Slope,thawing_index,2070-2099,delta_mult_uncapped,max,4118.433441623551,752.7666666666667,804.2759259259259
Utqiagvik,North Slope,thawing_index,2070-2099,delta_mult_cap3x,min,365.2703694740239,752.7666666666667,804.2759259259259
Utqiagvik,North Slope,thawing_index,2070-2099,delta_mult_cap3x,mean,1497.6968735323906,752.7666666666667,804.2759259259259
Utqiagvik,North Slope,thawing_index,2070-2099,delta_mult_cap3x,max,2258.3,752.7666666666667,804.2759259259259
Utqiagvik,North Slope,thawing_index,2070-2099,delta_mult_cap2x,min,365.2703694740239,752.7666666666667,804.2759259259259
Utqiagvik,North Slope,thawing_index,2070-2099,delta_mult_cap2x,mean,1293.932394888338,752.7666666666667,804.2759259259259
Utqiagvik,North Slope,thawing_index,2070-2099,delta_mult_cap2x,max,1505.5333333333333,752.7666666666667,804.2759259259259
Utqiagvik,North Slope,thawing_index,2070-2099,delta_mult_cap1.5x,min,365.2703694740239,752.7666666666667,804.2759259259259
Utqiagvik,North Slope,thawing_index,2070-2099,delta_mult_cap1.5x,mean,1070.631519000881,752.7666666666667,804.2759259259259
Utqiagvik,North Slope,thawing_index,2070-2099,delta_mult_cap1.5x,max,1129.15,752.7666666666667,804.2759259259259
Utqiagvik,North Slope,heating_degree_days,2010-2039,current,min,14048.0,19695.233333333334,19364.996296296296
Utqiagvik,North Slope,heating_degree_days,2010-2039,current,mean,18044.82962962963,19695.233333333334,19364.996296296296
Utqiagvik,North Slope,heating_degree_days,2010-2039,current,max,21555.0,19695.233333333334,19364.996296296296
Utqiagvik,North Slope,heating_degree_days,2010-2039,delta,min,14499.166666666668,19695.233333333334,19364.996296296296
Utqiagvik,North Slope,heating_degree_days,2010-2039,delta,mean,18375.066666666666,19695.233333333334,19364.996296296296
Utqiagvik,North Slope,heating_degree_days,2010-2039,delta,max,21714.966666666667,19695.233333333334,19364.996296296296
Utqiagvik,North Slope,heating_degree_days,2010-2039,delta_mult_uncapped,min,14377.347712368488,19695.233333333334,19364.996296296296
Utqiagvik,North Slope,heating_degree_days,2010-2039,delta_mult_uncapped,mean,18350.502181068903,19695.233333333334,19364.996296296296
Utqiagvik,North Slope,heating_degree_days,2010-2039,delta_mult_uncapped,max,21731.505473860947,19695.233333333334,19364.996296296296
Utqiagvik,North Slope,heating_degree_days,2010-2039,delta_mult_cap3x,min,14377.347712368488,19695.233333333334,19364.996296296296
Utqiagvik,North Slope,heating_degree_days,2010-2039,delta_mult_cap3x,mean,18350.502181068903,19695.233333333334,19364.996296296296
Utqiagvik,North Slope,heating_degree_days,2010-2039,delta_mult_cap3x,max,21731.505473860947,19695.233333333334,19364.996296296296
Utqiagvik,North Slope,heating_degree_days,2010-2039,delta_mult_cap2x,min,14377.347712368488,19695.233333333334,19364.996296296296
Utqiagvik,North Slope,heating_degree_days,2010-2039,delta_mult_cap2x,mean,18350.502181068903,19695.233333333334,19364.996296296296
Utqiagvik,North Slope,heating_degree_days,2010-2039,delta_mult_cap2x,max,21731.505473860947,19695.233333333334,19364.996296296296
Utqiagvik,North Slope,heating_degree_days,2010-2039,delta_mult_cap1.5x,min,14377.347712368488,19695.233333333334,19364.996296296296
Utqiagvik,North Slope,heating_degree_days,2010-2039,delta_mult_cap1.5x,mean,18350.502181068903,19695.233333333334,19364.996296296296
Utqiagvik,North Slope,heating_degree_days,2010-2039,delta_mult_cap1.5x,max,21731.505473860947,19695.233333333334,19364.996296296296
Utqiagvik,North Slope,heating_degree_days,2040-2069,current,min,10031.0,19695.233333333334,19364.996296296296
Utqiagvik,North Slope,heating_degree_days,2040-2069,current,mean,16453.62962962963,19695.233333333334,19364.996296296296
Utqiagvik,North Slope,heating_degree_days,2040-2069,current,max,20284.0,19695.233333333334,19364.996296296296
Utqiagvik,North Slope,heating_degree_days,2040-2069,delta,min,10633.033333333333,19695.233333333334,19364.996296296296
Utqiagvik,North Slope,heating_degree_days,2040-2069,delta,mean,16783.866666666665,19695.233333333334,19364.996296296296
Utqiagvik,North Slope,heating_degree_days,2040-2069,delta,max,20525.7,19695.233333333334,19364.996296296296
Utqiagvik,North Slope,heating_degree_days,2040-2069,delta_mult_uncapped,min,10347.290426259959,19695.233333333334,19364.996296296296
Utqiagvik,North Slope,heating_degree_days,2040-2069,delta_mult_uncapped,mean,16730.42736036376,19695.233333333334,19364.996296296296
Utqiagvik,North Slope,heating_degree_days,2040-2069,delta_mult_uncapped,max,20549.103481506783,19695.233333333334,19364.996296296296
Utqiagvik,North Slope,heating_degree_days,2040-2069,delta_mult_cap3x,min,10347.290426259959,19695.233333333334,19364.996296296296
Utqiagvik,North Slope,heating_degree_days,2040-2069,delta_mult_cap3x,mean,16730.42736036376,19695.233333333334,19364.996296296296
Utqiagvik,North Slope,heating_degree_days,2040-2069,delta_mult_cap3x,max,20549.103481506783,19695.233333333334,19364.996296296296
Utqiagvik,North Slope,heating_degree_days,2040-2069,delta_mult_cap2x,min,10347.290426259959,19695.233333333334,19364.996296296296
Utqiagvik,North Slope,heating_degree_days,2040-2069,delta_mult_cap2x,mean,16730.42736036376,19695.233333333334,19364.996296296296
Utqiagvik,North Slope,heating_degree_days,2040-2069,delta_mult_cap2x,max,20549.103481506783,19695.233333333334,19364.996296296296
Utqiagvik,North Slope,heating_degree_days,2040-2069,delta_mult_cap1.5x,min,10347.290426259959,19695.233333333334,19364.996296296296
Utqiagvik,North Slope,heating_degree_days,2040-2069,delta_mult_cap1.5x,mean,16730.42736036376,19695.233333333334,19364.996296296296
Utqiagvik,North Slope,heating_degree_days,2040-2069,delta_mult_cap1.5x,max,20549.103481506783,19695.233333333334,19364.996296296296
Utqiagvik,North Slope,heating_degree_days,2070-2099,current,min,8072.0,19695.233333333334,19364.996296296296
Utqiagvik,North Slope,heating_degree_days,2070-2099,current,mean,14993.225925925926,19695.233333333334,19364.996296296296
Utqiagvik,North Slope,heating_degree_days,2070-2099,current,max,20147.0,19695.233333333334,19364.996296296296
Utqiagvik,North Slope,heating_degree_days,2070-2099,delta,min,8674.033333333333,19695.233333333334,19364.996296296296
Utqiagvik,North Slope,heating_degree_days,2070-2099,delta,mean,15323.462962962964,19695.233333333334,19364.996296296296
Utqiagvik,North Slope,heating_degree_days,2070-2099,delta,max,20714.5,19695.233333333334,19364.996296296296
Utqiagvik,North Slope,heating_degree_days,2070-2099,delta_mult_uncapped,min,8326.520618160741,19695.233333333334,19364.996296296296
Utqiagvik,North Slope,heating_degree_days,2070-2099,delta_mult_uncapped,mean,15244.120330912228,19695.233333333334,19364.996296296296
Utqiagvik,North Slope,heating_degree_days,2070-2099,delta_mult_uncapped,max,20744.740584352214,19695.233333333334,19364.996296296296
Utqiagvik,North Slope,heating_degree_days,2070-2099,delta_mult_cap3x,min,8326.520618160741,19695.233333333334,19364.996296296296
Utqiagvik,North Slope,heating_degree_days,2070-2099,delta_mult_cap3x,mean,15244.120330912228,19695.233333333334,19364.996296296296
Utqiagvik,North Slope,heating_degree_days,2070-2099,delta_mult_cap3x,max,20744.740584352214,19695.233333333334,19364.996296296296
Utqiagvik,North Slope,heating_degree_days,2070-2099,delta_mult_cap2x,min,8326.520618160741,19695.233333333334,19364.996296296296
Utqiagvik,North Slope,heating_degree_days,2070-2099,delta_mult_cap2x,mean,15244.120330912228,19695.233333333334,19364.996296296296
Utqiagvik,North Slope,heating_degree_days,2070-2099,delta_mult_cap2x,max,20744.740584352214,19695.233333333334,19364.996296296296
Utqiagvik,North Slope,heating_degree_days,2070-2099,delta_mult_cap1.5x,min,8326.520618160741,19695.233333333334,19364.996296296296
Utqiagvik,North Slope,heating_degree_days,2070-2099,delta_mult_cap1.5x,mean,15244.120330912228,19695.233333333334,19364.996296296296
Utqiagvik,North Slope,heating_degree_days,2070-2099,delta_mult_cap1.5x,max,20744.740584352214,19695.233333333334,19364.996296296296
Valdez,Southcentral,freezing_index,2010-2039,current,min,760.0,2732.4,2651.2481481481477
Valdez,Southcentral,freezing_index,2010-2039,current,mean,2249.8185185185184,2732.4,2651.2481481481477
Valdez,Southcentral,freezing_index,2010-2039,current,max,4032.0,2732.4,2651.2481481481477
Valdez,Southcentral,freezing_index,2010-2039,delta,min,846.3333333333335,2732.4,2651.2481481481477
Valdez,Southcentral,freezing_index,2010-2039,delta,mean,2330.9703703703703,2732.4,2651.2481481481477
Valdez,Southcentral,freezing_index,2010-2039,delta,max,4141.8,2732.4,2651.2481481481477
Valdez,Southcentral,freezing_index,2010-2039,delta_mult_uncapped,min,784.7965533748206,2732.4,2651.2481481481477
Valdez,Southcentral,freezing_index,2010-2039,delta_mult_uncapped,mean,2318.868091689529,2732.4,2651.2481481481477
Valdez,Southcentral,freezing_index,2010-2039,delta_mult_uncapped,max,4200.807137954702,2732.4,2651.2481481481477
Valdez,Southcentral,freezing_index,2010-2039,delta_mult_cap3x,min,784.7965533748206,2732.4,2651.2481481481477
Valdez,Southcentral,freezing_index,2010-2039,delta_mult_cap3x,mean,2318.868091689529,2732.4,2651.2481481481477
Valdez,Southcentral,freezing_index,2010-2039,delta_mult_cap3x,max,4200.807137954702,2732.4,2651.2481481481477
Valdez,Southcentral,freezing_index,2010-2039,delta_mult_cap2x,min,784.7965533748206,2732.4,2651.2481481481477
Valdez,Southcentral,freezing_index,2010-2039,delta_mult_cap2x,mean,2318.868091689529,2732.4,2651.2481481481477
Valdez,Southcentral,freezing_index,2010-2039,delta_mult_cap2x,max,4200.807137954702,2732.4,2651.2481481481477
Valdez,Southcentral,freezing_index,2010-2039,delta_mult_cap1.5x,min,784.7965533748206,2732.4,2651.2481481481477
Valdez,Southcentral,freezing_index,2010-2039,delta_mult_cap1.5x,mean,2318.6788192118356,2732.4,2651.2481481481477
Valdez,Southcentral,freezing_index,2010-2039,delta_mult_cap1.5x,max,4098.6,2732.4,2651.2481481481477
Valdez,Southcentral,freezing_index,2040-2069,current,min,514.0,2732.4,2651.2481481481477
Valdez,Southcentral,freezing_index,2040-2069,current,mean,1783.2,2732.4,2651.2481481481477
Valdez,Southcentral,freezing_index,2040-2069,current,max,3912.0,2732.4,2651.2481481481477
Valdez,Southcentral,freezing_index,2040-2069,delta,min,591.8666666666668,2732.4,2651.2481481481477
Valdez,Southcentral,freezing_index,2040-2069,delta,mean,1864.351851851852,2732.4,2651.2481481481477
Valdez,Southcentral,freezing_index,2040-2069,delta,max,4017.0333333333333,2732.4,2651.2481481481477
Valdez,Southcentral,freezing_index,2040-2069,delta_mult_uncapped,min,530.7703005719181,2732.4,2651.2481481481477
Valdez,Southcentral,freezing_index,2040-2069,delta_mult_uncapped,mean,1837.4818718087656,2732.4,2651.2481481481477
Valdez,Southcentral,freezing_index,2040-2069,delta_mult_uncapped,max,4068.3886781441493,2732.4,2651.2481481481477
Valdez,Southcentral,freezing_index,2040-2069,delta_mult_cap3x,min,530.7703005719181,2732.4,2651.2481481481477
Valdez,Southcentral,freezing_index,2040-2069,delta_mult_cap3x,mean,1837.4818718087656,2732.4,2651.2481481481477
Valdez,Southcentral,freezing_index,2040-2069,delta_mult_cap3x,max,4068.3886781441493,2732.4,2651.2481481481477
Valdez,Southcentral,freezing_index,2040-2069,delta_mult_cap2x,min,530.7703005719181,2732.4,2651.2481481481477
Valdez,Southcentral,freezing_index,2040-2069,delta_mult_cap2x,mean,1837.4818718087656,2732.4,2651.2481481481477
Valdez,Southcentral,freezing_index,2040-2069,delta_mult_cap2x,max,4068.3886781441493,2732.4,2651.2481481481477
Valdez,Southcentral,freezing_index,2040-2069,delta_mult_cap1.5x,min,530.7703005719181,2732.4,2651.2481481481477
Valdez,Southcentral,freezing_index,2040-2069,delta_mult_cap1.5x,mean,1837.4818718087656,2732.4,2651.2481481481477
Valdez,Southcentral,freezing_index,2040-2069,delta_mult_cap1.5x,max,4068.3886781441493,2732.4,2651.2481481481477
Valdez,Southcentral,freezing_index,2070-2099,current,min,134.0,2732.4,2651.2481481481477
Valdez,Southcentral,freezing_index,2070-2099,current,mean,1453.5481481481481,2732.4,2651.2481481481477
Valdez,Southcentral,freezing_index,2070-2099,current,max,3336.0,2732.4,2651.2481481481477
Valdez,Southcentral,freezing_index,2070-2099,delta,min,220.33333333333348,2732.4,2651.2481481481477
Valdez,Southcentral,freezing_index,2070-2099,delta,mean,1534.7,2732.4,2651.2481481481477
Valdez,Southcentral,freezing_index,2070-2099,delta,max,3490.6,2732.4,2651.2481481481477
Valdez,Southcentral,freezing_index,2070-2099,delta_mult_uncapped,min,138.37202388450783,2732.4,2651.2481481481477
Valdez,Southcentral,freezing_index,2070-2099,delta_mult_uncapped,mean,1497.0101946004636,2732.4,2651.2481481481477
Valdez,Southcentral,freezing_index,2070-2099,delta_mult_uncapped,max,3536.0719993793155,2732.4,2651.2481481481477
Valdez,Southcentral,freezing_index,2070-2099,delta_mult_cap3x,min,138.37202388450783,2732.4,2651.2481481481477
Valdez,Southcentral,freezing_index,2070-2099,delta_mult_cap3x,mean,1497.0101946004636,2732.4,2651.2481481481477
Valdez,Southcentral,freezing_index,2070-2099,delta_mult_cap3x,max,3536.0719993793155,2732.4,2651.2481481481477
Valdez,Southcentral,freezing_index,2070-2099,delta_mult_cap2x,min,138.37202388450783,2732.4,2651.2481481481477
Valdez,Southcentral,freezing_index,2070-2099,delta_mult_cap2x,mean,1497.0101946004636,2732.4,2651.2481481481477
Valdez,Southcentral,freezing_index,2070-2099,delta_mult_cap2x,max,3536.0719993793155,2732.4,2651.2481481481477
Valdez,Southcentral,freezing_index,2070-2099,delta_mult_cap1.5x,min,138.37202388450783,2732.4,2651.2481481481477
Valdez,Southcentral,freezing_index,2070-2099,delta_mult_cap1.5x,mean,1497.0101946004636,2732.4,2651.2481481481477
Valdez,Southcentral,freezing_index,2070-2099,delta_mult_cap1.5x,max,3536.0719993793155,2732.4,2651.2481481481477
Valdez,Southcentral,thawing_index,2010-2039,current,min,1854.0,2513.0,2570.709259259259
Valdez,Southcentral,thawing_index,2010-2039,current,mean,2928.064814814815,2513.0,2570.709259259259
Valdez,Southcentral,thawing_index,2010-2039,current,max,4192.0,2513.0,2570.709259259259
Valdez,Southcentral,thawing_index,2010-2039,delta,min,1803.6333333333332,2513.0,2570.709259259259
Valdez,Southcentral,thawing_index,2010-2039,delta,mean,2870.3555555555554,2513.0,2570.709259259259
Valdez,Southcentral,thawing_index,2010-2039,delta,max,4102.766666666666,2513.0,2570.709259259259
Valdez,Southcentral,thawing_index,2010-2039,delta_mult_uncapped,min,1826.4103683352375,2513.0,2570.709259259259
Valdez,Southcentral,thawing_index,2010-2039,delta_mult_uncapped,mean,2862.0650636686537,2513.0,2570.709259259259
Valdez,Southcentral,thawing_index,2010-2039,delta_mult_uncapped,max,4048.2518862003158,2513.0,2570.709259259259
Valdez,Southcentral,thawing_index,2010-2039,delta_mult_cap3x,min,1826.4103683352375,2513.0,2570.709259259259
Valdez,Southcentral,thawing_index,2010-2039,delta_mult_cap3x,mean,2862.0650636686537,2513.0,2570.709259259259
Valdez,Southcentral,thawing_index,2010-2039,delta_mult_cap3x,max,4048.2518862003158,2513.0,2570.709259259259
Valdez,Southcentral,thawing_index,2010-2039,delta_mult_cap2x,min,1826.4103683352375,2513.0,2570.709259259259
Valdez,Southcentral,thawing_index,2010-2039,delta_mult_cap2x,mean,2862.0650636686537,2513.0,2570.709259259259
Valdez,Southcentral,thawing_index,2010-2039,delta_mult_cap2x,max,4048.2518862003158,2513.0,2570.709259259259
Valdez,Southcentral,thawing_index,2010-2039,delta_mult_cap1.5x,min,1826.4103683352375,2513.0,2570.709259259259
Valdez,Southcentral,thawing_index,2010-2039,delta_mult_cap1.5x,mean,2860.8599401100037,2513.0,2570.709259259259
Valdez,Southcentral,thawing_index,2010-2039,delta_mult_cap1.5x,max,3769.5,2513.0,2570.709259259259
Valdez,Southcentral,thawing_index,2040-2069,current,min,2058.0,2513.0,2570.709259259259
Valdez,Southcentral,thawing_index,2040-2069,current,mean,3400.590740740741,2513.0,2570.709259259259
Valdez,Southcentral,thawing_index,2040-2069,current,max,5871.0,2513.0,2570.709259259259
Valdez,Southcentral,thawing_index,2040-2069,delta,min,1977.9666666666667,2513.0,2570.709259259259
Valdez,Southcentral,thawing_index,2040-2069,delta,mean,3342.881481481481,2513.0,2570.709259259259
Valdez,Southcentral,thawing_index,2040-2069,delta,max,5749.966666666667,2513.0,2570.709259259259
Valdez,Southcentral,thawing_index,2040-2069,delta_mult_uncapped,min,1994.480338342482,2513.0,2570.709259259259
Valdez,Southcentral,thawing_index,2040-2069,delta_mult_uncapped,mean,3322.1591459527394,2513.0,2570.709259259259
Valdez,Southcentral,thawing_index,2040-2069,delta_mult_uncapped,max,5601.228660735755,2513.0,2570.709259259259
Valdez,Southcentral,thawing_index,2040-2069,delta_mult_cap3x,min,1994.480338342482,2513.0,2570.709259259259
Valdez,Southcentral,thawing_index,2040-2069,delta_mult_cap3x,mean,3322.1591459527394,2513.0,2570.709259259259
Valdez,Southcentral,thawing_index,2040-2069,delta_mult_cap3x,max,5601.228660735755,2513.0,2570.709259259259
Valdez,Southcentral,thawing_index,2040-2069,delta_mult_cap2x,min,1994.480338342482,2513.0,2570.709259259259
Valdez,Southcentral,thawing_index,2040-2069,delta_mult_cap2x,mean,3320.2247797481627,2513.0,2570.709259259259
Valdez,Southcentral,thawing_index,2040-2069,delta_mult_cap2x,max,5026.0,2513.0,2570.709259259259
Valdez,Southcentral,thawing_index,2040-2069,delta_mult_cap1.5x,min,1994.480338342482,2513.0,2570.709259259259
Valdez,Southcentral,thawing_index,2040-2069,delta_mult_cap1.5x,mean,3259.3788842825047,2513.0,2570.709259259259
Valdez,Southcentral,thawing_index,2040-2069,delta_mult_cap1.5x,max,3769.5,2513.0,2570.709259259259
Valdez,Southcentral,thawing_index,2070-2099,current,min,1970.0,2513.0,2570.709259259259
Valdez,Southcentral,thawing_index,2070-2099,current,mean,3903.5481481481484,2513.0,2570.709259259259
Valdez,Southcentral,thawing_index,2070-2099,current,max,6950.0,2513.0,2570.709259259259
Valdez,Southcentral,thawing_index,2070-2099,delta,min,1889.9666666666667,2513.0,2570.709259259259
Valdez,Southcentral,thawing_index,2070-2099,delta,mean,3845.8388888888885,2513.0,2570.709259259259
Valdez,Southcentral,thawing_index,2070-2099,delta,max,6828.966666666667,2513.0,2570.709259259259
Valdez,Southcentral,thawing_index,2070-2099,delta_mult_uncapped,min,1909.196436605777,2513.0,2570.709259259259
Valdez,Southcentral,thawing_index,2070-2099,delta_mult_uncapped,mean,3811.057625038266,2513.0,2570.709259259259
Valdez,Southcentral,thawing_index,2070-2099,delta_mult_uncapped,max,6630.648814871996,2513.0,2570.709259259259
Valdez,Southcentral,thawing_index,2070-2099,delta_mult_cap3x,min,1909.196436605777,2513.0,2570.709259259259
Valdez,Southcentral,thawing_index,2070-2099,delta_mult_cap3x,mean,3811.057625038266,2513.0,2570.709259259259
Valdez,Southcentral,thawing_index,2070-2099,delta_mult_cap3x,max,6630.648814871996,2513.0,2570.709259259259
Valdez,Southcentral,thawing_index,2070-2099,delta_mult_cap2x,min,1909.196436605777,2513.0,2570.709259259259
Valdez,Southcentral,thawing_index,2070-2099,delta_mult_cap2x,mean,3770.6365562329847,2513.0,2570.709259259259
Valdez,Southcentral,thawing_index,2070-2099,delta_mult_cap2x,max,5026.0,2513.0,2570.709259259259
Valdez,Southcentral,thawing_index,2070-2099,delta_mult_cap1.5x,min,1909.196436605777,2513.0,2570.709259259259
Valdez,Southcentral,thawing_index,2070-2099,delta_mult_cap1.5x,mean,3488.229246334173,2513.0,2570.709259259259
Valdez,Southcentral,thawing_index,2070-2099,delta_mult_cap1.5x,max,3769.5,2513.0,2570.709259259259
Valdez,Southcentral,heating_degree_days,2010-2039,current,min,8844.0,12273.033333333333,12134.668518518518
Valdez,Southcentral,heating_degree_days,2010-2039,current,mean,11375.581481481482,12273.033333333333,12134.668518518518
Valdez,Southcentral,heating_degree_days,2010-2039,current,max,13897.0,12273.033333333333,12134.668518518518
Valdez,Southcentral,heating_degree_days,2010-2039,delta,min,9050.866666666667,12273.033333333333,12134.668518518518
Valdez,Southcentral,heating_degree_days,2010-2039,delta,mean,11513.946296296297,12273.033333333333,12134.668518518518
Valdez,Southcentral,heating_degree_days,2010-2039,delta,max,13947.233333333334,12273.033333333333,12134.668518518518
Valdez,Southcentral,heating_degree_days,2010-2039,delta_mult_uncapped,min,8995.624691630868,12273.033333333333,12134.668518518518
Valdez,Southcentral,heating_degree_days,2010-2039,delta_mult_uncapped,mean,11505.109975885845,12273.033333333333,12134.668518518518
Valdez,Southcentral,heating_degree_days,2010-2039,delta_mult_uncapped,max,13954.11397006687,12273.033333333333,12134.668518518518
Valdez,Southcentral,heating_degree_days,2010-2039,delta_mult_cap3x,min,8995.624691630868,12273.033333333333,12134.668518518518
Valdez,Southcentral,heating_degree_days,2010-2039,delta_mult_cap3x,mean,11505.109975885845,12273.033333333333,12134.668518518518
Valdez,Southcentral,heating_degree_days,2010-2039,delta_mult_cap3x,max,13954.11397006687,12273.033333333333,12134.668518518518
Valdez,Southcentral,heating_degree_days,2010-2039,delta_mult_cap2x,min,8995.624691630868,12273.033333333333,12134.668518518518
Valdez,Southcentral,heating_degree_days,2010-2039,delta_mult_cap2x,mean,11505.109975885845,12273.033333333333,12134.668518518518
Valdez,Southcentral,heating_degree_days,2010-2039,delta_mult_cap2x,max,13954.11397006687,12273.033333333333,12134.668518518518
Valdez,Southcentral,heating_degree_days,2010-2039,delta_mult_cap1.5x,min,8995.624691630868,12273.033333333333,12134.668518518518
Valdez,Southcentral,heating_degree_days,2010-2039,delta_mult_cap1.5x,mean,11505.109975885845,12273.033333333333,12134.668518518518
Valdez,Southcentral,heating_degree_days,2010-2039,delta_mult_cap1.5x,max,13954.11397006687,12273.033333333333,12134.668518518518
Valdez,Southcentral,heating_degree_days,2040-2069,current,min,6899.0,12273.033333333333,12134.668518518518
Valdez,Southcentral,heating_degree_days,2040-2069,current,mean,10444.722222222223,12273.033333333333,12134.668518518518
Valdez,Southcentral,heating_degree_days,2040-2069,current,max,13145.0,12273.033333333333,12134.668518518518
Valdez,Southcentral,heating_degree_days,2040-2069,delta,min,7105.866666666667,12273.033333333333,12134.668518518518
Valdez,Southcentral,heating_degree_days,2040-2069,delta,mean,10583.087037037038,12273.033333333333,12134.668518518518
Valdez,Southcentral,heating_degree_days,2040-2069,delta,max,13379.5,12273.033333333333,12134.668518518518
Valdez,Southcentral,heating_degree_days,2040-2069,delta_mult_uncapped,min,7017.278917634709,12273.033333333333,12134.668518518518
Valdez,Southcentral,heating_degree_days,2040-2069,delta_mult_uncapped,mean,10562.829270401062,12273.033333333333,12134.668518518518
Valdez,Southcentral,heating_degree_days,2040-2069,delta_mult_uncapped,max,13401.052993720165,12273.033333333333,12134.668518518518
Valdez,Southcentral,heating_degree_days,2040-2069,delta_mult_cap3x,min,7017.278917634709,12273.033333333333,12134.668518518518
Valdez,Southcentral,heating_degree_days,2040-2069,delta_mult_cap3x,mean,10562.829270401062,12273.033333333333,12134.668518518518
Valdez,Southcentral,heating_degree_days,2040-2069,delta_mult_cap3x,max,13401.052993720165,12273.033333333333,12134.668518518518
Valdez,Southcentral,heating_degree_days,2040-2069,delta_mult_cap2x,min,7017.278917634709,12273.033333333333,12134.668518518518
Valdez,Southcentral,heating_degree_days,2040-2069,delta_mult_cap2x,mean,10562.829270401062,12273.033333333333,12134.668518518518
Valdez,Southcentral,heating_degree_days,2040-2069,delta_mult_cap2x,max,13401.052993720165,12273.033333333333,12134.668518518518
Valdez,Southcentral,heating_degree_days,2040-2069,delta_mult_cap1.5x,min,7017.278917634709,12273.033333333333,12134.668518518518
Valdez,Southcentral,heating_degree_days,2040-2069,delta_mult_cap1.5x,mean,10562.829270401062,12273.033333333333,12134.668518518518
Valdez,Southcentral,heating_degree_days,2040-2069,delta_mult_cap1.5x,max,13401.052993720165,12273.033333333333,12134.668518518518
Valdez,Southcentral,heating_degree_days,2070-2099,current,min,5599.0,12273.033333333333,12134.668518518518
Valdez,Southcentral,heating_degree_days,2070-2099,current,mean,9631.755555555555,12273.033333333333,12134.668518518518
Valdez,Southcentral,heating_degree_days,2070-2099,current,max,12872.0,12273.033333333333,12134.668518518518
Valdez,Southcentral,heating_degree_days,2070-2099,delta,min,5805.866666666667,12273.033333333333,12134.668518518518
Valdez,Southcentral,heating_degree_days,2070-2099,delta,mean,9770.12037037037,12273.033333333333,12134.668518518518
Valdez,Southcentral,heating_degree_days,2070-2099,delta,max,13106.5,12273.033333333333,12134.668518518518
Valdez,Southcentral,heating_degree_days,2070-2099,delta_mult_uncapped,min,5694.991253781234,12273.033333333333,12134.668518518518
Valdez,Southcentral,heating_degree_days,2070-2099,delta_mult_uncapped,mean,9739.397976380824,12273.033333333333,12134.668518518518
Valdez,Southcentral,heating_degree_days,2070-2099,delta_mult_uncapped,max,13122.735194763483,12273.033333333333,12134.668518518518
Valdez,Southcentral,heating_degree_days,2070-2099,delta_mult_cap3x,min,5694.991253781234,12273.033333333333,12134.668518518518
Valdez,Southcentral,heating_degree_days,2070-2099,delta_mult_cap3x,mean,9739.397976380824,12273.033333333333,12134.668518518518
Valdez,Southcentral,heating_degree_days,2070-2099,delta_mult_cap3x,max,13122.735194763483,12273.033333333333,12134.668518518518
Valdez,Southcentral,heating_degree_days,2070-2099,delta_mult_cap2x,min,5694.991253781234,12273.033333333333,12134.668518518518
Valdez,Southcentral,heating_degree_days,2070-2099,delta_mult_cap2x,mean,9739.397976380824,12273.033333333333,12134.668518518518
Valdez,Southcentral,heating_degree_days,2070-2099,delta_mult_cap2x,max,13122.735194763483,12273.033333333333,12134.668518518518
Valdez,Southcentral,heating_degree_days,2070-2099,delta_mult_cap1.5x,min,5694.991253781234,12273.033333333333,12134.668518518518
Valdez,Southcentral,heating_degree_days,2070-2099,delta_mult_cap1.5x,mean,9739.397976380824,12273.033333333333,12134.668518518518
Valdez,Southcentral,heating_degree_days,2070-2099,delta_mult_cap1.5x,max,13122.735194763483,12273.033333333333,12134.668518518518
Yakutat,Southeast,freezing_index,2010-2039,current,min,47.0,790.2333333333333,774.0907407407408
Yakutat,Southeast,freezing_index,2010-2039,current,mean,587.8555555555556,790.2333333333333,774.0907407407408
Yakutat,Southeast,freezing_index,2010-2039,current,max,1602.0,790.2333333333333,774.0907407407408
Yakutat,Southeast,freezing_index,2010-2039,delta,min,75.73333333333335,790.2333333333333,774.0907407407408
Yakutat,Southeast,freezing_index,2010-2039,delta,mean,603.9981481481482,790.2333333333333,774.0907407407408
Yakutat,Southeast,freezing_index,2010-2039,delta,max,1540.9666666666667,790.2333333333333,774.0907407407408
Yakutat,Southeast,freezing_index,2010-2039,delta_mult_uncapped,min,48.773429634493326,790.2333333333333,774.0907407407408
Yakutat,Southeast,freezing_index,2010-2039,delta_mult_uncapped,mean,600.5120693940709,790.2333333333333,774.0907407407408
Yakutat,Southeast,freezing_index,2010-2039,delta_mult_uncapped,max,1628.7601895276316,790.2333333333333,774.0907407407408
Yakutat,Southeast,freezing_index,2010-2039,delta_mult_cap3x,min,48.773429634493326,790.2333333333333,774.0907407407408
Yakutat,Southeast,freezing_index,2010-2039,delta_mult_cap3x,mean,600.5120693940709,790.2333333333333,774.0907407407408
Yakutat,Southeast,freezing_index,2010-2039,delta_mult_cap3x,max,1628.7601895276316,790.2333333333333,774.0907407407408
Yakutat,Southeast,freezing_index,2010-2039,delta_mult_cap2x,min,48.773429634493326,790.2333333333333,774.0907407407408
Yakutat,Southeast,freezing_index,2010-2039,delta_mult_cap2x,mean,600.4226369443282,790.2333333333333,774.0907407407408
Yakutat,Southeast,freezing_index,2010-2039,delta_mult_cap2x,max,1580.4666666666667,790.2333333333333,774.0907407407408
Yakutat,Southeast,freezing_index,2010-2039,delta_mult_cap1.5x,min,48.773429634493326,790.2333333333333,774.0907407407408
Yakutat,Southeast,freezing_index,2010-2039,delta_mult_cap1.5x,mean,593.5197757961589,790.2333333333333,774.0907407407408
Yakutat,Southeast,freezing_index,2010-2039,delta_mult_cap1.5x,max,1185.35,790.2333333333333,774.0907407407408
Yakutat,Southeast,freezing_index,2040-2069,current,min,3.0,790.2333333333333,774.0907407407408
Yakutat,Southeast,freezing_index,2040-2069,current,mean,419.7574074074074,790.2333333333333,774.0907407407408
Yakutat,Southeast,freezing_index,2040-2069,current,max,1665.0,790.2333333333333,774.0907407407408
Yakutat,Southeast,freezing_index,2040-2069,delta,min,0.0,790.2333333333333,774.0907407407408
Yakutat,Southeast,freezing_index,2040-2069,delta,mean,435.9389506172839,790.2333333333333,774.0907407407408
Yakutat,Southeast,freezing_index,2040-2069,delta,max,1693.7333333333333,790.2333333333333,774.0907407407408
Yakutat,Southeast,freezing_index,2040-2069,delta_mult_uncapped,min,3.100981033355134,790.2333333333333,774.0907407407408
Yakutat,Southeast,freezing_index,2040-2069,delta_mult_uncapped,mean,427.2307734925012,790.2333333333333,774.0907407407408
Yakutat,Southeast,freezing_index,2040-2069,delta_mult_uncapped,max,1727.8246881155612,790.2333333333333,774.0907407407408
Yakutat,Southeast,freezing_index,2040-2069,delta_mult_cap3x,min,3.100981033355134,790.2333333333333,774.0907407407408
Yakutat,Southeast,freezing_index,2040-2069,delta_mult_cap3x,mean,427.2307734925012,790.2333333333333,774.0907407407408
Yakutat,Southeast,freezing_index,2040-2069,delta_mult_cap3x,max,1727.8246881155612,790.2333333333333,774.0907407407408
Yakutat,Southeast,freezing_index,2040-2069,delta_mult_cap2x,min,3.100981033355134,790.2333333333333,774.0907407407408
Yakutat,Southeast,freezing_index,2040-2069,delta_mult_cap2x,mean,426.9578882675959,790.2333333333333,774.0907407407408
Yakutat,Southeast,freezing_index,2040-2069,delta_mult_cap2x,max,1580.4666666666667,790.2333333333333,774.0907407407408
Yakutat,Southeast,freezing_index,2040-2069,delta_mult_cap1.5x,min,3.100981033355134,790.2333333333333,774.0907407407408
Yakutat,Southeast,freezing_index,2040-2069,delta_mult_cap1.5x,mean,424.85628489834426,790.2333333333333,774.0907407407408
Yakutat,Southeast,freezing_index,2040-2069,delta_mult_cap1.5x,max,1185.35,790.2333333333333,774.0907407407408
Yakutat,Southeast,freezing_index,2070-2099,current,min,0.0,790.2333333333333,774.0907407407408
Yakutat,Southeast,freezing_index,2070-2099,current,mean,305.79814814814813,790.2333333333333,774.0907407407408
Yakutat,Southeast,freezing_index,2070-2099,current,max,1163.0,790.2333333333333,774.0907407407408
Yakutat,Southeast,freezing_index,2070-2099,delta,min,21.633333333333326,790.2333333333333,774.0907407407408
Yakutat,Southeast,freezing_index,2070-2099,delta,mean,321.94074074074075,790.2333333333333,774.0907407407408
Yakutat,Southeast,freezing_index,2070-2099,delta,max,1198.1333333333332,790.2333333333333,774.0907407407408
Yakutat,Southeast,freezing_index,2070-2099,delta_mult_uncapped,min,0.0,790.2333333333333,774.0907407407408
Yakutat,Southeast,freezing_index,2070-2099,delta_mult_uncapped,mean,310.9401213313722,790.2333333333333,774.0907407407408
Yakutat,Southeast,freezing_index,2070-2099,delta_mult_uncapped,max,1217.1121264291705,790.2333333333333,774.0907407407408
Yakutat,Southeast,freezing_index,2070-2099,delta_mult_cap3x,min,0.0,790.2333333333333,774.0907407407408
Yakutat,Southeast,freezing_index,2070-2099,delta_mult_cap3x,mean,310.9401213313722,790.2333333333333,774.0907407407408
Yakutat,Southeast,freezing_index,2070-2099,delta_mult_cap3x,max,1217.1121264291705,790.2333333333333,774.0907407407408
Yakutat,Southeast,freezing_index,2070-2099,delta_mult_cap2x,min,0.0,790.2333333333333,774.0907407407408
Yakutat,Southeast,freezing_index,2070-2099,delta_mult_cap2x,mean,310.9401213313722,790.2333333333333,774.0907407407408
Yakutat,Southeast,freezing_index,2070-2099,delta_mult_cap2x,max,1217.1121264291705,790.2333333333333,774.0907407407408
Yakutat,Southeast,freezing_index,2070-2099,delta_mult_cap1.5x,min,0.0,790.2333333333333,774.0907407407408
Yakutat,Southeast,freezing_index,2070-2099,delta_mult_cap1.5x,mean,310.8813025787256,790.2333333333333,774.0907407407408
Yakutat,Southeast,freezing_index,2070-2099,delta_mult_cap1.5x,max,1185.35,790.2333333333333,774.0907407407408
Yakutat,Southeast,thawing_index,2010-2039,current,min,2762.0,3568.1666666666665,3647.768518518519
Yakutat,Southeast,thawing_index,2010-2039,current,mean,4090.935185185185,3568.1666666666665,3647.768518518519
Yakutat,Southeast,thawing_index,2010-2039,current,max,5560.0,3568.1666666666665,3647.768518518519
Yakutat,Southeast,thawing_index,2010-2039,delta,min,2691.3666666666663,3568.1666666666665,3647.768518518519
Yakutat,Southeast,thawing_index,2010-2039,delta,mean,4011.3333333333335,3568.1666666666665,3647.768518518519
Yakutat,Southeast,thawing_index,2010-2039,delta,max,5551.933333333333,3568.1666666666665,3647.768518518519
Yakutat,Southeast,thawing_index,2010-2039,delta_mult_uncapped,min,2717.734859193215,3568.1666666666665,3647.768518518519
Yakutat,Southeast,thawing_index,2010-2039,delta_mult_uncapped,mean,4001.8648228653838,3568.1666666666665,3647.768518518519
Yakutat,Southeast,thawing_index,2010-2039,delta_mult_uncapped,max,5547.458685581664,3568.1666666666665,3647.768518518519
Yakutat,Southeast,thawing_index,2010-2039,delta_mult_cap3x,min,2717.734859193215,3568.1666666666665,3647.768518518519
Yakutat,Southeast,thawing_index,2010-2039,delta_mult_cap3x,mean,4001.8648228653838,3568.1666666666665,3647.768518518519
Yakutat,Southeast,thawing_index,2010-2039,delta_mult_cap3x,max,5547.458685581664,3568.1666666666665,3647.768518518519
Yakutat,Southeast,thawing_index,2010-2039,delta_mult_cap2x,min,2717.734859193215,3568.1666666666665,3647.768518518519
Yakutat,Southeast,thawing_index,2010-2039,delta_mult_cap2x,mean,4001.8648228653838,3568.1666666666665,3647.768518518519
Yakutat,Southeast,thawing_index,2010-2039,delta_mult_cap2x,max,5547.458685581664,3568.1666666666665,3647.768518518519
Yakutat,Southeast,thawing_index,2010-2039,delta_mult_cap1.5x,min,2717.734859193215,3568.1666666666665,3647.768518518519
Yakutat,Southeast,thawing_index,2010-2039,delta_mult_cap1.5x,mean,4001.5033252994917,3568.1666666666665,3647.768518518519
Yakutat,Southeast,thawing_index,2010-2039,delta_mult_cap1.5x,max,5352.25,3568.1666666666665,3647.768518518519
Yakutat,Southeast,thawing_index,2040-2069,current,min,3177.0,3568.1666666666665,3647.768518518519
Yakutat,Southeast,thawing_index,2040-2069,current,mean,4688.470370370371,3568.1666666666665,3647.768518518519
Yakutat,Southeast,thawing_index,2040-2069,current,max,6579.0,3568.1666666666665,3647.768518518519
Yakutat,Southeast,thawing_index,2040-2069,delta,min,3090.1666666666665,3568.1666666666665,3647.768518518519
Yakutat,Southeast,thawing_index,2040-2069,delta,mean,4608.868518518519,3568.1666666666665,3647.768518518519
Yakutat,Southeast,thawing_index,2040-2069,delta,max,6470.133333333333,3568.1666666666665,3647.768518518519
Yakutat,Southeast,thawing_index,2040-2069,delta_mult_uncapped,min,3101.522708618331,3568.1666666666665,3647.768518518519
Yakutat,Southeast,thawing_index,2040-2069,delta_mult_uncapped,mean,4585.327641579043,3568.1666666666665,3647.768518518519
Yakutat,Southeast,thawing_index,2040-2069,delta_mult_uncapped,max,6384.214221609812,3568.1666666666665,3647.768518518519
Yakutat,Southeast,thawing_index,2040-2069,delta_mult_cap3x,min,3101.522708618331,3568.1666666666665,3647.768518518519
Yakutat,Southeast,thawing_index,2040-2069,delta_mult_cap3x,mean,4585.327641579043,3568.1666666666665,3647.768518518519
Yakutat,Southeast,thawing_index,2040-2069,delta_mult_cap3x,max,6384.214221609812,3568.1666666666665,3647.768518518519
Yakutat,Southeast,thawing_index,2040-2069,delta_mult_cap2x,min,3101.522708618331,3568.1666666666665,3647.768518518519
Yakutat,Southeast,thawing_index,2040-2069,delta_mult_cap2x,mean,4585.327641579043,3568.1666666666665,3647.768518518519
Yakutat,Southeast,thawing_index,2040-2069,delta_mult_cap2x,max,6384.214221609812,3568.1666666666665,3647.768518518519
Yakutat,Southeast,thawing_index,2040-2069,delta_mult_cap1.5x,min,3101.522708618331,3568.1666666666665,3647.768518518519
Yakutat,Southeast,thawing_index,2040-2069,delta_mult_cap1.5x,mean,4550.1880023381555,3568.1666666666665,3647.768518518519
Yakutat,Southeast,thawing_index,2040-2069,delta_mult_cap1.5x,max,5352.25,3568.1666666666665,3647.768518518519
Yakutat,Southeast,thawing_index,2070-2099,current,min,3245.0,3568.1666666666665,3647.768518518519
Yakutat,Southeast,thawing_index,2070-2099,current,mean,5243.15,3568.1666666666665,3647.768518518519
Yakutat,Southeast,thawing_index,2070-2099,current,max,7497.0,3568.1666666666665,3647.768518518519
Yakutat,Southeast,thawing_index,2070-2099,delta,min,3158.1666666666665,3568.1666666666665,3647.768518518519
Yakutat,Southeast,thawing_index,2070-2099,delta,mean,5163.548148148148,3568.1666666666665,3647.768518518519
Yakutat,Southeast,thawing_index,2070-2099,delta,max,7394.133333333333,3568.1666666666665,3647.768518518519
Yakutat,Southeast,thawing_index,2070-2099,delta_mult_uncapped,min,3167.907204742362,3568.1666666666665,3647.768518518519
Yakutat,Southeast,thawing_index,2070-2099,delta_mult_uncapped,mean,5126.039942908974,3568.1666666666665,3647.768518518519
Yakutat,Southeast,thawing_index,2070-2099,delta_mult_uncapped,max,7317.5656635936675,3568.1666666666665,3647.768518518519
Yakutat,Southeast,thawing_index,2070-2099,delta_mult_cap3x,min,3167.907204742362,3568.1666666666665,3647.768518518519
Yakutat,Southeast,thawing_index,2070-2099,delta_mult_cap3x,mean,5126.039942908974,3568.1666666666665,3647.768518518519
Yakutat,Southeast,thawing_index,2070-2099,delta_mult_cap3x,max,7317.5656635936675,3568.1666666666665,3647.768518518519
Yakutat,Southeast,thawing_index,2070-2099,delta_mult_cap2x,min,3167.907204742362,3568.1666666666665,3647.768518518519
Yakutat,Southeast,thawing_index,2070-2099,delta_mult_cap2x,mean,5125.605765347993,3568.1666666666665,3647.768518518519
Yakutat,Southeast,thawing_index,2070-2099,delta_mult_cap2x,max,7136.333333333333,3568.1666666666665,3647.768518518519
Yakutat,Southeast,thawing_index,2070-2099,delta_mult_cap1.5x,min,3167.907204742362,3568.1666666666665,3647.768518518519
Yakutat,Southeast,thawing_index,2070-2099,delta_mult_cap1.5x,mean,4883.825569473665,3568.1666666666665,3647.768518518519
Yakutat,Southeast,thawing_index,2070-2099,delta_mult_cap1.5x,max,5352.25,3568.1666666666665,3647.768518518519
Yakutat,Southeast,heating_degree_days,2010-2039,current,min,6617.0,9276.033333333333,9180.664814814816
Yakutat,Southeast,heating_degree_days,2010-2039,current,mean,8550.814814814816,9276.033333333333,9180.664814814816
Yakutat,Southeast,heating_degree_days,2010-2039,current,max,10703.0,9276.033333333333,9180.664814814816
Yakutat,Southeast,heating_degree_days,2010-2039,delta,min,6751.466666666665,9276.033333333333,9180.664814814816
Yakutat,Southeast,heating_degree_days,2010-2039,delta,mean,8646.183333333332,9276.033333333333,9180.664814814816
Yakutat,Southeast,heating_degree_days,2010-2039,delta,max,10799.466666666665,9276.033333333333,9180.664814814816
Yakutat,Southeast,heating_degree_days,2010-2039,delta_mult_uncapped,min,6714.331886948626,9276.033333333333,9180.664814814816
Yakutat,Southeast,heating_degree_days,2010-2039,delta_mult_uncapped,mean,8639.654158704177,9276.033333333333,9180.664814814816
Yakutat,Southeast,heating_degree_days,2010-2039,delta_mult_uncapped,max,10815.476195317859,9276.033333333333,9180.664814814816
Yakutat,Southeast,heating_degree_days,2010-2039,delta_mult_cap3x,min,6714.331886948626,9276.033333333333,9180.664814814816
Yakutat,Southeast,heating_degree_days,2010-2039,delta_mult_cap3x,mean,8639.654158704177,9276.033333333333,9180.664814814816
Yakutat,Southeast,heating_degree_days,2010-2039,delta_mult_cap3x,max,10815.476195317859,9276.033333333333,9180.664814814816
Yakutat,Southeast,heating_degree_days,2010-2039,delta_mult_cap2x,min,6714.331886948626,9276.033333333333,9180.664814814816
Yakutat,Southeast,heating_degree_days,2010-2039,delta_mult_cap2x,mean,8639.654158704177,9276.033333333333,9180.664814814816
Yakutat,Southeast,heating_degree_days,2010-2039,delta_mult_cap2x,max,10815.476195317859,9276.033333333333,9180.664814814816
Yakutat,Southeast,heating_degree_days,2010-2039,delta_mult_cap1.5x,min,6714.331886948626,9276.033333333333,9180.664814814816
Yakutat,Southeast,heating_degree_days,2010-2039,delta_mult_cap1.5x,mean,8639.654158704177,9276.033333333333,9180.664814814816
Yakutat,Southeast,heating_degree_days,2010-2039,delta_mult_cap1.5x,max,10815.476195317859,9276.033333333333,9180.664814814816
Yakutat,Southeast,heating_degree_days,2040-2069,current,min,5512.0,9276.033333333333,9180.664814814816
Yakutat,Southeast,heating_degree_days,2040-2069,current,mean,7790.327777777778,9276.033333333333,9180.664814814816
Yakutat,Southeast,heating_degree_days,2040-2069,current,max,10200.0,9276.033333333333,9180.664814814816
Yakutat,Southeast,heating_degree_days,2040-2069,delta,min,5646.466666666665,9276.033333333333,9180.664814814816
Yakutat,Southeast,heating_degree_days,2040-2069,delta,mean,7885.696296296296,9276.033333333333,9180.664814814816
Yakutat,Southeast,heating_degree_days,2040-2069,delta,max,10306.333333333332,9276.033333333333,9180.664814814816
Yakutat,Southeast,heating_degree_days,2040-2069,delta_mult_uncapped,min,5593.0780354935505,9276.033333333333,9180.664814814816
Yakutat,Southeast,heating_degree_days,2040-2069,delta_mult_uncapped,mean,7870.149596915894,9276.033333333333,9180.664814814816
Yakutat,Southeast,heating_degree_days,2040-2069,delta_mult_uncapped,max,10318.280859788214,9276.033333333333,9180.664814814816
Yakutat,Southeast,heating_degree_days,2040-2069,delta_mult_cap3x,min,5593.0780354935505,9276.033333333333,9180.664814814816
Yakutat,Southeast,heating_degree_days,2040-2069,delta_mult_cap3x,mean,7870.149596915894,9276.033333333333,9180.664814814816
Yakutat,Southeast,heating_degree_days,2040-2069,delta_mult_cap3x,max,10318.280859788214,9276.033333333333,9180.664814814816
Yakutat,Southeast,heating_degree_days,2040-2069,delta_mult_cap2x,min,5593.0780354935505,9276.033333333333,9180.664814814816
Yakutat,Southeast,heating_degree_days,2040-2069,delta_mult_cap2x,mean,7870.149596915894,9276.033333333333,9180.664814814816
Yakutat,Southeast,heating_degree_days,2040-2069,delta_mult_cap2x,max,10318.280859788214,9276.033333333333,9180.664814814816
Yakutat,Southeast,heating_degree_days,2040-2069,delta_mult_cap1.5x,min,5593.0780354935505,9276.033333333333,9180.664814814816
Yakutat,Southeast,heating_degree_days,2040-2069,delta_mult_cap1.5x,mean,7870.149596915894,9276.033333333333,9180.664814814816
Yakutat,Southeast,heating_degree_days,2040-2069,delta_mult_cap1.5x,max,10318.280859788214,9276.033333333333,9180.664814814816
Yakutat,Southeast,heating_degree_days,2070-2099,current,min,4570.0,9276.033333333333,9180.664814814816
Yakutat,Southeast,heating_degree_days,2070-2099,current,mean,7136.029629629629,9276.033333333333,9180.664814814816
Yakutat,Southeast,heating_degree_days,2070-2099,current,max,9636.0,9276.033333333333,9180.664814814816
Yakutat,Southeast,heating_degree_days,2070-2099,delta,min,4813.4,9276.033333333333,9180.664814814816
Yakutat,Southeast,heating_degree_days,2070-2099,delta,mean,7231.398148148147,9276.033333333333,9180.664814814816
Yakutat,Southeast,heating_degree_days,2070-2099,delta,max,9758.0,9276.033333333333,9180.664814814816
Yakutat,Southeast,heating_degree_days,2070-2099,delta_mult_uncapped,min,4693.14659069522,9276.033333333333,9180.664814814816
Yakutat,Southeast,heating_degree_days,2070-2099,delta_mult_uncapped,mean,7208.081615317335,9276.033333333333,9180.664814814816
Yakutat,Southeast,heating_degree_days,2070-2099,delta_mult_uncapped,max,9764.423390782207,9276.033333333333,9180.664814814816
Yakutat,Southeast,heating_degree_days,2070-2099,delta_mult_cap3x,min,4693.14659069522,9276.033333333333,9180.664814814816
Yakutat,Southeast,heating_degree_days,2070-2099,delta_mult_cap3x,mean,7208.081615317335,9276.033333333333,9180.664814814816
Yakutat,Southeast,heating_degree_days,2070-2099,delta_mult_cap3x,max,9764.423390782207,9276.033333333333,9180.664814814816
Yakutat,Southeast,heating_degree_days,2070-2099,delta_mult_cap2x,min,4693.14659069522,9276.033333333333,9180.664814814816
Yakutat,Southeast,heating_degree_days,2070-2099,delta_mult_cap2x,mean,7208.081615317335,9276.033333333333,9180.664814814816
Yakutat,Southeast,heating_degree_days,2070-2099,delta_mult_cap2x,max,9764.423390782207,9276.033333333333,9180.664814814816
Yakutat,Southeast,heating_degree_days,2070-2099,delta_mult_cap1.5x,min,4693.14659069522,9276.033333333333,9180.664814814816
Yakutat,Southeast,heating_degree_days,2070-2099,delta_mult_cap1.5x,mean,7208.081615317335,9276.033333333333,9180.664814814816
Yakutat,Southeast,heating_degree_days,2070-2099,delta_mult_cap1.5x,max,9764.423390782207,9276.033333333333,9180.664814814816
